Utilisation des paramètres de lancement à partir de C:\Users\kalaouimrani\SPARKS\sparks-backend\Sparks.Api\Properties\launchSettings.json...
Génération...
info: Microsoft.EntityFrameworkCore.Database.Command[20101]
      Executed DbCommand (135ms) [Parameters=[], CommandType='Text', CommandTimeout='30']
      SELECT 1
info: Microsoft.EntityFrameworkCore.Migrations[20411]
      Acquiring an exclusive lock for migration application. See https://aka.ms/efcore-docs-migrations-lock for more information if this takes too long.
info: Microsoft.EntityFrameworkCore.Database.Command[20101]
      Executed DbCommand (471ms) [Parameters=[], CommandType='Text', CommandTimeout='30']
      DECLARE @result int;
      EXEC @result = sp_getapplock @Resource = '__EFMigrationsLock', @LockOwner = 'Session', @LockMode = 'Exclusive';
      SELECT @result
info: Microsoft.EntityFrameworkCore.Database.Command[20101]
      Executed DbCommand (48ms) [Parameters=[], CommandType='Text', CommandTimeout='30']
      IF OBJECT_ID(N'[__EFMigrationsHistory]') IS NULL
      BEGIN
          CREATE TABLE [__EFMigrationsHistory] (
              [MigrationId] nvarchar(150) NOT NULL,
              [ProductVersion] nvarchar(32) NOT NULL,
              CONSTRAINT [PK___EFMigrationsHistory] PRIMARY KEY ([MigrationId])
          );
      END;
info: Microsoft.EntityFrameworkCore.Database.Command[20101]
      Executed DbCommand (3ms) [Parameters=[], CommandType='Text', CommandTimeout='30']
      SELECT 1
info: Microsoft.EntityFrameworkCore.Database.Command[20101]
      Executed DbCommand (3ms) [Parameters=[], CommandType='Text', CommandTimeout='30']
      SELECT OBJECT_ID(N'[__EFMigrationsHistory]');
info: Microsoft.EntityFrameworkCore.Database.Command[20101]
      Executed DbCommand (58ms) [Parameters=[], CommandType='Text', CommandTimeout='30']
      SELECT [MigrationId], [ProductVersion]
      FROM [__EFMigrationsHistory]
      ORDER BY [MigrationId];
info: Microsoft.EntityFrameworkCore.Migrations[20405]
      No migrations were applied. The database is already up to date.
info: Microsoft.EntityFrameworkCore.Database.Command[20101]
      Executed DbCommand (37ms) [Parameters=[], CommandType='Text', CommandTimeout='30']
      DECLARE @result int;
      EXEC @result = sp_releaseapplock @Resource = '__EFMigrationsLock', @LockOwner = 'Session';
      SELECT @result
info: Microsoft.EntityFrameworkCore.Database.Command[20101]
      Executed DbCommand (337ms) [Parameters=[@normalizedName='?' (Size = 256)], CommandType='Text', CommandTimeout='30']
      SELECT TOP(1) [a].[Id], [a].[ConcurrencyStamp], [a].[Name], [a].[NormalizedName]
      FROM [AspNetRoles] AS [a]
      WHERE [a].[NormalizedName] = @normalizedName
info: Microsoft.EntityFrameworkCore.Database.Command[20101]
      Executed DbCommand (21ms) [Parameters=[@normalizedName='?' (Size = 256)], CommandType='Text', CommandTimeout='30']
      SELECT TOP(1) [a].[Id], [a].[ConcurrencyStamp], [a].[Name], [a].[NormalizedName]
      FROM [AspNetRoles] AS [a]
      WHERE [a].[NormalizedName] = @normalizedName
info: Microsoft.EntityFrameworkCore.Database.Command[20101]
      Executed DbCommand (6ms) [Parameters=[@normalizedName='?' (Size = 256)], CommandType='Text', CommandTimeout='30']
      SELECT TOP(1) [a].[Id], [a].[ConcurrencyStamp], [a].[Name], [a].[NormalizedName]
      FROM [AspNetRoles] AS [a]
      WHERE [a].[NormalizedName] = @normalizedName
info: Microsoft.EntityFrameworkCore.Database.Command[20101]
      Executed DbCommand (2ms) [Parameters=[@normalizedName='?' (Size = 256)], CommandType='Text', CommandTimeout='30']
      SELECT TOP(1) [a].[Id], [a].[ConcurrencyStamp], [a].[Name], [a].[NormalizedName]
      FROM [AspNetRoles] AS [a]
      WHERE [a].[NormalizedName] = @normalizedName
info: Microsoft.EntityFrameworkCore.Database.Command[20101]
      Executed DbCommand (13ms) [Parameters=[@normalizedName='?' (Size = 256)], CommandType='Text', CommandTimeout='30']
      SELECT TOP(1) [a].[Id], [a].[ConcurrencyStamp], [a].[Name], [a].[NormalizedName]
      FROM [AspNetRoles] AS [a]
      WHERE [a].[NormalizedName] = @normalizedName
info: Microsoft.EntityFrameworkCore.Database.Command[20101]
      Executed DbCommand (13ms) [Parameters=[], CommandType='Text', CommandTimeout='30']
      SELECT CASE
          WHEN EXISTS (
              SELECT 1
              FROM [AspNetUsers] AS [a]) THEN CAST(1 AS bit)
          ELSE CAST(0 AS bit)
      END
info: Microsoft.EntityFrameworkCore.Database.Command[20101]
      Executed DbCommand (14ms) [Parameters=[@warningCutoff='?' (DbType = DateTime2)], CommandType='Text', CommandTimeout='30']
      SELECT [t].[Id], [t].[AiSuggestedRoute], [t].[ApplicantFirstName], [t].[ApplicantId], [t].[ApplicantLastName], [t].[Application], [t].[AssigneeId], [t].[ClosingDate], [t].[CreatedAtUtc], [t].[Description], [t].[DomainId], [t].[EcrNumber], [t].[EnglishAccepted], [t].[JiraLink], [t].[LastSyncDate], [t].[Level], [t].[ModuleId], [t].[PartNumber], [t].[Priority], [t].[ReactivityDuration], [t].[ReferenceKZ], [t].[ReferenceSTLA], [t].[ResolvedAtUtc], [t].[SiteId], [t].[SlaDeadlineUtc], [t].[SourceSystemId], [t].[Status], [t].[SubModule], [t].[Summary], [t].[Title]
      FROM [Tickets] AS [t]
      WHERE [t].[AssigneeId] IS NOT NULL AND [t].[Status] IN (1, 2) AND [t].[SlaDeadlineUtc] <= @warningCutoff
info: Microsoft.Hosting.Lifetime[14]
      Now listening on: https://localhost:7188
info: Microsoft.Hosting.Lifetime[14]
      Now listening on: http://localhost:5003
info: Microsoft.Hosting.Lifetime[0]
      Application started. Press Ctrl+C to shut down.
info: Microsoft.Hosting.Lifetime[0]
      Hosting environment: Development
info: Microsoft.Hosting.Lifetime[0]
      Content root path: C:\Users\kalaouimrani\SPARKS\sparks-backend\Sparks.Api
info: Microsoft.EntityFrameworkCore.Database.Command[20101]
      Executed DbCommand (8ms) [Parameters=[@_8__locals1_ticket_Id='?' (DbType = Guid), @_8__locals1_ticket_AssigneeId='?' (DbType = Guid), @type='?' (Size = 255)], CommandType='Text', CommandTimeout='30']
      SELECT CASE
          WHEN EXISTS (
              SELECT 1
              FROM [Notifications] AS [n]
              WHERE [n].[TicketId] = @_8__locals1_ticket_Id AND [n].[UserId] = @_8__locals1_ticket_AssigneeId AND [n].[Type] = @type) THEN CAST(1 AS bit)
          ELSE CAST(0 AS bit)
      END
info: Microsoft.EntityFrameworkCore.Database.Command[20101]
      Executed DbCommand (1ms) [Parameters=[@_8__locals1_ticket_Id='?' (DbType = Guid), @_8__locals1_ticket_AssigneeId='?' (DbType = Guid), @type='?' (Size = 255)], CommandType='Text', CommandTimeout='30']
      SELECT CASE
          WHEN EXISTS (
              SELECT 1
              FROM [Notifications] AS [n]
              WHERE [n].[TicketId] = @_8__locals1_ticket_Id AND [n].[UserId] = @_8__locals1_ticket_AssigneeId AND [n].[Type] = @type) THEN CAST(1 AS bit)
          ELSE CAST(0 AS bit)
      END
info: Microsoft.EntityFrameworkCore.Database.Command[20101]
      Executed DbCommand (1ms) [Parameters=[@_8__locals1_ticket_Id='?' (DbType = Guid), @_8__locals1_ticket_AssigneeId='?' (DbType = Guid), @type='?' (Size = 255)], CommandType='Text', CommandTimeout='30']
      SELECT CASE
          WHEN EXISTS (
              SELECT 1
              FROM [Notifications] AS [n]
              WHERE [n].[TicketId] = @_8__locals1_ticket_Id AND [n].[UserId] = @_8__locals1_ticket_AssigneeId AND [n].[Type] = @type) THEN CAST(1 AS bit)
          ELSE CAST(0 AS bit)
      END
info: Microsoft.EntityFrameworkCore.Database.Command[20101]
      Executed DbCommand (0ms) [Parameters=[@_8__locals1_ticket_Id='?' (DbType = Guid), @_8__locals1_ticket_AssigneeId='?' (DbType = Guid), @type='?' (Size = 255)], CommandType='Text', CommandTimeout='30']
      SELECT CASE
          WHEN EXISTS (
              SELECT 1
              FROM [Notifications] AS [n]
              WHERE [n].[TicketId] = @_8__locals1_ticket_Id AND [n].[UserId] = @_8__locals1_ticket_AssigneeId AND [n].[Type] = @type) THEN CAST(1 AS bit)
          ELSE CAST(0 AS bit)
      END
info: Microsoft.EntityFrameworkCore.Database.Command[20101]
      Executed DbCommand (0ms) [Parameters=[@_8__locals1_ticket_Id='?' (DbType = Guid), @_8__locals1_ticket_AssigneeId='?' (DbType = Guid), @type='?' (Size = 255)], CommandType='Text', CommandTimeout='30']
      SELECT CASE
          WHEN EXISTS (
              SELECT 1
              FROM [Notifications] AS [n]
              WHERE [n].[TicketId] = @_8__locals1_ticket_Id AND [n].[UserId] = @_8__locals1_ticket_AssigneeId AND [n].[Type] = @type) THEN CAST(1 AS bit)
          ELSE CAST(0 AS bit)
      END
info: Microsoft.EntityFrameworkCore.Database.Command[20101]
      Executed DbCommand (1ms) [Parameters=[@_8__locals1_ticket_Id='?' (DbType = Guid), @_8__locals1_ticket_AssigneeId='?' (DbType = Guid), @type='?' (Size = 255)], CommandType='Text', CommandTimeout='30']
      SELECT CASE
          WHEN EXISTS (
              SELECT 1
              FROM [Notifications] AS [n]
              WHERE [n].[TicketId] = @_8__locals1_ticket_Id AND [n].[UserId] = @_8__locals1_ticket_AssigneeId AND [n].[Type] = @type) THEN CAST(1 AS bit)
          ELSE CAST(0 AS bit)
      END
info: Microsoft.EntityFrameworkCore.Database.Command[20101]
      Executed DbCommand (1ms) [Parameters=[@_8__locals1_ticket_Id='?' (DbType = Guid), @_8__locals1_ticket_AssigneeId='?' (DbType = Guid), @type='?' (Size = 255)], CommandType='Text', CommandTimeout='30']
      SELECT CASE
          WHEN EXISTS (
              SELECT 1
              FROM [Notifications] AS [n]
              WHERE [n].[TicketId] = @_8__locals1_ticket_Id AND [n].[UserId] = @_8__locals1_ticket_AssigneeId AND [n].[Type] = @type) THEN CAST(1 AS bit)
          ELSE CAST(0 AS bit)
      END
info: Microsoft.EntityFrameworkCore.Database.Command[20101]
      Executed DbCommand (1ms) [Parameters=[@_8__locals1_ticket_Id='?' (DbType = Guid), @_8__locals1_ticket_AssigneeId='?' (DbType = Guid), @type='?' (Size = 255)], CommandType='Text', CommandTimeout='30']
      SELECT CASE
          WHEN EXISTS (
              SELECT 1
              FROM [Notifications] AS [n]
              WHERE [n].[TicketId] = @_8__locals1_ticket_Id AND [n].[UserId] = @_8__locals1_ticket_AssigneeId AND [n].[Type] = @type) THEN CAST(1 AS bit)
          ELSE CAST(0 AS bit)
      END
info: Microsoft.EntityFrameworkCore.Database.Command[20101]
      Executed DbCommand (0ms) [Parameters=[@_8__locals1_ticket_Id='?' (DbType = Guid), @_8__locals1_ticket_AssigneeId='?' (DbType = Guid), @type='?' (Size = 255)], CommandType='Text', CommandTimeout='30']
      SELECT CASE
          WHEN EXISTS (
              SELECT 1
              FROM [Notifications] AS [n]
              WHERE [n].[TicketId] = @_8__locals1_ticket_Id AND [n].[UserId] = @_8__locals1_ticket_AssigneeId AND [n].[Type] = @type) THEN CAST(1 AS bit)
          ELSE CAST(0 AS bit)
      END
info: Microsoft.EntityFrameworkCore.Database.Command[20101]
      Executed DbCommand (1ms) [Parameters=[@_8__locals1_ticket_Id='?' (DbType = Guid), @_8__locals1_ticket_AssigneeId='?' (DbType = Guid), @type='?' (Size = 255)], CommandType='Text', CommandTimeout='30']
      SELECT CASE
          WHEN EXISTS (
              SELECT 1
              FROM [Notifications] AS [n]
              WHERE [n].[TicketId] = @_8__locals1_ticket_Id AND [n].[UserId] = @_8__locals1_ticket_AssigneeId AND [n].[Type] = @type) THEN CAST(1 AS bit)
          ELSE CAST(0 AS bit)
      END
info: Microsoft.EntityFrameworkCore.Database.Command[20101]
      Executed DbCommand (0ms) [Parameters=[@_8__locals1_ticket_Id='?' (DbType = Guid), @_8__locals1_ticket_AssigneeId='?' (DbType = Guid), @type='?' (Size = 255)], CommandType='Text', CommandTimeout='30']
      SELECT CASE
          WHEN EXISTS (
              SELECT 1
              FROM [Notifications] AS [n]
              WHERE [n].[TicketId] = @_8__locals1_ticket_Id AND [n].[UserId] = @_8__locals1_ticket_AssigneeId AND [n].[Type] = @type) THEN CAST(1 AS bit)
          ELSE CAST(0 AS bit)
      END
info: Microsoft.EntityFrameworkCore.Database.Command[20101]
      Executed DbCommand (0ms) [Parameters=[@_8__locals1_ticket_Id='?' (DbType = Guid), @_8__locals1_ticket_AssigneeId='?' (DbType = Guid), @type='?' (Size = 255)], CommandType='Text', CommandTimeout='30']
      SELECT CASE
          WHEN EXISTS (
              SELECT 1
              FROM [Notifications] AS [n]
              WHERE [n].[TicketId] = @_8__locals1_ticket_Id AND [n].[UserId] = @_8__locals1_ticket_AssigneeId AND [n].[Type] = @type) THEN CAST(1 AS bit)
          ELSE CAST(0 AS bit)
      END
info: Microsoft.EntityFrameworkCore.Database.Command[20101]
      Executed DbCommand (0ms) [Parameters=[@_8__locals1_ticket_Id='?' (DbType = Guid), @_8__locals1_ticket_AssigneeId='?' (DbType = Guid), @type='?' (Size = 255)], CommandType='Text', CommandTimeout='30']
      SELECT CASE
          WHEN EXISTS (
              SELECT 1
              FROM [Notifications] AS [n]
              WHERE [n].[TicketId] = @_8__locals1_ticket_Id AND [n].[UserId] = @_8__locals1_ticket_AssigneeId AND [n].[Type] = @type) THEN CAST(1 AS bit)
          ELSE CAST(0 AS bit)
      END
info: Microsoft.EntityFrameworkCore.Database.Command[20101]
      Executed DbCommand (1ms) [Parameters=[@_8__locals1_ticket_Id='?' (DbType = Guid), @_8__locals1_ticket_AssigneeId='?' (DbType = Guid), @type='?' (Size = 255)], CommandType='Text', CommandTimeout='30']
      SELECT CASE
          WHEN EXISTS (
              SELECT 1
              FROM [Notifications] AS [n]
              WHERE [n].[TicketId] = @_8__locals1_ticket_Id AND [n].[UserId] = @_8__locals1_ticket_AssigneeId AND [n].[Type] = @type) THEN CAST(1 AS bit)
          ELSE CAST(0 AS bit)
      END
info: Microsoft.EntityFrameworkCore.Database.Command[20101]
      Executed DbCommand (1ms) [Parameters=[@_8__locals1_ticket_Id='?' (DbType = Guid), @_8__locals1_ticket_AssigneeId='?' (DbType = Guid), @type='?' (Size = 255)], CommandType='Text', CommandTimeout='30']
      SELECT CASE
          WHEN EXISTS (
              SELECT 1
              FROM [Notifications] AS [n]
              WHERE [n].[TicketId] = @_8__locals1_ticket_Id AND [n].[UserId] = @_8__locals1_ticket_AssigneeId AND [n].[Type] = @type) THEN CAST(1 AS bit)
          ELSE CAST(0 AS bit)
      END
info: Microsoft.EntityFrameworkCore.Database.Command[20101]
      Executed DbCommand (1ms) [Parameters=[@_8__locals1_ticket_Id='?' (DbType = Guid), @_8__locals1_ticket_AssigneeId='?' (DbType = Guid), @type='?' (Size = 255)], CommandType='Text', CommandTimeout='30']
      SELECT CASE
          WHEN EXISTS (
              SELECT 1
              FROM [Notifications] AS [n]
              WHERE [n].[TicketId] = @_8__locals1_ticket_Id AND [n].[UserId] = @_8__locals1_ticket_AssigneeId AND [n].[Type] = @type) THEN CAST(1 AS bit)
          ELSE CAST(0 AS bit)
      END
info: Microsoft.EntityFrameworkCore.Database.Command[20101]
      Executed DbCommand (1ms) [Parameters=[@_8__locals1_ticket_Id='?' (DbType = Guid), @_8__locals1_ticket_AssigneeId='?' (DbType = Guid), @type='?' (Size = 255)], CommandType='Text', CommandTimeout='30']
      SELECT CASE
          WHEN EXISTS (
              SELECT 1
              FROM [Notifications] AS [n]
              WHERE [n].[TicketId] = @_8__locals1_ticket_Id AND [n].[UserId] = @_8__locals1_ticket_AssigneeId AND [n].[Type] = @type) THEN CAST(1 AS bit)
          ELSE CAST(0 AS bit)
      END
info: Microsoft.EntityFrameworkCore.Database.Command[20101]
      Executed DbCommand (2ms) [Parameters=[@_8__locals1_ticket_Id='?' (DbType = Guid), @_8__locals1_ticket_AssigneeId='?' (DbType = Guid), @type='?' (Size = 255)], CommandType='Text', CommandTimeout='30']
      SELECT CASE
          WHEN EXISTS (
              SELECT 1
              FROM [Notifications] AS [n]
              WHERE [n].[TicketId] = @_8__locals1_ticket_Id AND [n].[UserId] = @_8__locals1_ticket_AssigneeId AND [n].[Type] = @type) THEN CAST(1 AS bit)
          ELSE CAST(0 AS bit)
      END
info: Microsoft.EntityFrameworkCore.Database.Command[20101]
      Executed DbCommand (1ms) [Parameters=[@_8__locals1_ticket_Id='?' (DbType = Guid), @_8__locals1_ticket_AssigneeId='?' (DbType = Guid), @type='?' (Size = 255)], CommandType='Text', CommandTimeout='30']
      SELECT CASE
          WHEN EXISTS (
              SELECT 1
              FROM [Notifications] AS [n]
              WHERE [n].[TicketId] = @_8__locals1_ticket_Id AND [n].[UserId] = @_8__locals1_ticket_AssigneeId AND [n].[Type] = @type) THEN CAST(1 AS bit)
          ELSE CAST(0 AS bit)
      END
info: Microsoft.EntityFrameworkCore.Database.Command[20101]
      Executed DbCommand (1ms) [Parameters=[@_8__locals1_ticket_Id='?' (DbType = Guid), @_8__locals1_ticket_AssigneeId='?' (DbType = Guid), @type='?' (Size = 255)], CommandType='Text', CommandTimeout='30']
      SELECT CASE
          WHEN EXISTS (
              SELECT 1
              FROM [Notifications] AS [n]
              WHERE [n].[TicketId] = @_8__locals1_ticket_Id AND [n].[UserId] = @_8__locals1_ticket_AssigneeId AND [n].[Type] = @type) THEN CAST(1 AS bit)
          ELSE CAST(0 AS bit)
      END
info: Microsoft.EntityFrameworkCore.Database.Command[20101]
      Executed DbCommand (1ms) [Parameters=[@_8__locals1_ticket_Id='?' (DbType = Guid), @_8__locals1_ticket_AssigneeId='?' (DbType = Guid), @type='?' (Size = 255)], CommandType='Text', CommandTimeout='30']
      SELECT CASE
          WHEN EXISTS (
              SELECT 1
              FROM [Notifications] AS [n]
              WHERE [n].[TicketId] = @_8__locals1_ticket_Id AND [n].[UserId] = @_8__locals1_ticket_AssigneeId AND [n].[Type] = @type) THEN CAST(1 AS bit)
          ELSE CAST(0 AS bit)
      END
info: Microsoft.EntityFrameworkCore.Database.Command[20101]
      Executed DbCommand (1ms) [Parameters=[@_8__locals1_ticket_Id='?' (DbType = Guid), @_8__locals1_ticket_AssigneeId='?' (DbType = Guid), @type='?' (Size = 255)], CommandType='Text', CommandTimeout='30']
      SELECT CASE
          WHEN EXISTS (
              SELECT 1
              FROM [Notifications] AS [n]
              WHERE [n].[TicketId] = @_8__locals1_ticket_Id AND [n].[UserId] = @_8__locals1_ticket_AssigneeId AND [n].[Type] = @type) THEN CAST(1 AS bit)
          ELSE CAST(0 AS bit)
      END
info: Microsoft.EntityFrameworkCore.Database.Command[20101]
      Executed DbCommand (11ms) [Parameters=[@userId='?' (DbType = Guid)], CommandType='Text', CommandTimeout='30']
      SELECT [t].[Status]
      FROM [Tickets] AS [t]
      WHERE [t].[AssigneeId] = @userId
info: Microsoft.EntityFrameworkCore.Database.Command[20101]
      Executed DbCommand (10ms) [Parameters=[@CurrentUserId='?' (DbType = Guid)], CommandType='Text', CommandTimeout='30']
      SELECT COUNT(*)
      FROM [Notifications] AS [n]
      WHERE [n].[UserId] = @CurrentUserId AND [n].[Read] = CAST(0 AS bit)
info: Microsoft.EntityFrameworkCore.Database.Command[20101]
      Executed DbCommand (42ms) [Parameters=[], CommandType='Text', CommandTimeout='30']
      SELECT [t].[Id], [t].[AiSuggestedRoute], [t].[ApplicantFirstName], [t].[ApplicantId], [t].[ApplicantLastName], [t].[Application], [t].[AssigneeId], [t].[ClosingDate], [t].[CreatedAtUtc], [t].[Description], [t].[DomainId], [t].[EcrNumber], [t].[EnglishAccepted], [t].[JiraLink], [t].[LastSyncDate], [t].[Level], [t].[ModuleId], [t].[PartNumber], [t].[Priority], [t].[ReactivityDuration], [t].[ReferenceKZ], [t].[ReferenceSTLA], [t].[ResolvedAtUtc], [t].[SiteId], [t].[SlaDeadlineUtc], [t].[SourceSystemId], [t].[Status], [t].[SubModule], [t].[Summary], [t].[Title], [d].[Id], [d].[CreatedAtUtc], [d].[Description], [d].[Name], [s].[Id], [s].[ApiEndpoint], [s].[CreatedAtUtc], [s].[LastImportDate], [s].[Name]
      FROM [Tickets] AS [t]
      LEFT JOIN [Domains] AS [d] ON [t].[DomainId] = [d].[Id]
      INNER JOIN [SourceSystems] AS [s] ON [t].[SourceSystemId] = [s].[Id]
      WHERE [t].[Status] = 0 AND [t].[AssigneeId] IS NULL
      ORDER BY [t].[CreatedAtUtc] DESC
info: Microsoft.EntityFrameworkCore.Database.Command[20101]
      Executed DbCommand (29ms) [Parameters=[@userId='?' (DbType = Guid)], CommandType='Text', CommandTimeout='30']
      SELECT [t].[Id], [t].[AiSuggestedRoute], [t].[ApplicantFirstName], [t].[ApplicantId], [t].[ApplicantLastName], [t].[Application], [t].[AssigneeId], [t].[ClosingDate], [t].[CreatedAtUtc], [t].[Description], [t].[DomainId], [t].[EcrNumber], [t].[EnglishAccepted], [t].[JiraLink], [t].[LastSyncDate], [t].[Level], [t].[ModuleId], [t].[PartNumber], [t].[Priority], [t].[ReactivityDuration], [t].[ReferenceKZ], [t].[ReferenceSTLA], [t].[ResolvedAtUtc], [t].[SiteId], [t].[SlaDeadlineUtc], [t].[SourceSystemId], [t].[Status], [t].[SubModule], [t].[Summary], [t].[Title], [d].[Id], [d].[CreatedAtUtc], [d].[Description], [d].[Name], [s].[Id], [s].[ApiEndpoint], [s].[CreatedAtUtc], [s].[LastImportDate], [s].[Name]
      FROM [Tickets] AS [t]
      LEFT JOIN [Domains] AS [d] ON [t].[DomainId] = [d].[Id]
      INNER JOIN [SourceSystems] AS [s] ON [t].[SourceSystemId] = [s].[Id]
      WHERE [t].[AssigneeId] = @userId
      ORDER BY [t].[CreatedAtUtc] DESC
info: Microsoft.EntityFrameworkCore.Database.Command[20101]
      Executed DbCommand (23ms) [Parameters=[@CurrentUserId='?' (DbType = Guid)], CommandType='Text', CommandTimeout='30']
      SELECT COUNT(*)
      FROM [Notifications] AS [n]
      WHERE [n].[UserId] = @CurrentUserId AND [n].[Read] = CAST(0 AS bit)
warn: Microsoft.EntityFrameworkCore.Query[20504]
      Compiling a query which loads related collections for more than one collection navigation, either via 'Include' or through projection, but no 'QuerySplittingBehavior' has been configured. By default, Entity Framework will use 'QuerySplittingBehavior.SingleQuery', which can potentially result in slow query performance. See https://go.microsoft.com/fwlink/?linkid=2134277 for more information. To identify the query that's triggering this warning call 'ConfigureWarnings(w => w.Throw(RelationalEventId.MultipleCollectionIncludeWarning))'.
info: Microsoft.EntityFrameworkCore.Database.Command[20101]
      Executed DbCommand (39ms) [Parameters=[@CurrentUserId='?' (DbType = Guid)], CommandType='Text', CommandTimeout='30']
      SELECT COUNT(*)
      FROM [Notifications] AS [n]
      WHERE [n].[UserId] = @CurrentUserId AND [n].[Read] = CAST(0 AS bit)
info: Microsoft.EntityFrameworkCore.Database.Command[20101]
      Executed DbCommand (25ms) [Parameters=[@userId='?' (DbType = Guid)], CommandType='Text', CommandTimeout='30']
      SELECT [t].[Id], [t].[AiSuggestedRoute], [t].[ApplicantFirstName], [t].[ApplicantId], [t].[ApplicantLastName], [t].[Application], [t].[AssigneeId], [t].[ClosingDate], [t].[CreatedAtUtc], [t].[Description], [t].[DomainId], [t].[EcrNumber], [t].[EnglishAccepted], [t].[JiraLink], [t].[LastSyncDate], [t].[Level], [t].[ModuleId], [t].[PartNumber], [t].[Priority], [t].[ReactivityDuration], [t].[ReferenceKZ], [t].[ReferenceSTLA], [t].[ResolvedAtUtc], [t].[SiteId], [t].[SlaDeadlineUtc], [t].[SourceSystemId], [t].[Status], [t].[SubModule], [t].[Summary], [t].[Title], [d].[Id], [d].[CreatedAtUtc], [d].[Description], [d].[Name], [s].[Id], [s].[ApiEndpoint], [s].[CreatedAtUtc], [s].[LastImportDate], [s].[Name]
      FROM [Tickets] AS [t]
      LEFT JOIN [Domains] AS [d] ON [t].[DomainId] = [d].[Id]
      INNER JOIN [SourceSystems] AS [s] ON [t].[SourceSystemId] = [s].[Id]
      WHERE [t].[AssigneeId] = @userId
      ORDER BY [t].[CreatedAtUtc] DESC
info: Microsoft.EntityFrameworkCore.Database.Command[20101]
      Executed DbCommand (16ms) [Parameters=[@userId='?' (DbType = Guid)], CommandType='Text', CommandTimeout='30']
      SELECT [t].[Status]
      FROM [Tickets] AS [t]
      WHERE [t].[AssigneeId] = @userId
info: Microsoft.EntityFrameworkCore.Database.Command[20101]
      Executed DbCommand (68ms) [Parameters=[], CommandType='Text', CommandTimeout='30']
      SELECT [t].[Id], [t].[AiSuggestedRoute], [t].[ApplicantFirstName], [t].[ApplicantId], [t].[ApplicantLastName], [t].[Application], [t].[AssigneeId], [t].[ClosingDate], [t].[CreatedAtUtc], [t].[Description], [t].[DomainId], [t].[EcrNumber], [t].[EnglishAccepted], [t].[JiraLink], [t].[LastSyncDate], [t].[Level], [t].[ModuleId], [t].[PartNumber], [t].[Priority], [t].[ReactivityDuration], [t].[ReferenceKZ], [t].[ReferenceSTLA], [t].[ResolvedAtUtc], [t].[SiteId], [t].[SlaDeadlineUtc], [t].[SourceSystemId], [t].[Status], [t].[SubModule], [t].[Summary], [t].[Title], [d].[Id], [d].[CreatedAtUtc], [d].[Description], [d].[Name], [s].[Id], [s].[ApiEndpoint], [s].[CreatedAtUtc], [s].[LastImportDate], [s].[Name]
      FROM [Tickets] AS [t]
      LEFT JOIN [Domains] AS [d] ON [t].[DomainId] = [d].[Id]
      INNER JOIN [SourceSystems] AS [s] ON [t].[SourceSystemId] = [s].[Id]
      WHERE [t].[Status] = 0 AND [t].[AssigneeId] IS NULL
      ORDER BY [t].[CreatedAtUtc] DESC
info: Microsoft.EntityFrameworkCore.Database.Command[20101]
      Executed DbCommand (21,943ms) [Parameters=[@referenceKz='?' (Size = 255)], CommandType='Text', CommandTimeout='30']
      SELECT [s1].[Id], [s1].[AiSuggestedRoute], [s1].[ApplicantFirstName], [s1].[ApplicantId], [s1].[ApplicantLastName], [s1].[Application], [s1].[AssigneeId], [s1].[ClosingDate], [s1].[CreatedAtUtc], [s1].[Description], [s1].[DomainId], [s1].[EcrNumber], [s1].[EnglishAccepted], [s1].[JiraLink], [s1].[LastSyncDate], [s1].[Level], [s1].[ModuleId], [s1].[PartNumber], [s1].[Priority], [s1].[ReactivityDuration], [s1].[ReferenceKZ], [s1].[ReferenceSTLA], [s1].[ResolvedAtUtc], [s1].[SiteId], [s1].[SlaDeadlineUtc], [s1].[SourceSystemId], [s1].[Status], [s1].[SubModule], [s1].[Summary], [s1].[Title], [s1].[Id0], [s1].[AccessFailedCount], [s1].[AltenId], [s1].[Availability], [s1].[AvatarColor], [s1].[ConcurrencyStamp], [s1].[CreatedAt], [s1].[Email], [s1].[EmailConfirmed], [s1].[EmailStellantis], [s1].[FirstName], [s1].[IdStellantis], [s1].[Languages], [s1].[LastName], [s1].[LockoutEnabled], [s1].[LockoutEnd], [s1].[MustChangePassword], [s1].[NormalizedEmail], [s1].[NormalizedUserName], [s1].[PasswordHash], [s1].[PasswordResetCode], [s1].[PasswordResetCodeExpiresAtUtc], [s1].[PhoneNumber], [s1].[PhoneNumberConfirmed], [s1].[ProfilePhotoUrl], [s1].[Role], [s1].[SecurityStamp], [s1].[Status0], [s1].[TeamId], [s1].[TwoFactorEnabled], [s1].[UserName], [s1].[Id1], [s1].[CreatedAtUtc0], [s1].[Description0], [s1].[Name], [s1].[Id2], [s1].[CreatedAtUtc1], [s1].[Location], [s1].[Name0], [s1].[Id3], [s1].[ApiEndpoint], [s1].[CreatedAtUtc2], [s1].[LastImportDate], [s1].[Name1], [s1].[Id4], [s1].[Application0], [s1].[CreatedAtUtc3], [s1].[Name2], [t0].[Id], [t0].[FileName], [t0].[SizeKb], [t0].[TicketId], [t0].[UploadedAtUtc], [t0].[Url], [s2].[Id], [s2].[Action], [s2].[Actor], [s2].[Detail], [s2].[Icon], [s2].[IsAiGenerated], [s2].[TicketId], [s2].[TimestampUtc], [s2].[UserId], [s2].[Id0], [s2].[AccessFailedCount], [s2].[AltenId], [s2].[Availability], [s2].[AvatarColor], [s2].[ConcurrencyStamp], [s2].[CreatedAt], [s2].[Email], [s2].[EmailConfirmed], [s2].[EmailStellantis], [s2].[FirstName], [s2].[IdStellantis], [s2].[Languages], [s2].[LastName], [s2].[LockoutEnabled], [s2].[LockoutEnd], [s2].[MustChangePassword], [s2].[NormalizedEmail], [s2].[NormalizedUserName], [s2].[PasswordHash], [s2].[PasswordResetCode], [s2].[PasswordResetCodeExpiresAtUtc], [s2].[PhoneNumber], [s2].[PhoneNumberConfirmed], [s2].[ProfilePhotoUrl], [s2].[Role], [s2].[SecurityStamp], [s2].[Status], [s2].[TeamId], [s2].[TwoFactorEnabled], [s2].[UserName], [s3].[Id], [s3].[CommentType], [s3].[Content], [s3].[CreatedAtUtc], [s3].[TicketId], [s3].[UserId], [s3].[Id0], [s3].[AccessFailedCount], [s3].[AltenId], [s3].[Availability], [s3].[AvatarColor], [s3].[ConcurrencyStamp], [s3].[CreatedAt], [s3].[Email], [s3].[EmailConfirmed], [s3].[EmailStellantis], [s3].[FirstName], [s3].[IdStellantis], [s3].[Languages], [s3].[LastName], [s3].[LockoutEnabled], [s3].[LockoutEnd], [s3].[MustChangePassword], [s3].[NormalizedEmail], [s3].[NormalizedUserName], [s3].[PasswordHash], [s3].[PasswordResetCode], [s3].[PasswordResetCodeExpiresAtUtc], [s3].[PhoneNumber], [s3].[PhoneNumberConfirmed], [s3].[ProfilePhotoUrl], [s3].[Role], [s3].[SecurityStamp], [s3].[Status], [s3].[TeamId], [s3].[TwoFactorEnabled], [s3].[UserName]
      FROM (
          SELECT TOP(1) [t].[Id], [t].[AiSuggestedRoute], [t].[ApplicantFirstName], [t].[ApplicantId], [t].[ApplicantLastName], [t].[Application], [t].[AssigneeId], [t].[ClosingDate], [t].[CreatedAtUtc], [t].[Description], [t].[DomainId], [t].[EcrNumber], [t].[EnglishAccepted], [t].[JiraLink], [t].[LastSyncDate], [t].[Level], [t].[ModuleId], [t].[PartNumber], [t].[Priority], [t].[ReactivityDuration], [t].[ReferenceKZ], [t].[ReferenceSTLA], [t].[ResolvedAtUtc], [t].[SiteId], [t].[SlaDeadlineUtc], [t].[SourceSystemId], [t].[Status], [t].[SubModule], [t].[Summary], [t].[Title], [a].[Id] AS [Id0], [a].[AccessFailedCount], [a].[AltenId], [a].[Availability], [a].[AvatarColor], [a].[ConcurrencyStamp], [a].[CreatedAt], [a].[Email], [a].[EmailConfirmed], [a].[EmailStellantis], [a].[FirstName], [a].[IdStellantis], [a].[Languages], [a].[LastName], [a].[LockoutEnabled], [a].[LockoutEnd], [a].[MustChangePassword], [a].[NormalizedEmail], [a].[NormalizedUserName], [a].[PasswordHash], [a].[PasswordResetCode], [a].[PasswordResetCodeExpiresAtUtc], [a].[PhoneNumber], [a].[PhoneNumberConfirmed], [a].[ProfilePhotoUrl], [a].[Role], [a].[SecurityStamp], [a].[Status] AS [Status0], [a].[TeamId], [a].[TwoFactorEnabled], [a].[UserName], [d].[Id] AS [Id1], [d].[CreatedAtUtc] AS [CreatedAtUtc0], [d].[Description] AS [Description0], [d].[Name], [s].[Id] AS [Id2], [s].[CreatedAtUtc] AS [CreatedAtUtc1], [s].[Location], [s].[Name] AS [Name0], [s0].[Id] AS [Id3], [s0].[ApiEndpoint], [s0].[CreatedAtUtc] AS [CreatedAtUtc2], [s0].[LastImportDate], [s0].[Name] AS [Name1], [m].[Id] AS [Id4], [m].[Application] AS [Application0], [m].[CreatedAtUtc] AS [CreatedAtUtc3], [m].[Name] AS [Name2]
          FROM [Tickets] AS [t]
          LEFT JOIN [AspNetUsers] AS [a] ON [t].[AssigneeId] = [a].[Id]
          LEFT JOIN [Domains] AS [d] ON [t].[DomainId] = [d].[Id]
          LEFT JOIN [Sites] AS [s] ON [t].[SiteId] = [s].[Id]
          INNER JOIN [SourceSystems] AS [s0] ON [t].[SourceSystemId] = [s0].[Id]
          LEFT JOIN [Modules] AS [m] ON [t].[ModuleId] = [m].[Id]
          WHERE [t].[ReferenceKZ] = @referenceKz
      ) AS [s1]
      LEFT JOIN [TicketAttachments] AS [t0] ON [s1].[Id] = [t0].[TicketId]
      LEFT JOIN (
          SELECT [t1].[Id], [t1].[Action], [t1].[Actor], [t1].[Detail], [t1].[Icon], [t1].[IsAiGenerated], [t1].[TicketId], [t1].[TimestampUtc], [t1].[UserId], [a0].[Id] AS [Id0], [a0].[AccessFailedCount], [a0].[AltenId], [a0].[Availability], [a0].[AvatarColor], [a0].[ConcurrencyStamp], [a0].[CreatedAt], [a0].[Email], [a0].[EmailConfirmed], [a0].[EmailStellantis], [a0].[FirstName], [a0].[IdStellantis], [a0].[Languages], [a0].[LastName], [a0].[LockoutEnabled], [a0].[LockoutEnd], [a0].[MustChangePassword], [a0].[NormalizedEmail], [a0].[NormalizedUserName], [a0].[PasswordHash], [a0].[PasswordResetCode], [a0].[PasswordResetCodeExpiresAtUtc], [a0].[PhoneNumber], [a0].[PhoneNumberConfirmed], [a0].[ProfilePhotoUrl], [a0].[Role], [a0].[SecurityStamp], [a0].[Status], [a0].[TeamId], [a0].[TwoFactorEnabled], [a0].[UserName]
          FROM [TicketHistoryEntries] AS [t1]
          LEFT JOIN [AspNetUsers] AS [a0] ON [t1].[UserId] = [a0].[Id]
      ) AS [s2] ON [s1].[Id] = [s2].[TicketId]
      LEFT JOIN (
          SELECT [t2].[Id], [t2].[CommentType], [t2].[Content], [t2].[CreatedAtUtc], [t2].[TicketId], [t2].[UserId], [a1].[Id] AS [Id0], [a1].[AccessFailedCount], [a1].[AltenId], [a1].[Availability], [a1].[AvatarColor], [a1].[ConcurrencyStamp], [a1].[CreatedAt], [a1].[Email], [a1].[EmailConfirmed], [a1].[EmailStellantis], [a1].[FirstName], [a1].[IdStellantis], [a1].[Languages], [a1].[LastName], [a1].[LockoutEnabled], [a1].[LockoutEnd], [a1].[MustChangePassword], [a1].[NormalizedEmail], [a1].[NormalizedUserName], [a1].[PasswordHash], [a1].[PasswordResetCode], [a1].[PasswordResetCodeExpiresAtUtc], [a1].[PhoneNumber], [a1].[PhoneNumberConfirmed], [a1].[ProfilePhotoUrl], [a1].[Role], [a1].[SecurityStamp], [a1].[Status], [a1].[TeamId], [a1].[TwoFactorEnabled], [a1].[UserName]
          FROM [TicketComments] AS [t2]
          INNER JOIN [AspNetUsers] AS [a1] ON [t2].[UserId] = [a1].[Id]
      ) AS [s3] ON [s1].[Id] = [s3].[TicketId]
      ORDER BY [s1].[Id], [s1].[Id0], [s1].[Id1], [s1].[Id2], [s1].[Id3], [s1].[Id4], [t0].[Id], [s2].[Id], [s2].[Id0], [s3].[Id]
info: Microsoft.EntityFrameworkCore.Database.Command[20101]
      Executed DbCommand (51ms) [Parameters=[@CurrentUserId='?' (DbType = Guid)], CommandType='Text', CommandTimeout='30']
      SELECT COUNT(*)
      FROM [Notifications] AS [n]
      WHERE [n].[UserId] = @CurrentUserId AND [n].[Read] = CAST(0 AS bit)
info: Microsoft.EntityFrameworkCore.Database.Command[20101]
      Executed DbCommand (51ms) [Parameters=[@userId='?' (DbType = Guid)], CommandType='Text', CommandTimeout='30']
      SELECT [t].[Status]
      FROM [Tickets] AS [t]
      WHERE [t].[AssigneeId] = @userId
info: Microsoft.EntityFrameworkCore.Database.Command[20101]
      Executed DbCommand (52ms) [Parameters=[@userId='?' (DbType = Guid)], CommandType='Text', CommandTimeout='30']
      SELECT [t].[Id], [t].[AiSuggestedRoute], [t].[ApplicantFirstName], [t].[ApplicantId], [t].[ApplicantLastName], [t].[Application], [t].[AssigneeId], [t].[ClosingDate], [t].[CreatedAtUtc], [t].[Description], [t].[DomainId], [t].[EcrNumber], [t].[EnglishAccepted], [t].[JiraLink], [t].[LastSyncDate], [t].[Level], [t].[ModuleId], [t].[PartNumber], [t].[Priority], [t].[ReactivityDuration], [t].[ReferenceKZ], [t].[ReferenceSTLA], [t].[ResolvedAtUtc], [t].[SiteId], [t].[SlaDeadlineUtc], [t].[SourceSystemId], [t].[Status], [t].[SubModule], [t].[Summary], [t].[Title], [d].[Id], [d].[CreatedAtUtc], [d].[Description], [d].[Name], [s].[Id], [s].[ApiEndpoint], [s].[CreatedAtUtc], [s].[LastImportDate], [s].[Name]
      FROM [Tickets] AS [t]
      LEFT JOIN [Domains] AS [d] ON [t].[DomainId] = [d].[Id]
      INNER JOIN [SourceSystems] AS [s] ON [t].[SourceSystemId] = [s].[Id]
      WHERE [t].[AssigneeId] = @userId
      ORDER BY [t].[CreatedAtUtc] DESC
info: Microsoft.EntityFrameworkCore.Database.Command[20101]
      Executed DbCommand (52ms) [Parameters=[], CommandType='Text', CommandTimeout='30']
      SELECT [t].[Id], [t].[AiSuggestedRoute], [t].[ApplicantFirstName], [t].[ApplicantId], [t].[ApplicantLastName], [t].[Application], [t].[AssigneeId], [t].[ClosingDate], [t].[CreatedAtUtc], [t].[Description], [t].[DomainId], [t].[EcrNumber], [t].[EnglishAccepted], [t].[JiraLink], [t].[LastSyncDate], [t].[Level], [t].[ModuleId], [t].[PartNumber], [t].[Priority], [t].[ReactivityDuration], [t].[ReferenceKZ], [t].[ReferenceSTLA], [t].[ResolvedAtUtc], [t].[SiteId], [t].[SlaDeadlineUtc], [t].[SourceSystemId], [t].[Status], [t].[SubModule], [t].[Summary], [t].[Title], [d].[Id], [d].[CreatedAtUtc], [d].[Description], [d].[Name], [s].[Id], [s].[ApiEndpoint], [s].[CreatedAtUtc], [s].[LastImportDate], [s].[Name]
      FROM [Tickets] AS [t]
      LEFT JOIN [Domains] AS [d] ON [t].[DomainId] = [d].[Id]
      INNER JOIN [SourceSystems] AS [s] ON [t].[SourceSystemId] = [s].[Id]
      WHERE [t].[Status] = 0 AND [t].[AssigneeId] IS NULL
      ORDER BY [t].[CreatedAtUtc] DESC
info: Microsoft.EntityFrameworkCore.Database.Command[20101]
      Executed DbCommand (1,294ms) [Parameters=[@warningCutoff='?' (DbType = DateTime2)], CommandType='Text', CommandTimeout='30']
      SELECT [t].[Id], [t].[AiSuggestedRoute], [t].[ApplicantFirstName], [t].[ApplicantId], [t].[ApplicantLastName], [t].[Application], [t].[AssigneeId], [t].[ClosingDate], [t].[CreatedAtUtc], [t].[Description], [t].[DomainId], [t].[EcrNumber], [t].[EnglishAccepted], [t].[JiraLink], [t].[LastSyncDate], [t].[Level], [t].[ModuleId], [t].[PartNumber], [t].[Priority], [t].[ReactivityDuration], [t].[ReferenceKZ], [t].[ReferenceSTLA], [t].[ResolvedAtUtc], [t].[SiteId], [t].[SlaDeadlineUtc], [t].[SourceSystemId], [t].[Status], [t].[SubModule], [t].[Summary], [t].[Title]
      FROM [Tickets] AS [t]
      WHERE [t].[AssigneeId] IS NOT NULL AND [t].[Status] IN (1, 2) AND [t].[SlaDeadlineUtc] <= @warningCutoff
info: Microsoft.EntityFrameworkCore.Database.Command[20101]
      Executed DbCommand (7,065ms) [Parameters=[@_8__locals1_ticket_Id='?' (DbType = Guid), @_8__locals1_ticket_AssigneeId='?' (DbType = Guid), @type='?' (Size = 255)], CommandType='Text', CommandTimeout='30']
      SELECT CASE
          WHEN EXISTS (
              SELECT 1
              FROM [Notifications] AS [n]
              WHERE [n].[TicketId] = @_8__locals1_ticket_Id AND [n].[UserId] = @_8__locals1_ticket_AssigneeId AND [n].[Type] = @type) THEN CAST(1 AS bit)
          ELSE CAST(0 AS bit)
      END
info: Microsoft.EntityFrameworkCore.Database.Command[20101]
      Executed DbCommand (2ms) [Parameters=[@_8__locals1_ticket_Id='?' (DbType = Guid), @_8__locals1_ticket_AssigneeId='?' (DbType = Guid), @type='?' (Size = 255)], CommandType='Text', CommandTimeout='30']
      SELECT CASE
          WHEN EXISTS (
              SELECT 1
              FROM [Notifications] AS [n]
              WHERE [n].[TicketId] = @_8__locals1_ticket_Id AND [n].[UserId] = @_8__locals1_ticket_AssigneeId AND [n].[Type] = @type) THEN CAST(1 AS bit)
          ELSE CAST(0 AS bit)
      END
info: Microsoft.EntityFrameworkCore.Database.Command[20101]
      Executed DbCommand (4ms) [Parameters=[@_8__locals1_ticket_Id='?' (DbType = Guid), @_8__locals1_ticket_AssigneeId='?' (DbType = Guid), @type='?' (Size = 255)], CommandType='Text', CommandTimeout='30']
      SELECT CASE
          WHEN EXISTS (
              SELECT 1
              FROM [Notifications] AS [n]
              WHERE [n].[TicketId] = @_8__locals1_ticket_Id AND [n].[UserId] = @_8__locals1_ticket_AssigneeId AND [n].[Type] = @type) THEN CAST(1 AS bit)
          ELSE CAST(0 AS bit)
      END
info: Microsoft.EntityFrameworkCore.Database.Command[20101]
      Executed DbCommand (2ms) [Parameters=[@_8__locals1_ticket_Id='?' (DbType = Guid), @_8__locals1_ticket_AssigneeId='?' (DbType = Guid), @type='?' (Size = 255)], CommandType='Text', CommandTimeout='30']
      SELECT CASE
          WHEN EXISTS (
              SELECT 1
              FROM [Notifications] AS [n]
              WHERE [n].[TicketId] = @_8__locals1_ticket_Id AND [n].[UserId] = @_8__locals1_ticket_AssigneeId AND [n].[Type] = @type) THEN CAST(1 AS bit)
          ELSE CAST(0 AS bit)
      END
info: Microsoft.EntityFrameworkCore.Database.Command[20101]
      Executed DbCommand (3ms) [Parameters=[@_8__locals1_ticket_Id='?' (DbType = Guid), @_8__locals1_ticket_AssigneeId='?' (DbType = Guid), @type='?' (Size = 255)], CommandType='Text', CommandTimeout='30']
      SELECT CASE
          WHEN EXISTS (
              SELECT 1
              FROM [Notifications] AS [n]
              WHERE [n].[TicketId] = @_8__locals1_ticket_Id AND [n].[UserId] = @_8__locals1_ticket_AssigneeId AND [n].[Type] = @type) THEN CAST(1 AS bit)
          ELSE CAST(0 AS bit)
      END
info: Microsoft.EntityFrameworkCore.Database.Command[20101]
      Executed DbCommand (1ms) [Parameters=[@_8__locals1_ticket_Id='?' (DbType = Guid), @_8__locals1_ticket_AssigneeId='?' (DbType = Guid), @type='?' (Size = 255)], CommandType='Text', CommandTimeout='30']
      SELECT CASE
          WHEN EXISTS (
              SELECT 1
              FROM [Notifications] AS [n]
              WHERE [n].[TicketId] = @_8__locals1_ticket_Id AND [n].[UserId] = @_8__locals1_ticket_AssigneeId AND [n].[Type] = @type) THEN CAST(1 AS bit)
          ELSE CAST(0 AS bit)
      END
info: Microsoft.EntityFrameworkCore.Database.Command[20101]
      Executed DbCommand (1ms) [Parameters=[@_8__locals1_ticket_Id='?' (DbType = Guid), @_8__locals1_ticket_AssigneeId='?' (DbType = Guid), @type='?' (Size = 255)], CommandType='Text', CommandTimeout='30']
      SELECT CASE
          WHEN EXISTS (
              SELECT 1
              FROM [Notifications] AS [n]
              WHERE [n].[TicketId] = @_8__locals1_ticket_Id AND [n].[UserId] = @_8__locals1_ticket_AssigneeId AND [n].[Type] = @type) THEN CAST(1 AS bit)
          ELSE CAST(0 AS bit)
      END
info: Microsoft.EntityFrameworkCore.Database.Command[20101]
      Executed DbCommand (1ms) [Parameters=[@_8__locals1_ticket_Id='?' (DbType = Guid), @_8__locals1_ticket_AssigneeId='?' (DbType = Guid), @type='?' (Size = 255)], CommandType='Text', CommandTimeout='30']
      SELECT CASE
          WHEN EXISTS (
              SELECT 1
              FROM [Notifications] AS [n]
              WHERE [n].[TicketId] = @_8__locals1_ticket_Id AND [n].[UserId] = @_8__locals1_ticket_AssigneeId AND [n].[Type] = @type) THEN CAST(1 AS bit)
          ELSE CAST(0 AS bit)
      END
info: Microsoft.EntityFrameworkCore.Database.Command[20101]
      Executed DbCommand (1ms) [Parameters=[@_8__locals1_ticket_Id='?' (DbType = Guid), @_8__locals1_ticket_AssigneeId='?' (DbType = Guid), @type='?' (Size = 255)], CommandType='Text', CommandTimeout='30']
      SELECT CASE
          WHEN EXISTS (
              SELECT 1
              FROM [Notifications] AS [n]
              WHERE [n].[TicketId] = @_8__locals1_ticket_Id AND [n].[UserId] = @_8__locals1_ticket_AssigneeId AND [n].[Type] = @type) THEN CAST(1 AS bit)
          ELSE CAST(0 AS bit)
      END
info: Microsoft.EntityFrameworkCore.Database.Command[20101]
      Executed DbCommand (1ms) [Parameters=[@_8__locals1_ticket_Id='?' (DbType = Guid), @_8__locals1_ticket_AssigneeId='?' (DbType = Guid), @type='?' (Size = 255)], CommandType='Text', CommandTimeout='30']
      SELECT CASE
          WHEN EXISTS (
              SELECT 1
              FROM [Notifications] AS [n]
              WHERE [n].[TicketId] = @_8__locals1_ticket_Id AND [n].[UserId] = @_8__locals1_ticket_AssigneeId AND [n].[Type] = @type) THEN CAST(1 AS bit)
          ELSE CAST(0 AS bit)
      END
info: Microsoft.EntityFrameworkCore.Database.Command[20101]
      Executed DbCommand (1ms) [Parameters=[@_8__locals1_ticket_Id='?' (DbType = Guid), @_8__locals1_ticket_AssigneeId='?' (DbType = Guid), @type='?' (Size = 255)], CommandType='Text', CommandTimeout='30']
      SELECT CASE
          WHEN EXISTS (
              SELECT 1
              FROM [Notifications] AS [n]
              WHERE [n].[TicketId] = @_8__locals1_ticket_Id AND [n].[UserId] = @_8__locals1_ticket_AssigneeId AND [n].[Type] = @type) THEN CAST(1 AS bit)
          ELSE CAST(0 AS bit)
      END
info: Microsoft.EntityFrameworkCore.Database.Command[20101]
      Executed DbCommand (1ms) [Parameters=[@_8__locals1_ticket_Id='?' (DbType = Guid), @_8__locals1_ticket_AssigneeId='?' (DbType = Guid), @type='?' (Size = 255)], CommandType='Text', CommandTimeout='30']
      SELECT CASE
          WHEN EXISTS (
              SELECT 1
              FROM [Notifications] AS [n]
              WHERE [n].[TicketId] = @_8__locals1_ticket_Id AND [n].[UserId] = @_8__locals1_ticket_AssigneeId AND [n].[Type] = @type) THEN CAST(1 AS bit)
          ELSE CAST(0 AS bit)
      END
info: Microsoft.EntityFrameworkCore.Database.Command[20101]
      Executed DbCommand (1ms) [Parameters=[@_8__locals1_ticket_Id='?' (DbType = Guid), @_8__locals1_ticket_AssigneeId='?' (DbType = Guid), @type='?' (Size = 255)], CommandType='Text', CommandTimeout='30']
      SELECT CASE
          WHEN EXISTS (
              SELECT 1
              FROM [Notifications] AS [n]
              WHERE [n].[TicketId] = @_8__locals1_ticket_Id AND [n].[UserId] = @_8__locals1_ticket_AssigneeId AND [n].[Type] = @type) THEN CAST(1 AS bit)
          ELSE CAST(0 AS bit)
      END
info: Microsoft.EntityFrameworkCore.Database.Command[20101]
      Executed DbCommand (1ms) [Parameters=[@_8__locals1_ticket_Id='?' (DbType = Guid), @_8__locals1_ticket_AssigneeId='?' (DbType = Guid), @type='?' (Size = 255)], CommandType='Text', CommandTimeout='30']
      SELECT CASE
          WHEN EXISTS (
              SELECT 1
              FROM [Notifications] AS [n]
              WHERE [n].[TicketId] = @_8__locals1_ticket_Id AND [n].[UserId] = @_8__locals1_ticket_AssigneeId AND [n].[Type] = @type) THEN CAST(1 AS bit)
          ELSE CAST(0 AS bit)
      END
info: Microsoft.EntityFrameworkCore.Database.Command[20101]
      Executed DbCommand (1ms) [Parameters=[@_8__locals1_ticket_Id='?' (DbType = Guid), @_8__locals1_ticket_AssigneeId='?' (DbType = Guid), @type='?' (Size = 255)], CommandType='Text', CommandTimeout='30']
      SELECT CASE
          WHEN EXISTS (
              SELECT 1
              FROM [Notifications] AS [n]
              WHERE [n].[TicketId] = @_8__locals1_ticket_Id AND [n].[UserId] = @_8__locals1_ticket_AssigneeId AND [n].[Type] = @type) THEN CAST(1 AS bit)
          ELSE CAST(0 AS bit)
      END
info: Microsoft.EntityFrameworkCore.Database.Command[20101]
      Executed DbCommand (1ms) [Parameters=[@_8__locals1_ticket_Id='?' (DbType = Guid), @_8__locals1_ticket_AssigneeId='?' (DbType = Guid), @type='?' (Size = 255)], CommandType='Text', CommandTimeout='30']
      SELECT CASE
          WHEN EXISTS (
              SELECT 1
              FROM [Notifications] AS [n]
              WHERE [n].[TicketId] = @_8__locals1_ticket_Id AND [n].[UserId] = @_8__locals1_ticket_AssigneeId AND [n].[Type] = @type) THEN CAST(1 AS bit)
          ELSE CAST(0 AS bit)
      END
info: Microsoft.EntityFrameworkCore.Database.Command[20101]
      Executed DbCommand (5ms) [Parameters=[@_8__locals1_ticket_Id='?' (DbType = Guid), @_8__locals1_ticket_AssigneeId='?' (DbType = Guid), @type='?' (Size = 255)], CommandType='Text', CommandTimeout='30']
      SELECT CASE
          WHEN EXISTS (
              SELECT 1
              FROM [Notifications] AS [n]
              WHERE [n].[TicketId] = @_8__locals1_ticket_Id AND [n].[UserId] = @_8__locals1_ticket_AssigneeId AND [n].[Type] = @type) THEN CAST(1 AS bit)
          ELSE CAST(0 AS bit)
      END
info: Microsoft.EntityFrameworkCore.Database.Command[20101]
      Executed DbCommand (3ms) [Parameters=[@_8__locals1_ticket_Id='?' (DbType = Guid), @_8__locals1_ticket_AssigneeId='?' (DbType = Guid), @type='?' (Size = 255)], CommandType='Text', CommandTimeout='30']
      SELECT CASE
          WHEN EXISTS (
              SELECT 1
              FROM [Notifications] AS [n]
              WHERE [n].[TicketId] = @_8__locals1_ticket_Id AND [n].[UserId] = @_8__locals1_ticket_AssigneeId AND [n].[Type] = @type) THEN CAST(1 AS bit)
          ELSE CAST(0 AS bit)
      END
info: Microsoft.EntityFrameworkCore.Database.Command[20101]
      Executed DbCommand (1ms) [Parameters=[@_8__locals1_ticket_Id='?' (DbType = Guid), @_8__locals1_ticket_AssigneeId='?' (DbType = Guid), @type='?' (Size = 255)], CommandType='Text', CommandTimeout='30']
      SELECT CASE
          WHEN EXISTS (
              SELECT 1
              FROM [Notifications] AS [n]
              WHERE [n].[TicketId] = @_8__locals1_ticket_Id AND [n].[UserId] = @_8__locals1_ticket_AssigneeId AND [n].[Type] = @type) THEN CAST(1 AS bit)
          ELSE CAST(0 AS bit)
      END
info: Microsoft.EntityFrameworkCore.Database.Command[20101]
      Executed DbCommand (1ms) [Parameters=[@_8__locals1_ticket_Id='?' (DbType = Guid), @_8__locals1_ticket_AssigneeId='?' (DbType = Guid), @type='?' (Size = 255)], CommandType='Text', CommandTimeout='30']
      SELECT CASE
          WHEN EXISTS (
              SELECT 1
              FROM [Notifications] AS [n]
              WHERE [n].[TicketId] = @_8__locals1_ticket_Id AND [n].[UserId] = @_8__locals1_ticket_AssigneeId AND [n].[Type] = @type) THEN CAST(1 AS bit)
          ELSE CAST(0 AS bit)
      END
info: Microsoft.EntityFrameworkCore.Database.Command[20101]
      Executed DbCommand (1ms) [Parameters=[@_8__locals1_ticket_Id='?' (DbType = Guid), @_8__locals1_ticket_AssigneeId='?' (DbType = Guid), @type='?' (Size = 255)], CommandType='Text', CommandTimeout='30']
      SELECT CASE
          WHEN EXISTS (
              SELECT 1
              FROM [Notifications] AS [n]
              WHERE [n].[TicketId] = @_8__locals1_ticket_Id AND [n].[UserId] = @_8__locals1_ticket_AssigneeId AND [n].[Type] = @type) THEN CAST(1 AS bit)
          ELSE CAST(0 AS bit)
      END
info: Microsoft.EntityFrameworkCore.Database.Command[20101]
      Executed DbCommand (1ms) [Parameters=[@_8__locals1_ticket_Id='?' (DbType = Guid), @_8__locals1_ticket_AssigneeId='?' (DbType = Guid), @type='?' (Size = 255)], CommandType='Text', CommandTimeout='30']
      SELECT CASE
          WHEN EXISTS (
              SELECT 1
              FROM [Notifications] AS [n]
              WHERE [n].[TicketId] = @_8__locals1_ticket_Id AND [n].[UserId] = @_8__locals1_ticket_AssigneeId AND [n].[Type] = @type) THEN CAST(1 AS bit)
          ELSE CAST(0 AS bit)
      END
info: Microsoft.EntityFrameworkCore.Database.Command[20101]
      Executed DbCommand (32ms) [Parameters=[@normalizedEmail='?' (Size = 256)], CommandType='Text', CommandTimeout='30']
      SELECT TOP(2) [a].[Id], [a].[AccessFailedCount], [a].[AltenId], [a].[Availability], [a].[AvatarColor], [a].[ConcurrencyStamp], [a].[CreatedAt], [a].[Email], [a].[EmailConfirmed], [a].[EmailStellantis], [a].[FirstName], [a].[IdStellantis], [a].[Languages], [a].[LastName], [a].[LockoutEnabled], [a].[LockoutEnd], [a].[MustChangePassword], [a].[NormalizedEmail], [a].[NormalizedUserName], [a].[PasswordHash], [a].[PasswordResetCode], [a].[PasswordResetCodeExpiresAtUtc], [a].[PhoneNumber], [a].[PhoneNumberConfirmed], [a].[ProfilePhotoUrl], [a].[Role], [a].[SecurityStamp], [a].[Status], [a].[TeamId], [a].[TwoFactorEnabled], [a].[UserName]
      FROM [AspNetUsers] AS [a]
      WHERE [a].[NormalizedEmail] = @normalizedEmail
info: Microsoft.EntityFrameworkCore.Database.Command[20101]
      Executed DbCommand (17ms) [Parameters=[@p0='?' (DbType = Guid), @p1='?' (DbType = DateTime2), @p2='?' (DbType = DateTime2), @p3='?' (DbType = DateTime2), @p4='?' (Size = 255), @p5='?' (DbType = Guid)], CommandType='Text', CommandTimeout='30']
      SET IMPLICIT_TRANSACTIONS OFF;
      SET NOCOUNT ON;
      INSERT INTO [RefreshTokens] ([Id], [CreatedAtUtc], [ExpiresAtUtc], [RevokedAtUtc], [Token], [UserId])
      VALUES (@p0, @p1, @p2, @p3, @p4, @p5);
info: Microsoft.EntityFrameworkCore.Database.Command[20101]
      Executed DbCommand (61ms) [Parameters=[@CurrentUserId='?' (DbType = Guid)], CommandType='Text', CommandTimeout='30']
      SELECT COUNT(*)
      FROM [Notifications] AS [n]
      WHERE [n].[UserId] = @CurrentUserId AND [n].[Read] = CAST(0 AS bit)
info: Microsoft.EntityFrameworkCore.Database.Command[20101]
      Executed DbCommand (53ms) [Parameters=[], CommandType='Text', CommandTimeout='30']
      SELECT [t].[Id], [t].[AiSuggestedRoute], [t].[ApplicantFirstName], [t].[ApplicantId], [t].[ApplicantLastName], [t].[Application], [t].[AssigneeId], [t].[ClosingDate], [t].[CreatedAtUtc], [t].[Description], [t].[DomainId], [t].[EcrNumber], [t].[EnglishAccepted], [t].[JiraLink], [t].[LastSyncDate], [t].[Level], [t].[ModuleId], [t].[PartNumber], [t].[Priority], [t].[ReactivityDuration], [t].[ReferenceKZ], [t].[ReferenceSTLA], [t].[ResolvedAtUtc], [t].[SiteId], [t].[SlaDeadlineUtc], [t].[SourceSystemId], [t].[Status], [t].[SubModule], [t].[Summary], [t].[Title], [d].[Id], [d].[CreatedAtUtc], [d].[Description], [d].[Name], [s].[Id], [s].[ApiEndpoint], [s].[CreatedAtUtc], [s].[LastImportDate], [s].[Name]
      FROM [Tickets] AS [t]
      LEFT JOIN [Domains] AS [d] ON [t].[DomainId] = [d].[Id]
      INNER JOIN [SourceSystems] AS [s] ON [t].[SourceSystemId] = [s].[Id]
      WHERE [t].[Status] = 0 AND [t].[AssigneeId] IS NULL
      ORDER BY [t].[CreatedAtUtc] DESC
info: Microsoft.EntityFrameworkCore.Database.Command[20101]
      Executed DbCommand (100ms) [Parameters=[], CommandType='Text', CommandTimeout='30']
      SELECT COUNT(*)
      FROM [Tickets] AS [t]
info: Microsoft.EntityFrameworkCore.Database.Command[20101]
      Executed DbCommand (115ms) [Parameters=[@CurrentUserId='?' (DbType = Guid)], CommandType='Text', CommandTimeout='30']
      SELECT COUNT(*)
      FROM [Notifications] AS [n]
      WHERE [n].[UserId] = @CurrentUserId AND [n].[Read] = CAST(0 AS bit)
info: Microsoft.EntityFrameworkCore.Database.Command[20101]
      Executed DbCommand (103ms) [Parameters=[@userId='?' (DbType = Guid), @todayUtc='?' (DbType = DateTime2)], CommandType='Text', CommandTimeout='30']
      SELECT COUNT(*)
      FROM [Tickets] AS [t]
      WHERE [t].[AssigneeId] = @userId AND [t].[ResolvedAtUtc] IS NOT NULL AND CONVERT(date, [t].[ResolvedAtUtc]) = @todayUtc
info: Microsoft.EntityFrameworkCore.Database.Command[20101]
      Executed DbCommand (46ms) [Parameters=[@userId='?' (DbType = Guid)], CommandType='Text', CommandTimeout='30']
      SELECT [t].[Id], [t].[AiSuggestedRoute], [t].[ApplicantFirstName], [t].[ApplicantId], [t].[ApplicantLastName], [t].[Application], [t].[AssigneeId], [t].[ClosingDate], [t].[CreatedAtUtc], [t].[Description], [t].[DomainId], [t].[EcrNumber], [t].[EnglishAccepted], [t].[JiraLink], [t].[LastSyncDate], [t].[Level], [t].[ModuleId], [t].[PartNumber], [t].[Priority], [t].[ReactivityDuration], [t].[ReferenceKZ], [t].[ReferenceSTLA], [t].[ResolvedAtUtc], [t].[SiteId], [t].[SlaDeadlineUtc], [t].[SourceSystemId], [t].[Status], [t].[SubModule], [t].[Summary], [t].[Title], [d].[Id], [d].[CreatedAtUtc], [d].[Description], [d].[Name], [s].[Id], [s].[ApiEndpoint], [s].[CreatedAtUtc], [s].[LastImportDate], [s].[Name]
      FROM [Tickets] AS [t]
      LEFT JOIN [Domains] AS [d] ON [t].[DomainId] = [d].[Id]
      INNER JOIN [SourceSystems] AS [s] ON [t].[SourceSystemId] = [s].[Id]
      WHERE [t].[AssigneeId] = @userId AND [t].[Status] NOT IN (4, 5)
      ORDER BY [t].[CreatedAtUtc] DESC
info: Microsoft.EntityFrameworkCore.Database.Command[20101]
      Executed DbCommand (21ms) [Parameters=[@userId='?' (DbType = Guid)], CommandType='Text', CommandTimeout='30']
      SELECT CAST(DATEDIFF(minute, [t].[CreatedAtUtc], [t].[ResolvedAtUtc]) AS float) / 60.0E0
      FROM [Tickets] AS [t]
      WHERE [t].[AssigneeId] = @userId AND [t].[ResolvedAtUtc] IS NOT NULL
info: Microsoft.EntityFrameworkCore.Database.Command[20101]
      Executed DbCommand (26ms) [Parameters=[@p='?' (DbType = Int32), @p1='?' (DbType = Int32)], CommandType='Text', CommandTimeout='30']
      SELECT [t0].[Id], [t0].[AiSuggestedRoute], [t0].[ApplicantFirstName], [t0].[ApplicantId], [t0].[ApplicantLastName], [t0].[Application], [t0].[AssigneeId], [t0].[ClosingDate], [t0].[CreatedAtUtc], [t0].[Description], [t0].[DomainId], [t0].[EcrNumber], [t0].[EnglishAccepted], [t0].[JiraLink], [t0].[LastSyncDate], [t0].[Level], [t0].[ModuleId], [t0].[PartNumber], [t0].[Priority], [t0].[ReactivityDuration], [t0].[ReferenceKZ], [t0].[ReferenceSTLA], [t0].[ResolvedAtUtc], [t0].[SiteId], [t0].[SlaDeadlineUtc], [t0].[SourceSystemId], [t0].[Status], [t0].[SubModule], [t0].[Summary], [t0].[Title], [d].[Id], [d].[CreatedAtUtc], [d].[Description], [d].[Name], [s].[Id], [s].[ApiEndpoint], [s].[CreatedAtUtc], [s].[LastImportDate], [s].[Name]
      FROM (
          SELECT [t].[Id], [t].[AiSuggestedRoute], [t].[ApplicantFirstName], [t].[ApplicantId], [t].[ApplicantLastName], [t].[Application], [t].[AssigneeId], [t].[ClosingDate], [t].[CreatedAtUtc], [t].[Description], [t].[DomainId], [t].[EcrNumber], [t].[EnglishAccepted], [t].[JiraLink], [t].[LastSyncDate], [t].[Level], [t].[ModuleId], [t].[PartNumber], [t].[Priority], [t].[ReactivityDuration], [t].[ReferenceKZ], [t].[ReferenceSTLA], [t].[ResolvedAtUtc], [t].[SiteId], [t].[SlaDeadlineUtc], [t].[SourceSystemId], [t].[Status], [t].[SubModule], [t].[Summary], [t].[Title]
          FROM [Tickets] AS [t]
          ORDER BY [t].[CreatedAtUtc] DESC
          OFFSET @p ROWS FETCH NEXT @p1 ROWS ONLY
      ) AS [t0]
      LEFT JOIN [Domains] AS [d] ON [t0].[DomainId] = [d].[Id]
      INNER JOIN [SourceSystems] AS [s] ON [t0].[SourceSystemId] = [s].[Id]
      ORDER BY [t0].[CreatedAtUtc] DESC
info: Microsoft.EntityFrameworkCore.Database.Command[20101]
      Executed DbCommand (32ms) [Parameters=[@CurrentUserId='?' (DbType = Guid)], CommandType='Text', CommandTimeout='30']
      SELECT COUNT(*)
      FROM [Notifications] AS [n]
      WHERE [n].[UserId] = @CurrentUserId AND [n].[Read] = CAST(0 AS bit)
info: Microsoft.EntityFrameworkCore.Database.Command[20101]
      Executed DbCommand (1ms) [Parameters=[@CurrentUserId='?' (DbType = Guid)], CommandType='Text', CommandTimeout='30']
      SELECT COUNT(*)
      FROM [Notifications] AS [n]
      WHERE [n].[UserId] = @CurrentUserId AND [n].[Read] = CAST(0 AS bit)
info: Microsoft.EntityFrameworkCore.Database.Command[20101]
      Executed DbCommand (56ms) [Parameters=[@p='?' (DbType = Int32), @CurrentUserId='?' (DbType = Guid)], CommandType='Text', CommandTimeout='30']
      SELECT [n0].[Id], [n0].[CreatedAtUtc], [n0].[Message], [n0].[Read], [n0].[TicketId], [n0].[Type], [n0].[UserId], [t].[Id], [t].[AiSuggestedRoute], [t].[ApplicantFirstName], [t].[ApplicantId], [t].[ApplicantLastName], [t].[Application], [t].[AssigneeId], [t].[ClosingDate], [t].[CreatedAtUtc], [t].[Description], [t].[DomainId], [t].[EcrNumber], [t].[EnglishAccepted], [t].[JiraLink], [t].[LastSyncDate], [t].[Level], [t].[ModuleId], [t].[PartNumber], [t].[Priority], [t].[ReactivityDuration], [t].[ReferenceKZ], [t].[ReferenceSTLA], [t].[ResolvedAtUtc], [t].[SiteId], [t].[SlaDeadlineUtc], [t].[SourceSystemId], [t].[Status], [t].[SubModule], [t].[Summary], [t].[Title]
      FROM (
          SELECT TOP(@p) [n].[Id], [n].[CreatedAtUtc], [n].[Message], [n].[Read], [n].[TicketId], [n].[Type], [n].[UserId]
          FROM [Notifications] AS [n]
          WHERE [n].[UserId] = @CurrentUserId
          ORDER BY [n].[CreatedAtUtc] DESC
      ) AS [n0]
      LEFT JOIN [Tickets] AS [t] ON [n0].[TicketId] = [t].[Id]
      ORDER BY [n0].[CreatedAtUtc] DESC
info: Microsoft.EntityFrameworkCore.Database.Command[20101]
      Executed DbCommand (32ms) [Parameters=[@userId='?' (DbType = Guid)], CommandType='Text', CommandTimeout='30']
      SELECT [t].[Status]
      FROM [Tickets] AS [t]
      WHERE [t].[AssigneeId] = @userId
info: Microsoft.EntityFrameworkCore.Database.Command[20101]
      Executed DbCommand (42ms) [Parameters=[@CurrentUserId='?' (DbType = Guid)], CommandType='Text', CommandTimeout='30']
      SELECT COUNT(*)
      FROM [Notifications] AS [n]
      WHERE [n].[UserId] = @CurrentUserId AND [n].[Read] = CAST(0 AS bit)
info: Microsoft.EntityFrameworkCore.Database.Command[20101]
      Executed DbCommand (32ms) [Parameters=[@userId='?' (DbType = Guid)], CommandType='Text', CommandTimeout='30']
      SELECT [t].[Id], [t].[AiSuggestedRoute], [t].[ApplicantFirstName], [t].[ApplicantId], [t].[ApplicantLastName], [t].[Application], [t].[AssigneeId], [t].[ClosingDate], [t].[CreatedAtUtc], [t].[Description], [t].[DomainId], [t].[EcrNumber], [t].[EnglishAccepted], [t].[JiraLink], [t].[LastSyncDate], [t].[Level], [t].[ModuleId], [t].[PartNumber], [t].[Priority], [t].[ReactivityDuration], [t].[ReferenceKZ], [t].[ReferenceSTLA], [t].[ResolvedAtUtc], [t].[SiteId], [t].[SlaDeadlineUtc], [t].[SourceSystemId], [t].[Status], [t].[SubModule], [t].[Summary], [t].[Title], [d].[Id], [d].[CreatedAtUtc], [d].[Description], [d].[Name], [s].[Id], [s].[ApiEndpoint], [s].[CreatedAtUtc], [s].[LastImportDate], [s].[Name]
      FROM [Tickets] AS [t]
      LEFT JOIN [Domains] AS [d] ON [t].[DomainId] = [d].[Id]
      INNER JOIN [SourceSystems] AS [s] ON [t].[SourceSystemId] = [s].[Id]
      WHERE [t].[AssigneeId] = @userId
      ORDER BY [t].[CreatedAtUtc] DESC
info: Microsoft.EntityFrameworkCore.Database.Command[20101]
      Executed DbCommand (3ms) [Parameters=[@CurrentUserId='?' (DbType = Guid)], CommandType='Text', CommandTimeout='30']
      SELECT COUNT(*)
      FROM [Notifications] AS [n]
      WHERE [n].[UserId] = @CurrentUserId AND [n].[Read] = CAST(0 AS bit)
info: Microsoft.EntityFrameworkCore.Database.Command[20101]
      Executed DbCommand (41ms) [Parameters=[], CommandType='Text', CommandTimeout='30']
      SELECT [t].[Id], [t].[AiSuggestedRoute], [t].[ApplicantFirstName], [t].[ApplicantId], [t].[ApplicantLastName], [t].[Application], [t].[AssigneeId], [t].[ClosingDate], [t].[CreatedAtUtc], [t].[Description], [t].[DomainId], [t].[EcrNumber], [t].[EnglishAccepted], [t].[JiraLink], [t].[LastSyncDate], [t].[Level], [t].[ModuleId], [t].[PartNumber], [t].[Priority], [t].[ReactivityDuration], [t].[ReferenceKZ], [t].[ReferenceSTLA], [t].[ResolvedAtUtc], [t].[SiteId], [t].[SlaDeadlineUtc], [t].[SourceSystemId], [t].[Status], [t].[SubModule], [t].[Summary], [t].[Title], [d].[Id], [d].[CreatedAtUtc], [d].[Description], [d].[Name], [s].[Id], [s].[ApiEndpoint], [s].[CreatedAtUtc], [s].[LastImportDate], [s].[Name]
      FROM [Tickets] AS [t]
      LEFT JOIN [Domains] AS [d] ON [t].[DomainId] = [d].[Id]
      INNER JOIN [SourceSystems] AS [s] ON [t].[SourceSystemId] = [s].[Id]
      WHERE [t].[Status] = 0 AND [t].[AssigneeId] IS NULL
      ORDER BY [t].[CreatedAtUtc] DESC
info: Microsoft.EntityFrameworkCore.Database.Command[20101]
      Executed DbCommand (36ms) [Parameters=[@CurrentUserId='?' (DbType = Guid)], CommandType='Text', CommandTimeout='30']
      SELECT COUNT(*)
      FROM [Notifications] AS [n]
      WHERE [n].[UserId] = @CurrentUserId AND [n].[Read] = CAST(0 AS bit)
info: Microsoft.EntityFrameworkCore.Database.Command[20101]
      Executed DbCommand (1ms) [Parameters=[@CurrentUserId='?' (DbType = Guid)], CommandType='Text', CommandTimeout='30']
      SELECT COUNT(*)
      FROM [Notifications] AS [n]
      WHERE [n].[UserId] = @CurrentUserId AND [n].[Read] = CAST(0 AS bit)
info: Microsoft.EntityFrameworkCore.Database.Command[20101]
      Executed DbCommand (25,123ms) [Parameters=[@referenceKz='?' (Size = 255)], CommandType='Text', CommandTimeout='30']
      SELECT [s1].[Id], [s1].[AiSuggestedRoute], [s1].[ApplicantFirstName], [s1].[ApplicantId], [s1].[ApplicantLastName], [s1].[Application], [s1].[AssigneeId], [s1].[ClosingDate], [s1].[CreatedAtUtc], [s1].[Description], [s1].[DomainId], [s1].[EcrNumber], [s1].[EnglishAccepted], [s1].[JiraLink], [s1].[LastSyncDate], [s1].[Level], [s1].[ModuleId], [s1].[PartNumber], [s1].[Priority], [s1].[ReactivityDuration], [s1].[ReferenceKZ], [s1].[ReferenceSTLA], [s1].[ResolvedAtUtc], [s1].[SiteId], [s1].[SlaDeadlineUtc], [s1].[SourceSystemId], [s1].[Status], [s1].[SubModule], [s1].[Summary], [s1].[Title], [s1].[Id0], [s1].[AccessFailedCount], [s1].[AltenId], [s1].[Availability], [s1].[AvatarColor], [s1].[ConcurrencyStamp], [s1].[CreatedAt], [s1].[Email], [s1].[EmailConfirmed], [s1].[EmailStellantis], [s1].[FirstName], [s1].[IdStellantis], [s1].[Languages], [s1].[LastName], [s1].[LockoutEnabled], [s1].[LockoutEnd], [s1].[MustChangePassword], [s1].[NormalizedEmail], [s1].[NormalizedUserName], [s1].[PasswordHash], [s1].[PasswordResetCode], [s1].[PasswordResetCodeExpiresAtUtc], [s1].[PhoneNumber], [s1].[PhoneNumberConfirmed], [s1].[ProfilePhotoUrl], [s1].[Role], [s1].[SecurityStamp], [s1].[Status0], [s1].[TeamId], [s1].[TwoFactorEnabled], [s1].[UserName], [s1].[Id1], [s1].[CreatedAtUtc0], [s1].[Description0], [s1].[Name], [s1].[Id2], [s1].[CreatedAtUtc1], [s1].[Location], [s1].[Name0], [s1].[Id3], [s1].[ApiEndpoint], [s1].[CreatedAtUtc2], [s1].[LastImportDate], [s1].[Name1], [s1].[Id4], [s1].[Application0], [s1].[CreatedAtUtc3], [s1].[Name2], [t0].[Id], [t0].[FileName], [t0].[SizeKb], [t0].[TicketId], [t0].[UploadedAtUtc], [t0].[Url], [s2].[Id], [s2].[Action], [s2].[Actor], [s2].[Detail], [s2].[Icon], [s2].[IsAiGenerated], [s2].[TicketId], [s2].[TimestampUtc], [s2].[UserId], [s2].[Id0], [s2].[AccessFailedCount], [s2].[AltenId], [s2].[Availability], [s2].[AvatarColor], [s2].[ConcurrencyStamp], [s2].[CreatedAt], [s2].[Email], [s2].[EmailConfirmed], [s2].[EmailStellantis], [s2].[FirstName], [s2].[IdStellantis], [s2].[Languages], [s2].[LastName], [s2].[LockoutEnabled], [s2].[LockoutEnd], [s2].[MustChangePassword], [s2].[NormalizedEmail], [s2].[NormalizedUserName], [s2].[PasswordHash], [s2].[PasswordResetCode], [s2].[PasswordResetCodeExpiresAtUtc], [s2].[PhoneNumber], [s2].[PhoneNumberConfirmed], [s2].[ProfilePhotoUrl], [s2].[Role], [s2].[SecurityStamp], [s2].[Status], [s2].[TeamId], [s2].[TwoFactorEnabled], [s2].[UserName], [s3].[Id], [s3].[CommentType], [s3].[Content], [s3].[CreatedAtUtc], [s3].[TicketId], [s3].[UserId], [s3].[Id0], [s3].[AccessFailedCount], [s3].[AltenId], [s3].[Availability], [s3].[AvatarColor], [s3].[ConcurrencyStamp], [s3].[CreatedAt], [s3].[Email], [s3].[EmailConfirmed], [s3].[EmailStellantis], [s3].[FirstName], [s3].[IdStellantis], [s3].[Languages], [s3].[LastName], [s3].[LockoutEnabled], [s3].[LockoutEnd], [s3].[MustChangePassword], [s3].[NormalizedEmail], [s3].[NormalizedUserName], [s3].[PasswordHash], [s3].[PasswordResetCode], [s3].[PasswordResetCodeExpiresAtUtc], [s3].[PhoneNumber], [s3].[PhoneNumberConfirmed], [s3].[ProfilePhotoUrl], [s3].[Role], [s3].[SecurityStamp], [s3].[Status], [s3].[TeamId], [s3].[TwoFactorEnabled], [s3].[UserName]
      FROM (
          SELECT TOP(1) [t].[Id], [t].[AiSuggestedRoute], [t].[ApplicantFirstName], [t].[ApplicantId], [t].[ApplicantLastName], [t].[Application], [t].[AssigneeId], [t].[ClosingDate], [t].[CreatedAtUtc], [t].[Description], [t].[DomainId], [t].[EcrNumber], [t].[EnglishAccepted], [t].[JiraLink], [t].[LastSyncDate], [t].[Level], [t].[ModuleId], [t].[PartNumber], [t].[Priority], [t].[ReactivityDuration], [t].[ReferenceKZ], [t].[ReferenceSTLA], [t].[ResolvedAtUtc], [t].[SiteId], [t].[SlaDeadlineUtc], [t].[SourceSystemId], [t].[Status], [t].[SubModule], [t].[Summary], [t].[Title], [a].[Id] AS [Id0], [a].[AccessFailedCount], [a].[AltenId], [a].[Availability], [a].[AvatarColor], [a].[ConcurrencyStamp], [a].[CreatedAt], [a].[Email], [a].[EmailConfirmed], [a].[EmailStellantis], [a].[FirstName], [a].[IdStellantis], [a].[Languages], [a].[LastName], [a].[LockoutEnabled], [a].[LockoutEnd], [a].[MustChangePassword], [a].[NormalizedEmail], [a].[NormalizedUserName], [a].[PasswordHash], [a].[PasswordResetCode], [a].[PasswordResetCodeExpiresAtUtc], [a].[PhoneNumber], [a].[PhoneNumberConfirmed], [a].[ProfilePhotoUrl], [a].[Role], [a].[SecurityStamp], [a].[Status] AS [Status0], [a].[TeamId], [a].[TwoFactorEnabled], [a].[UserName], [d].[Id] AS [Id1], [d].[CreatedAtUtc] AS [CreatedAtUtc0], [d].[Description] AS [Description0], [d].[Name], [s].[Id] AS [Id2], [s].[CreatedAtUtc] AS [CreatedAtUtc1], [s].[Location], [s].[Name] AS [Name0], [s0].[Id] AS [Id3], [s0].[ApiEndpoint], [s0].[CreatedAtUtc] AS [CreatedAtUtc2], [s0].[LastImportDate], [s0].[Name] AS [Name1], [m].[Id] AS [Id4], [m].[Application] AS [Application0], [m].[CreatedAtUtc] AS [CreatedAtUtc3], [m].[Name] AS [Name2]
          FROM [Tickets] AS [t]
          LEFT JOIN [AspNetUsers] AS [a] ON [t].[AssigneeId] = [a].[Id]
          LEFT JOIN [Domains] AS [d] ON [t].[DomainId] = [d].[Id]
          LEFT JOIN [Sites] AS [s] ON [t].[SiteId] = [s].[Id]
          INNER JOIN [SourceSystems] AS [s0] ON [t].[SourceSystemId] = [s0].[Id]
          LEFT JOIN [Modules] AS [m] ON [t].[ModuleId] = [m].[Id]
          WHERE [t].[ReferenceKZ] = @referenceKz
      ) AS [s1]
      LEFT JOIN [TicketAttachments] AS [t0] ON [s1].[Id] = [t0].[TicketId]
      LEFT JOIN (
          SELECT [t1].[Id], [t1].[Action], [t1].[Actor], [t1].[Detail], [t1].[Icon], [t1].[IsAiGenerated], [t1].[TicketId], [t1].[TimestampUtc], [t1].[UserId], [a0].[Id] AS [Id0], [a0].[AccessFailedCount], [a0].[AltenId], [a0].[Availability], [a0].[AvatarColor], [a0].[ConcurrencyStamp], [a0].[CreatedAt], [a0].[Email], [a0].[EmailConfirmed], [a0].[EmailStellantis], [a0].[FirstName], [a0].[IdStellantis], [a0].[Languages], [a0].[LastName], [a0].[LockoutEnabled], [a0].[LockoutEnd], [a0].[MustChangePassword], [a0].[NormalizedEmail], [a0].[NormalizedUserName], [a0].[PasswordHash], [a0].[PasswordResetCode], [a0].[PasswordResetCodeExpiresAtUtc], [a0].[PhoneNumber], [a0].[PhoneNumberConfirmed], [a0].[ProfilePhotoUrl], [a0].[Role], [a0].[SecurityStamp], [a0].[Status], [a0].[TeamId], [a0].[TwoFactorEnabled], [a0].[UserName]
          FROM [TicketHistoryEntries] AS [t1]
          LEFT JOIN [AspNetUsers] AS [a0] ON [t1].[UserId] = [a0].[Id]
      ) AS [s2] ON [s1].[Id] = [s2].[TicketId]
      LEFT JOIN (
          SELECT [t2].[Id], [t2].[CommentType], [t2].[Content], [t2].[CreatedAtUtc], [t2].[TicketId], [t2].[UserId], [a1].[Id] AS [Id0], [a1].[AccessFailedCount], [a1].[AltenId], [a1].[Availability], [a1].[AvatarColor], [a1].[ConcurrencyStamp], [a1].[CreatedAt], [a1].[Email], [a1].[EmailConfirmed], [a1].[EmailStellantis], [a1].[FirstName], [a1].[IdStellantis], [a1].[Languages], [a1].[LastName], [a1].[LockoutEnabled], [a1].[LockoutEnd], [a1].[MustChangePassword], [a1].[NormalizedEmail], [a1].[NormalizedUserName], [a1].[PasswordHash], [a1].[PasswordResetCode], [a1].[PasswordResetCodeExpiresAtUtc], [a1].[PhoneNumber], [a1].[PhoneNumberConfirmed], [a1].[ProfilePhotoUrl], [a1].[Role], [a1].[SecurityStamp], [a1].[Status], [a1].[TeamId], [a1].[TwoFactorEnabled], [a1].[UserName]
          FROM [TicketComments] AS [t2]
          INNER JOIN [AspNetUsers] AS [a1] ON [t2].[UserId] = [a1].[Id]
      ) AS [s3] ON [s1].[Id] = [s3].[TicketId]
      ORDER BY [s1].[Id], [s1].[Id0], [s1].[Id1], [s1].[Id2], [s1].[Id3], [s1].[Id4], [t0].[Id], [s2].[Id], [s2].[Id0], [s3].[Id]
info: Sparks.Api.Services.KnowledgeBaseService[0]
      Loaded 200 knowledge base entries from C:\Users\kalaouimrani\SPARKS\sparks-backend\Sparks.Api\Data\Knowledge\knowledge_base.json
warn: Microsoft.EntityFrameworkCore.Query[20504]
      Compiling a query which loads related collections for more than one collection navigation, either via 'Include' or through projection, but no 'QuerySplittingBehavior' has been configured. By default, Entity Framework will use 'QuerySplittingBehavior.SingleQuery', which can potentially result in slow query performance. See https://go.microsoft.com/fwlink/?linkid=2134277 for more information. To identify the query that's triggering this warning call 'ConfigureWarnings(w => w.Throw(RelationalEventId.MultipleCollectionIncludeWarning))'.
info: Microsoft.EntityFrameworkCore.Database.Command[20101]
      Executed DbCommand (75ms) [Parameters=[@ticketId='?' (Size = 255)], CommandType='Text', CommandTimeout='30']
      SELECT [s].[Id], [s].[AiSuggestedRoute], [s].[ApplicantFirstName], [s].[ApplicantId], [s].[ApplicantLastName], [s].[Application], [s].[AssigneeId], [s].[ClosingDate], [s].[CreatedAtUtc], [s].[Description], [s].[DomainId], [s].[EcrNumber], [s].[EnglishAccepted], [s].[JiraLink], [s].[LastSyncDate], [s].[Level], [s].[ModuleId], [s].[PartNumber], [s].[Priority], [s].[ReactivityDuration], [s].[ReferenceKZ], [s].[ReferenceSTLA], [s].[ResolvedAtUtc], [s].[SiteId], [s].[SlaDeadlineUtc], [s].[SourceSystemId], [s].[Status], [s].[SubModule], [s].[Summary], [s].[Title], [s].[Id0], [s].[ClassifiedDomain], [s].[Confidence], [s].[Summary0], [s].[TicketId], [s0].[Id], [s0].[Score], [s0].[SimilarTicketId], [s0].[TicketId], [s0].[Id0], [s0].[AiSuggestedRoute], [s0].[ApplicantFirstName], [s0].[ApplicantId], [s0].[ApplicantLastName], [s0].[Application], [s0].[AssigneeId], [s0].[ClosingDate], [s0].[CreatedAtUtc], [s0].[Description], [s0].[DomainId], [s0].[EcrNumber], [s0].[EnglishAccepted], [s0].[JiraLink], [s0].[LastSyncDate], [s0].[Level], [s0].[ModuleId], [s0].[PartNumber], [s0].[Priority], [s0].[ReactivityDuration], [s0].[ReferenceKZ], [s0].[ReferenceSTLA], [s0].[ResolvedAtUtc], [s0].[SiteId], [s0].[SlaDeadlineUtc], [s0].[SourceSystemId], [s0].[Status], [s0].[SubModule], [s0].[Summary], [s0].[Title], [s0].[Id1], [s0].[CreatedAtUtc0], [s0].[Description0], [s0].[Name], [s1].[Id], [s1].[NeedsVerification], [s1].[Rank], [s1].[SolutionText], [s1].[SourceTicketRefId], [s1].[TicketId], [s1].[Vote], [s1].[Id0], [s1].[AiSuggestedRoute], [s1].[ApplicantFirstName], [s1].[ApplicantId], [s1].[ApplicantLastName], [s1].[Application], [s1].[AssigneeId], [s1].[ClosingDate], [s1].[CreatedAtUtc], [s1].[Description], [s1].[DomainId], [s1].[EcrNumber], [s1].[EnglishAccepted], [s1].[JiraLink], [s1].[LastSyncDate], [s1].[Level], [s1].[ModuleId], [s1].[PartNumber], [s1].[Priority], [s1].[ReactivityDuration], [s1].[ReferenceKZ], [s1].[ReferenceSTLA], [s1].[ResolvedAtUtc], [s1].[SiteId], [s1].[SlaDeadlineUtc], [s1].[SourceSystemId], [s1].[Status], [s1].[SubModule], [s1].[Summary], [s1].[Title], [a1].[Id], [a1].[Message], [a1].[Role], [a1].[TicketId], [a1].[TimestampUtc]
      FROM (
          SELECT TOP(1) [t].[Id], [t].[AiSuggestedRoute], [t].[ApplicantFirstName], [t].[ApplicantId], [t].[ApplicantLastName], [t].[Application], [t].[AssigneeId], [t].[ClosingDate], [t].[CreatedAtUtc], [t].[Description], [t].[DomainId], [t].[EcrNumber], [t].[EnglishAccepted], [t].[JiraLink], [t].[LastSyncDate], [t].[Level], [t].[ModuleId], [t].[PartNumber], [t].[Priority], [t].[ReactivityDuration], [t].[ReferenceKZ], [t].[ReferenceSTLA], [t].[ResolvedAtUtc], [t].[SiteId], [t].[SlaDeadlineUtc], [t].[SourceSystemId], [t].[Status], [t].[SubModule], [t].[Summary], [t].[Title], [t0].[Id] AS [Id0], [t0].[ClassifiedDomain], [t0].[Confidence], [t0].[Summary] AS [Summary0], [t0].[TicketId]
          FROM [Tickets] AS [t]
          LEFT JOIN [TicketAiMetadata] AS [t0] ON [t].[Id] = [t0].[TicketId]
          WHERE [t].[ReferenceKZ] = @ticketId
      ) AS [s]
      LEFT JOIN (
          SELECT [a].[Id], [a].[Score], [a].[SimilarTicketId], [a].[TicketId], [t1].[Id] AS [Id0], [t1].[AiSuggestedRoute], [t1].[ApplicantFirstName], [t1].[ApplicantId], [t1].[ApplicantLastName], [t1].[Application], [t1].[AssigneeId], [t1].[ClosingDate], [t1].[CreatedAtUtc], [t1].[Description], [t1].[DomainId], [t1].[EcrNumber], [t1].[EnglishAccepted], [t1].[JiraLink], [t1].[LastSyncDate], [t1].[Level], [t1].[ModuleId], [t1].[PartNumber], [t1].[Priority], [t1].[ReactivityDuration], [t1].[ReferenceKZ], [t1].[ReferenceSTLA], [t1].[ResolvedAtUtc], [t1].[SiteId], [t1].[SlaDeadlineUtc], [t1].[SourceSystemId], [t1].[Status], [t1].[SubModule], [t1].[Summary], [t1].[Title], [d].[Id] AS [Id1], [d].[CreatedAtUtc] AS [CreatedAtUtc0], [d].[Description] AS [Description0], [d].[Name]
          FROM [AiSimilarTickets] AS [a]
          INNER JOIN [Tickets] AS [t1] ON [a].[SimilarTicketId] = [t1].[Id]
          LEFT JOIN [Domains] AS [d] ON [t1].[DomainId] = [d].[Id]
      ) AS [s0] ON [s].[Id] = [s0].[TicketId]
      LEFT JOIN (
          SELECT [a0].[Id], [a0].[NeedsVerification], [a0].[Rank], [a0].[SolutionText], [a0].[SourceTicketRefId], [a0].[TicketId], [a0].[Vote], [t2].[Id] AS [Id0], [t2].[AiSuggestedRoute], [t2].[ApplicantFirstName], [t2].[ApplicantId], [t2].[ApplicantLastName], [t2].[Application], [t2].[AssigneeId], [t2].[ClosingDate], [t2].[CreatedAtUtc], [t2].[Description], [t2].[DomainId], [t2].[EcrNumber], [t2].[EnglishAccepted], [t2].[JiraLink], [t2].[LastSyncDate], [t2].[Level], [t2].[ModuleId], [t2].[PartNumber], [t2].[Priority], [t2].[ReactivityDuration], [t2].[ReferenceKZ], [t2].[ReferenceSTLA], [t2].[ResolvedAtUtc], [t2].[SiteId], [t2].[SlaDeadlineUtc], [t2].[SourceSystemId], [t2].[Status], [t2].[SubModule], [t2].[Summary], [t2].[Title]
          FROM [AiSuggestedSolutions] AS [a0]
          LEFT JOIN [Tickets] AS [t2] ON [a0].[SourceTicketRefId] = [t2].[Id]
      ) AS [s1] ON [s].[Id] = [s1].[TicketId]
      LEFT JOIN [AiChatMessages] AS [a1] ON [s].[Id] = [a1].[TicketId]
      ORDER BY [s].[Id], [s].[Id0], [s0].[Id], [s0].[Id0], [s0].[Id1], [s1].[Id], [s1].[Id0]
info: Microsoft.EntityFrameworkCore.Database.Command[20101]
      Executed DbCommand (15ms) [Parameters=[@normalizedEmail='?' (Size = 256)], CommandType='Text', CommandTimeout='30']
      SELECT TOP(2) [a].[Id], [a].[AccessFailedCount], [a].[AltenId], [a].[Availability], [a].[AvatarColor], [a].[ConcurrencyStamp], [a].[CreatedAt], [a].[Email], [a].[EmailConfirmed], [a].[EmailStellantis], [a].[FirstName], [a].[IdStellantis], [a].[Languages], [a].[LastName], [a].[LockoutEnabled], [a].[LockoutEnd], [a].[MustChangePassword], [a].[NormalizedEmail], [a].[NormalizedUserName], [a].[PasswordHash], [a].[PasswordResetCode], [a].[PasswordResetCodeExpiresAtUtc], [a].[PhoneNumber], [a].[PhoneNumberConfirmed], [a].[ProfilePhotoUrl], [a].[Role], [a].[SecurityStamp], [a].[Status], [a].[TeamId], [a].[TwoFactorEnabled], [a].[UserName]
      FROM [AspNetUsers] AS [a]
      WHERE [a].[NormalizedEmail] = @normalizedEmail
info: Microsoft.EntityFrameworkCore.Database.Command[20101]
      Executed DbCommand (15ms) [Parameters=[@p0='?' (DbType = Guid), @p1='?' (DbType = DateTime2), @p2='?' (DbType = DateTime2), @p3='?' (DbType = DateTime2), @p4='?' (Size = 255), @p5='?' (DbType = Guid)], CommandType='Text', CommandTimeout='30']
      SET IMPLICIT_TRANSACTIONS OFF;
      SET NOCOUNT ON;
      INSERT INTO [RefreshTokens] ([Id], [CreatedAtUtc], [ExpiresAtUtc], [RevokedAtUtc], [Token], [UserId])
      VALUES (@p0, @p1, @p2, @p3, @p4, @p5);
info: Microsoft.EntityFrameworkCore.Database.Command[20101]
      Executed DbCommand (32ms) [Parameters=[@CurrentUserId='?' (DbType = Guid)], CommandType='Text', CommandTimeout='30']
      SELECT COUNT(*)
      FROM [Notifications] AS [n]
      WHERE [n].[UserId] = @CurrentUserId AND [n].[Read] = CAST(0 AS bit)
info: Microsoft.EntityFrameworkCore.Database.Command[20101]
      Executed DbCommand (13ms) [Parameters=[@CurrentUserId='?' (DbType = Guid)], CommandType='Text', CommandTimeout='30']
      SELECT COUNT(*)
      FROM [Notifications] AS [n]
      WHERE [n].[UserId] = @CurrentUserId AND [n].[Read] = CAST(0 AS bit)
info: Microsoft.EntityFrameworkCore.Database.Command[20101]
      Executed DbCommand (2ms) [Parameters=[@CurrentUserId='?' (DbType = Guid)], CommandType='Text', CommandTimeout='30']
      SELECT COUNT(*)
      FROM [Notifications] AS [n]
      WHERE [n].[UserId] = @CurrentUserId AND [n].[Read] = CAST(0 AS bit)
info: Microsoft.EntityFrameworkCore.Database.Command[20101]
      Executed DbCommand (60ms) [Parameters=[@userId='?' (DbType = Guid), @todayUtc='?' (DbType = DateTime2)], CommandType='Text', CommandTimeout='30']
      SELECT COUNT(*)
      FROM [Tickets] AS [t]
      WHERE [t].[AssigneeId] = @userId AND [t].[ResolvedAtUtc] IS NOT NULL AND CONVERT(date, [t].[ResolvedAtUtc]) = @todayUtc
info: Microsoft.EntityFrameworkCore.Database.Command[20101]
      Executed DbCommand (9ms) [Parameters=[], CommandType='Text', CommandTimeout='30']
      SELECT COUNT(*)
      FROM [Tickets] AS [t]
info: Microsoft.EntityFrameworkCore.Database.Command[20101]
      Executed DbCommand (69ms) [Parameters=[@userId='?' (DbType = Guid)], CommandType='Text', CommandTimeout='30']
      SELECT [t].[Id], [t].[AiSuggestedRoute], [t].[ApplicantFirstName], [t].[ApplicantId], [t].[ApplicantLastName], [t].[Application], [t].[AssigneeId], [t].[ClosingDate], [t].[CreatedAtUtc], [t].[Description], [t].[DomainId], [t].[EcrNumber], [t].[EnglishAccepted], [t].[JiraLink], [t].[LastSyncDate], [t].[Level], [t].[ModuleId], [t].[PartNumber], [t].[Priority], [t].[ReactivityDuration], [t].[ReferenceKZ], [t].[ReferenceSTLA], [t].[ResolvedAtUtc], [t].[SiteId], [t].[SlaDeadlineUtc], [t].[SourceSystemId], [t].[Status], [t].[SubModule], [t].[Summary], [t].[Title], [d].[Id], [d].[CreatedAtUtc], [d].[Description], [d].[Name], [s].[Id], [s].[ApiEndpoint], [s].[CreatedAtUtc], [s].[LastImportDate], [s].[Name]
      FROM [Tickets] AS [t]
      LEFT JOIN [Domains] AS [d] ON [t].[DomainId] = [d].[Id]
      INNER JOIN [SourceSystems] AS [s] ON [t].[SourceSystemId] = [s].[Id]
      WHERE [t].[AssigneeId] = @userId AND [t].[Status] NOT IN (4, 5)
      ORDER BY [t].[CreatedAtUtc] DESC
info: Microsoft.EntityFrameworkCore.Database.Command[20101]
      Executed DbCommand (9ms) [Parameters=[@userId='?' (DbType = Guid)], CommandType='Text', CommandTimeout='30']
      SELECT CAST(DATEDIFF(minute, [t].[CreatedAtUtc], [t].[ResolvedAtUtc]) AS float) / 60.0E0
      FROM [Tickets] AS [t]
      WHERE [t].[AssigneeId] = @userId AND [t].[ResolvedAtUtc] IS NOT NULL
info: Microsoft.EntityFrameworkCore.Database.Command[20101]
      Executed DbCommand (73ms) [Parameters=[], CommandType='Text', CommandTimeout='30']
      SELECT [t].[Id], [t].[AiSuggestedRoute], [t].[ApplicantFirstName], [t].[ApplicantId], [t].[ApplicantLastName], [t].[Application], [t].[AssigneeId], [t].[ClosingDate], [t].[CreatedAtUtc], [t].[Description], [t].[DomainId], [t].[EcrNumber], [t].[EnglishAccepted], [t].[JiraLink], [t].[LastSyncDate], [t].[Level], [t].[ModuleId], [t].[PartNumber], [t].[Priority], [t].[ReactivityDuration], [t].[ReferenceKZ], [t].[ReferenceSTLA], [t].[ResolvedAtUtc], [t].[SiteId], [t].[SlaDeadlineUtc], [t].[SourceSystemId], [t].[Status], [t].[SubModule], [t].[Summary], [t].[Title], [d].[Id], [d].[CreatedAtUtc], [d].[Description], [d].[Name], [s].[Id], [s].[ApiEndpoint], [s].[CreatedAtUtc], [s].[LastImportDate], [s].[Name]
      FROM [Tickets] AS [t]
      LEFT JOIN [Domains] AS [d] ON [t].[DomainId] = [d].[Id]
      INNER JOIN [SourceSystems] AS [s] ON [t].[SourceSystemId] = [s].[Id]
      WHERE [t].[Status] = 0 AND [t].[AssigneeId] IS NULL
      ORDER BY [t].[CreatedAtUtc] DESC
info: Microsoft.EntityFrameworkCore.Database.Command[20101]
      Executed DbCommand (13ms) [Parameters=[@p='?' (DbType = Int32), @p1='?' (DbType = Int32)], CommandType='Text', CommandTimeout='30']
      SELECT [t0].[Id], [t0].[AiSuggestedRoute], [t0].[ApplicantFirstName], [t0].[ApplicantId], [t0].[ApplicantLastName], [t0].[Application], [t0].[AssigneeId], [t0].[ClosingDate], [t0].[CreatedAtUtc], [t0].[Description], [t0].[DomainId], [t0].[EcrNumber], [t0].[EnglishAccepted], [t0].[JiraLink], [t0].[LastSyncDate], [t0].[Level], [t0].[ModuleId], [t0].[PartNumber], [t0].[Priority], [t0].[ReactivityDuration], [t0].[ReferenceKZ], [t0].[ReferenceSTLA], [t0].[ResolvedAtUtc], [t0].[SiteId], [t0].[SlaDeadlineUtc], [t0].[SourceSystemId], [t0].[Status], [t0].[SubModule], [t0].[Summary], [t0].[Title], [d].[Id], [d].[CreatedAtUtc], [d].[Description], [d].[Name], [s].[Id], [s].[ApiEndpoint], [s].[CreatedAtUtc], [s].[LastImportDate], [s].[Name]
      FROM (
          SELECT [t].[Id], [t].[AiSuggestedRoute], [t].[ApplicantFirstName], [t].[ApplicantId], [t].[ApplicantLastName], [t].[Application], [t].[AssigneeId], [t].[ClosingDate], [t].[CreatedAtUtc], [t].[Description], [t].[DomainId], [t].[EcrNumber], [t].[EnglishAccepted], [t].[JiraLink], [t].[LastSyncDate], [t].[Level], [t].[ModuleId], [t].[PartNumber], [t].[Priority], [t].[ReactivityDuration], [t].[ReferenceKZ], [t].[ReferenceSTLA], [t].[ResolvedAtUtc], [t].[SiteId], [t].[SlaDeadlineUtc], [t].[SourceSystemId], [t].[Status], [t].[SubModule], [t].[Summary], [t].[Title]
          FROM [Tickets] AS [t]
          ORDER BY [t].[CreatedAtUtc] DESC
          OFFSET @p ROWS FETCH NEXT @p1 ROWS ONLY
      ) AS [t0]
      LEFT JOIN [Domains] AS [d] ON [t0].[DomainId] = [d].[Id]
      INNER JOIN [SourceSystems] AS [s] ON [t0].[SourceSystemId] = [s].[Id]
      ORDER BY [t0].[CreatedAtUtc] DESC
info: Microsoft.EntityFrameworkCore.Database.Command[20101]
      Executed DbCommand (83ms) [Parameters=[@warningCutoff='?' (DbType = DateTime2)], CommandType='Text', CommandTimeout='30']
      SELECT [t].[Id], [t].[AiSuggestedRoute], [t].[ApplicantFirstName], [t].[ApplicantId], [t].[ApplicantLastName], [t].[Application], [t].[AssigneeId], [t].[ClosingDate], [t].[CreatedAtUtc], [t].[Description], [t].[DomainId], [t].[EcrNumber], [t].[EnglishAccepted], [t].[JiraLink], [t].[LastSyncDate], [t].[Level], [t].[ModuleId], [t].[PartNumber], [t].[Priority], [t].[ReactivityDuration], [t].[ReferenceKZ], [t].[ReferenceSTLA], [t].[ResolvedAtUtc], [t].[SiteId], [t].[SlaDeadlineUtc], [t].[SourceSystemId], [t].[Status], [t].[SubModule], [t].[Summary], [t].[Title]
      FROM [Tickets] AS [t]
      WHERE [t].[AssigneeId] IS NOT NULL AND [t].[Status] IN (1, 2) AND [t].[SlaDeadlineUtc] <= @warningCutoff
info: Microsoft.EntityFrameworkCore.Database.Command[20101]
      Executed DbCommand (21ms) [Parameters=[@_8__locals1_ticket_Id='?' (DbType = Guid), @_8__locals1_ticket_AssigneeId='?' (DbType = Guid), @type='?' (Size = 255)], CommandType='Text', CommandTimeout='30']
      SELECT CASE
          WHEN EXISTS (
              SELECT 1
              FROM [Notifications] AS [n]
              WHERE [n].[TicketId] = @_8__locals1_ticket_Id AND [n].[UserId] = @_8__locals1_ticket_AssigneeId AND [n].[Type] = @type) THEN CAST(1 AS bit)
          ELSE CAST(0 AS bit)
      END
info: Microsoft.EntityFrameworkCore.Database.Command[20101]
      Executed DbCommand (1ms) [Parameters=[@_8__locals1_ticket_Id='?' (DbType = Guid), @_8__locals1_ticket_AssigneeId='?' (DbType = Guid), @type='?' (Size = 255)], CommandType='Text', CommandTimeout='30']
      SELECT CASE
          WHEN EXISTS (
              SELECT 1
              FROM [Notifications] AS [n]
              WHERE [n].[TicketId] = @_8__locals1_ticket_Id AND [n].[UserId] = @_8__locals1_ticket_AssigneeId AND [n].[Type] = @type) THEN CAST(1 AS bit)
          ELSE CAST(0 AS bit)
      END
info: Microsoft.EntityFrameworkCore.Database.Command[20101]
      Executed DbCommand (1ms) [Parameters=[@_8__locals1_ticket_Id='?' (DbType = Guid), @_8__locals1_ticket_AssigneeId='?' (DbType = Guid), @type='?' (Size = 255)], CommandType='Text', CommandTimeout='30']
      SELECT CASE
          WHEN EXISTS (
              SELECT 1
              FROM [Notifications] AS [n]
              WHERE [n].[TicketId] = @_8__locals1_ticket_Id AND [n].[UserId] = @_8__locals1_ticket_AssigneeId AND [n].[Type] = @type) THEN CAST(1 AS bit)
          ELSE CAST(0 AS bit)
      END
info: Microsoft.EntityFrameworkCore.Database.Command[20101]
      Executed DbCommand (1ms) [Parameters=[@_8__locals1_ticket_Id='?' (DbType = Guid), @_8__locals1_ticket_AssigneeId='?' (DbType = Guid), @type='?' (Size = 255)], CommandType='Text', CommandTimeout='30']
      SELECT CASE
          WHEN EXISTS (
              SELECT 1
              FROM [Notifications] AS [n]
              WHERE [n].[TicketId] = @_8__locals1_ticket_Id AND [n].[UserId] = @_8__locals1_ticket_AssigneeId AND [n].[Type] = @type) THEN CAST(1 AS bit)
          ELSE CAST(0 AS bit)
      END
info: Microsoft.EntityFrameworkCore.Database.Command[20101]
      Executed DbCommand (4ms) [Parameters=[@_8__locals1_ticket_Id='?' (DbType = Guid), @_8__locals1_ticket_AssigneeId='?' (DbType = Guid), @type='?' (Size = 255)], CommandType='Text', CommandTimeout='30']
      SELECT CASE
          WHEN EXISTS (
              SELECT 1
              FROM [Notifications] AS [n]
              WHERE [n].[TicketId] = @_8__locals1_ticket_Id AND [n].[UserId] = @_8__locals1_ticket_AssigneeId AND [n].[Type] = @type) THEN CAST(1 AS bit)
          ELSE CAST(0 AS bit)
      END
info: Microsoft.EntityFrameworkCore.Database.Command[20101]
      Executed DbCommand (1ms) [Parameters=[@_8__locals1_ticket_Id='?' (DbType = Guid), @_8__locals1_ticket_AssigneeId='?' (DbType = Guid), @type='?' (Size = 255)], CommandType='Text', CommandTimeout='30']
      SELECT CASE
          WHEN EXISTS (
              SELECT 1
              FROM [Notifications] AS [n]
              WHERE [n].[TicketId] = @_8__locals1_ticket_Id AND [n].[UserId] = @_8__locals1_ticket_AssigneeId AND [n].[Type] = @type) THEN CAST(1 AS bit)
          ELSE CAST(0 AS bit)
      END
info: Microsoft.EntityFrameworkCore.Database.Command[20101]
      Executed DbCommand (1ms) [Parameters=[@_8__locals1_ticket_Id='?' (DbType = Guid), @_8__locals1_ticket_AssigneeId='?' (DbType = Guid), @type='?' (Size = 255)], CommandType='Text', CommandTimeout='30']
      SELECT CASE
          WHEN EXISTS (
              SELECT 1
              FROM [Notifications] AS [n]
              WHERE [n].[TicketId] = @_8__locals1_ticket_Id AND [n].[UserId] = @_8__locals1_ticket_AssigneeId AND [n].[Type] = @type) THEN CAST(1 AS bit)
          ELSE CAST(0 AS bit)
      END
info: Microsoft.EntityFrameworkCore.Database.Command[20101]
      Executed DbCommand (1ms) [Parameters=[@_8__locals1_ticket_Id='?' (DbType = Guid), @_8__locals1_ticket_AssigneeId='?' (DbType = Guid), @type='?' (Size = 255)], CommandType='Text', CommandTimeout='30']
      SELECT CASE
          WHEN EXISTS (
              SELECT 1
              FROM [Notifications] AS [n]
              WHERE [n].[TicketId] = @_8__locals1_ticket_Id AND [n].[UserId] = @_8__locals1_ticket_AssigneeId AND [n].[Type] = @type) THEN CAST(1 AS bit)
          ELSE CAST(0 AS bit)
      END
info: Microsoft.EntityFrameworkCore.Database.Command[20101]
      Executed DbCommand (1ms) [Parameters=[@_8__locals1_ticket_Id='?' (DbType = Guid), @_8__locals1_ticket_AssigneeId='?' (DbType = Guid), @type='?' (Size = 255)], CommandType='Text', CommandTimeout='30']
      SELECT CASE
          WHEN EXISTS (
              SELECT 1
              FROM [Notifications] AS [n]
              WHERE [n].[TicketId] = @_8__locals1_ticket_Id AND [n].[UserId] = @_8__locals1_ticket_AssigneeId AND [n].[Type] = @type) THEN CAST(1 AS bit)
          ELSE CAST(0 AS bit)
      END
info: Microsoft.EntityFrameworkCore.Database.Command[20101]
      Executed DbCommand (0ms) [Parameters=[@_8__locals1_ticket_Id='?' (DbType = Guid), @_8__locals1_ticket_AssigneeId='?' (DbType = Guid), @type='?' (Size = 255)], CommandType='Text', CommandTimeout='30']
      SELECT CASE
          WHEN EXISTS (
              SELECT 1
              FROM [Notifications] AS [n]
              WHERE [n].[TicketId] = @_8__locals1_ticket_Id AND [n].[UserId] = @_8__locals1_ticket_AssigneeId AND [n].[Type] = @type) THEN CAST(1 AS bit)
          ELSE CAST(0 AS bit)
      END
info: Microsoft.EntityFrameworkCore.Database.Command[20101]
      Executed DbCommand (1ms) [Parameters=[@_8__locals1_ticket_Id='?' (DbType = Guid), @_8__locals1_ticket_AssigneeId='?' (DbType = Guid), @type='?' (Size = 255)], CommandType='Text', CommandTimeout='30']
      SELECT CASE
          WHEN EXISTS (
              SELECT 1
              FROM [Notifications] AS [n]
              WHERE [n].[TicketId] = @_8__locals1_ticket_Id AND [n].[UserId] = @_8__locals1_ticket_AssigneeId AND [n].[Type] = @type) THEN CAST(1 AS bit)
          ELSE CAST(0 AS bit)
      END
info: Microsoft.EntityFrameworkCore.Database.Command[20101]
      Executed DbCommand (1ms) [Parameters=[@_8__locals1_ticket_Id='?' (DbType = Guid), @_8__locals1_ticket_AssigneeId='?' (DbType = Guid), @type='?' (Size = 255)], CommandType='Text', CommandTimeout='30']
      SELECT CASE
          WHEN EXISTS (
              SELECT 1
              FROM [Notifications] AS [n]
              WHERE [n].[TicketId] = @_8__locals1_ticket_Id AND [n].[UserId] = @_8__locals1_ticket_AssigneeId AND [n].[Type] = @type) THEN CAST(1 AS bit)
          ELSE CAST(0 AS bit)
      END
info: Microsoft.EntityFrameworkCore.Database.Command[20101]
      Executed DbCommand (0ms) [Parameters=[@_8__locals1_ticket_Id='?' (DbType = Guid), @_8__locals1_ticket_AssigneeId='?' (DbType = Guid), @type='?' (Size = 255)], CommandType='Text', CommandTimeout='30']
      SELECT CASE
          WHEN EXISTS (
              SELECT 1
              FROM [Notifications] AS [n]
              WHERE [n].[TicketId] = @_8__locals1_ticket_Id AND [n].[UserId] = @_8__locals1_ticket_AssigneeId AND [n].[Type] = @type) THEN CAST(1 AS bit)
          ELSE CAST(0 AS bit)
      END
info: Microsoft.EntityFrameworkCore.Database.Command[20101]
      Executed DbCommand (0ms) [Parameters=[@_8__locals1_ticket_Id='?' (DbType = Guid), @_8__locals1_ticket_AssigneeId='?' (DbType = Guid), @type='?' (Size = 255)], CommandType='Text', CommandTimeout='30']
      SELECT CASE
          WHEN EXISTS (
              SELECT 1
              FROM [Notifications] AS [n]
              WHERE [n].[TicketId] = @_8__locals1_ticket_Id AND [n].[UserId] = @_8__locals1_ticket_AssigneeId AND [n].[Type] = @type) THEN CAST(1 AS bit)
          ELSE CAST(0 AS bit)
      END
info: Microsoft.EntityFrameworkCore.Database.Command[20101]
      Executed DbCommand (1ms) [Parameters=[@_8__locals1_ticket_Id='?' (DbType = Guid), @_8__locals1_ticket_AssigneeId='?' (DbType = Guid), @type='?' (Size = 255)], CommandType='Text', CommandTimeout='30']
      SELECT CASE
          WHEN EXISTS (
              SELECT 1
              FROM [Notifications] AS [n]
              WHERE [n].[TicketId] = @_8__locals1_ticket_Id AND [n].[UserId] = @_8__locals1_ticket_AssigneeId AND [n].[Type] = @type) THEN CAST(1 AS bit)
          ELSE CAST(0 AS bit)
      END
info: Microsoft.EntityFrameworkCore.Database.Command[20101]
      Executed DbCommand (1ms) [Parameters=[@_8__locals1_ticket_Id='?' (DbType = Guid), @_8__locals1_ticket_AssigneeId='?' (DbType = Guid), @type='?' (Size = 255)], CommandType='Text', CommandTimeout='30']
      SELECT CASE
          WHEN EXISTS (
              SELECT 1
              FROM [Notifications] AS [n]
              WHERE [n].[TicketId] = @_8__locals1_ticket_Id AND [n].[UserId] = @_8__locals1_ticket_AssigneeId AND [n].[Type] = @type) THEN CAST(1 AS bit)
          ELSE CAST(0 AS bit)
      END
info: Microsoft.EntityFrameworkCore.Database.Command[20101]
      Executed DbCommand (1ms) [Parameters=[@_8__locals1_ticket_Id='?' (DbType = Guid), @_8__locals1_ticket_AssigneeId='?' (DbType = Guid), @type='?' (Size = 255)], CommandType='Text', CommandTimeout='30']
      SELECT CASE
          WHEN EXISTS (
              SELECT 1
              FROM [Notifications] AS [n]
              WHERE [n].[TicketId] = @_8__locals1_ticket_Id AND [n].[UserId] = @_8__locals1_ticket_AssigneeId AND [n].[Type] = @type) THEN CAST(1 AS bit)
          ELSE CAST(0 AS bit)
      END
info: Microsoft.EntityFrameworkCore.Database.Command[20101]
      Executed DbCommand (1ms) [Parameters=[@_8__locals1_ticket_Id='?' (DbType = Guid), @_8__locals1_ticket_AssigneeId='?' (DbType = Guid), @type='?' (Size = 255)], CommandType='Text', CommandTimeout='30']
      SELECT CASE
          WHEN EXISTS (
              SELECT 1
              FROM [Notifications] AS [n]
              WHERE [n].[TicketId] = @_8__locals1_ticket_Id AND [n].[UserId] = @_8__locals1_ticket_AssigneeId AND [n].[Type] = @type) THEN CAST(1 AS bit)
          ELSE CAST(0 AS bit)
      END
info: Microsoft.EntityFrameworkCore.Database.Command[20101]
      Executed DbCommand (0ms) [Parameters=[@_8__locals1_ticket_Id='?' (DbType = Guid), @_8__locals1_ticket_AssigneeId='?' (DbType = Guid), @type='?' (Size = 255)], CommandType='Text', CommandTimeout='30']
      SELECT CASE
          WHEN EXISTS (
              SELECT 1
              FROM [Notifications] AS [n]
              WHERE [n].[TicketId] = @_8__locals1_ticket_Id AND [n].[UserId] = @_8__locals1_ticket_AssigneeId AND [n].[Type] = @type) THEN CAST(1 AS bit)
          ELSE CAST(0 AS bit)
      END
info: Microsoft.EntityFrameworkCore.Database.Command[20101]
      Executed DbCommand (0ms) [Parameters=[@_8__locals1_ticket_Id='?' (DbType = Guid), @_8__locals1_ticket_AssigneeId='?' (DbType = Guid), @type='?' (Size = 255)], CommandType='Text', CommandTimeout='30']
      SELECT CASE
          WHEN EXISTS (
              SELECT 1
              FROM [Notifications] AS [n]
              WHERE [n].[TicketId] = @_8__locals1_ticket_Id AND [n].[UserId] = @_8__locals1_ticket_AssigneeId AND [n].[Type] = @type) THEN CAST(1 AS bit)
          ELSE CAST(0 AS bit)
      END
info: Microsoft.EntityFrameworkCore.Database.Command[20101]
      Executed DbCommand (1ms) [Parameters=[@_8__locals1_ticket_Id='?' (DbType = Guid), @_8__locals1_ticket_AssigneeId='?' (DbType = Guid), @type='?' (Size = 255)], CommandType='Text', CommandTimeout='30']
      SELECT CASE
          WHEN EXISTS (
              SELECT 1
              FROM [Notifications] AS [n]
              WHERE [n].[TicketId] = @_8__locals1_ticket_Id AND [n].[UserId] = @_8__locals1_ticket_AssigneeId AND [n].[Type] = @type) THEN CAST(1 AS bit)
          ELSE CAST(0 AS bit)
      END
info: Microsoft.EntityFrameworkCore.Database.Command[20101]
      Executed DbCommand (1ms) [Parameters=[@_8__locals1_ticket_Id='?' (DbType = Guid), @_8__locals1_ticket_AssigneeId='?' (DbType = Guid), @type='?' (Size = 255)], CommandType='Text', CommandTimeout='30']
      SELECT CASE
          WHEN EXISTS (
              SELECT 1
              FROM [Notifications] AS [n]
              WHERE [n].[TicketId] = @_8__locals1_ticket_Id AND [n].[UserId] = @_8__locals1_ticket_AssigneeId AND [n].[Type] = @type) THEN CAST(1 AS bit)
          ELSE CAST(0 AS bit)
      END
info: Microsoft.EntityFrameworkCore.Database.Command[20101]
      Executed DbCommand (16ms) [Parameters=[@normalizedEmail='?' (Size = 256)], CommandType='Text', CommandTimeout='30']
      SELECT TOP(2) [a].[Id], [a].[AccessFailedCount], [a].[AltenId], [a].[Availability], [a].[AvatarColor], [a].[ConcurrencyStamp], [a].[CreatedAt], [a].[Email], [a].[EmailConfirmed], [a].[EmailStellantis], [a].[FirstName], [a].[IdStellantis], [a].[Languages], [a].[LastName], [a].[LockoutEnabled], [a].[LockoutEnd], [a].[MustChangePassword], [a].[NormalizedEmail], [a].[NormalizedUserName], [a].[PasswordHash], [a].[PasswordResetCode], [a].[PasswordResetCodeExpiresAtUtc], [a].[PhoneNumber], [a].[PhoneNumberConfirmed], [a].[ProfilePhotoUrl], [a].[Role], [a].[SecurityStamp], [a].[Status], [a].[TeamId], [a].[TwoFactorEnabled], [a].[UserName]
      FROM [AspNetUsers] AS [a]
      WHERE [a].[NormalizedEmail] = @normalizedEmail
info: Microsoft.EntityFrameworkCore.Database.Command[20101]
      Executed DbCommand (14ms) [Parameters=[@p0='?' (DbType = Guid), @p1='?' (DbType = DateTime2), @p2='?' (DbType = DateTime2), @p3='?' (DbType = DateTime2), @p4='?' (Size = 255), @p5='?' (DbType = Guid)], CommandType='Text', CommandTimeout='30']
      SET IMPLICIT_TRANSACTIONS OFF;
      SET NOCOUNT ON;
      INSERT INTO [RefreshTokens] ([Id], [CreatedAtUtc], [ExpiresAtUtc], [RevokedAtUtc], [Token], [UserId])
      VALUES (@p0, @p1, @p2, @p3, @p4, @p5);
info: Microsoft.EntityFrameworkCore.Database.Command[20101]
      Executed DbCommand (19ms) [Parameters=[@CurrentUserId='?' (DbType = Guid)], CommandType='Text', CommandTimeout='30']
      SELECT COUNT(*)
      FROM [Notifications] AS [n]
      WHERE [n].[UserId] = @CurrentUserId AND [n].[Read] = CAST(0 AS bit)
info: Microsoft.EntityFrameworkCore.Database.Command[20101]
      Executed DbCommand (6ms) [Parameters=[@CurrentUserId='?' (DbType = Guid)], CommandType='Text', CommandTimeout='30']
      SELECT COUNT(*)
      FROM [Notifications] AS [n]
      WHERE [n].[UserId] = @CurrentUserId AND [n].[Read] = CAST(0 AS bit)
info: Microsoft.EntityFrameworkCore.Database.Command[20101]
      Executed DbCommand (6ms) [Parameters=[@CurrentUserId='?' (DbType = Guid)], CommandType='Text', CommandTimeout='30']
      SELECT COUNT(*)
      FROM [Notifications] AS [n]
      WHERE [n].[UserId] = @CurrentUserId AND [n].[Read] = CAST(0 AS bit)
info: Microsoft.EntityFrameworkCore.Database.Command[20101]
      Executed DbCommand (6ms) [Parameters=[@CurrentUserId='?' (DbType = Guid)], CommandType='Text', CommandTimeout='30']
      SELECT COUNT(*)
      FROM [Notifications] AS [n]
      WHERE [n].[UserId] = @CurrentUserId AND [n].[Read] = CAST(0 AS bit)
info: Microsoft.EntityFrameworkCore.Database.Command[20101]
      Executed DbCommand (94ms) [Parameters=[@userId='?' (DbType = Guid), @todayUtc='?' (DbType = DateTime2)], CommandType='Text', CommandTimeout='30']
      SELECT COUNT(*)
      FROM [Tickets] AS [t]
      WHERE [t].[AssigneeId] = @userId AND [t].[ResolvedAtUtc] IS NOT NULL AND CONVERT(date, [t].[ResolvedAtUtc]) = @todayUtc
info: Microsoft.EntityFrameworkCore.Database.Command[20101]
      Executed DbCommand (5ms) [Parameters=[@userId='?' (DbType = Guid)], CommandType='Text', CommandTimeout='30']
      SELECT CAST(DATEDIFF(minute, [t].[CreatedAtUtc], [t].[ResolvedAtUtc]) AS float) / 60.0E0
      FROM [Tickets] AS [t]
      WHERE [t].[AssigneeId] = @userId AND [t].[ResolvedAtUtc] IS NOT NULL
info: Microsoft.EntityFrameworkCore.Database.Command[20101]
      Executed DbCommand (36ms) [Parameters=[], CommandType='Text', CommandTimeout='30']
      SELECT COUNT(*)
      FROM [Tickets] AS [t]
info: Microsoft.EntityFrameworkCore.Database.Command[20101]
      Executed DbCommand (65ms) [Parameters=[@userId='?' (DbType = Guid)], CommandType='Text', CommandTimeout='30']
      SELECT [t].[Id], [t].[AiSuggestedRoute], [t].[ApplicantFirstName], [t].[ApplicantId], [t].[ApplicantLastName], [t].[Application], [t].[AssigneeId], [t].[ClosingDate], [t].[CreatedAtUtc], [t].[Description], [t].[DomainId], [t].[EcrNumber], [t].[EnglishAccepted], [t].[JiraLink], [t].[LastSyncDate], [t].[Level], [t].[ModuleId], [t].[PartNumber], [t].[Priority], [t].[ReactivityDuration], [t].[ReferenceKZ], [t].[ReferenceSTLA], [t].[ResolvedAtUtc], [t].[SiteId], [t].[SlaDeadlineUtc], [t].[SourceSystemId], [t].[Status], [t].[SubModule], [t].[Summary], [t].[Title], [d].[Id], [d].[CreatedAtUtc], [d].[Description], [d].[Name], [s].[Id], [s].[ApiEndpoint], [s].[CreatedAtUtc], [s].[LastImportDate], [s].[Name]
      FROM [Tickets] AS [t]
      LEFT JOIN [Domains] AS [d] ON [t].[DomainId] = [d].[Id]
      INNER JOIN [SourceSystems] AS [s] ON [t].[SourceSystemId] = [s].[Id]
      WHERE [t].[AssigneeId] = @userId AND [t].[Status] NOT IN (4, 5)
      ORDER BY [t].[CreatedAtUtc] DESC
info: Microsoft.EntityFrameworkCore.Database.Command[20101]
      Executed DbCommand (94ms) [Parameters=[], CommandType='Text', CommandTimeout='30']
      SELECT [t].[Id], [t].[AiSuggestedRoute], [t].[ApplicantFirstName], [t].[ApplicantId], [t].[ApplicantLastName], [t].[Application], [t].[AssigneeId], [t].[ClosingDate], [t].[CreatedAtUtc], [t].[Description], [t].[DomainId], [t].[EcrNumber], [t].[EnglishAccepted], [t].[JiraLink], [t].[LastSyncDate], [t].[Level], [t].[ModuleId], [t].[PartNumber], [t].[Priority], [t].[ReactivityDuration], [t].[ReferenceKZ], [t].[ReferenceSTLA], [t].[ResolvedAtUtc], [t].[SiteId], [t].[SlaDeadlineUtc], [t].[SourceSystemId], [t].[Status], [t].[SubModule], [t].[Summary], [t].[Title], [d].[Id], [d].[CreatedAtUtc], [d].[Description], [d].[Name], [s].[Id], [s].[ApiEndpoint], [s].[CreatedAtUtc], [s].[LastImportDate], [s].[Name]
      FROM [Tickets] AS [t]
      LEFT JOIN [Domains] AS [d] ON [t].[DomainId] = [d].[Id]
      INNER JOIN [SourceSystems] AS [s] ON [t].[SourceSystemId] = [s].[Id]
      WHERE [t].[Status] = 0 AND [t].[AssigneeId] IS NULL
      ORDER BY [t].[CreatedAtUtc] DESC
info: Microsoft.EntityFrameworkCore.Database.Command[20101]
      Executed DbCommand (27ms) [Parameters=[@p='?' (DbType = Int32), @p1='?' (DbType = Int32)], CommandType='Text', CommandTimeout='30']
      SELECT [t0].[Id], [t0].[AiSuggestedRoute], [t0].[ApplicantFirstName], [t0].[ApplicantId], [t0].[ApplicantLastName], [t0].[Application], [t0].[AssigneeId], [t0].[ClosingDate], [t0].[CreatedAtUtc], [t0].[Description], [t0].[DomainId], [t0].[EcrNumber], [t0].[EnglishAccepted], [t0].[JiraLink], [t0].[LastSyncDate], [t0].[Level], [t0].[ModuleId], [t0].[PartNumber], [t0].[Priority], [t0].[ReactivityDuration], [t0].[ReferenceKZ], [t0].[ReferenceSTLA], [t0].[ResolvedAtUtc], [t0].[SiteId], [t0].[SlaDeadlineUtc], [t0].[SourceSystemId], [t0].[Status], [t0].[SubModule], [t0].[Summary], [t0].[Title], [d].[Id], [d].[CreatedAtUtc], [d].[Description], [d].[Name], [s].[Id], [s].[ApiEndpoint], [s].[CreatedAtUtc], [s].[LastImportDate], [s].[Name]
      FROM (
          SELECT [t].[Id], [t].[AiSuggestedRoute], [t].[ApplicantFirstName], [t].[ApplicantId], [t].[ApplicantLastName], [t].[Application], [t].[AssigneeId], [t].[ClosingDate], [t].[CreatedAtUtc], [t].[Description], [t].[DomainId], [t].[EcrNumber], [t].[EnglishAccepted], [t].[JiraLink], [t].[LastSyncDate], [t].[Level], [t].[ModuleId], [t].[PartNumber], [t].[Priority], [t].[ReactivityDuration], [t].[ReferenceKZ], [t].[ReferenceSTLA], [t].[ResolvedAtUtc], [t].[SiteId], [t].[SlaDeadlineUtc], [t].[SourceSystemId], [t].[Status], [t].[SubModule], [t].[Summary], [t].[Title]
          FROM [Tickets] AS [t]
          ORDER BY [t].[CreatedAtUtc] DESC
          OFFSET @p ROWS FETCH NEXT @p1 ROWS ONLY
      ) AS [t0]
      LEFT JOIN [Domains] AS [d] ON [t0].[DomainId] = [d].[Id]
      INNER JOIN [SourceSystems] AS [s] ON [t0].[SourceSystemId] = [s].[Id]
      ORDER BY [t0].[CreatedAtUtc] DESC
info: Microsoft.EntityFrameworkCore.Database.Command[20101]
      Executed DbCommand (16,772ms) [Parameters=[@CurrentUserId='?' (DbType = Guid)], CommandType='Text', CommandTimeout='30']
      SELECT COUNT(*)
      FROM [Notifications] AS [n]
      WHERE [n].[UserId] = @CurrentUserId AND [n].[Read] = CAST(0 AS bit)
info: Microsoft.EntityFrameworkCore.Database.Command[20101]
      Executed DbCommand (16,747ms) [Parameters=[@userId='?' (DbType = Guid)], CommandType='Text', CommandTimeout='30']
      SELECT [t].[Status]
      FROM [Tickets] AS [t]
      WHERE [t].[AssigneeId] = @userId
info: Microsoft.EntityFrameworkCore.Database.Command[20101]
      Executed DbCommand (116ms) [Parameters=[@CurrentUserId='?' (DbType = Guid)], CommandType='Text', CommandTimeout='30']
      SELECT COUNT(*)
      FROM [Notifications] AS [n]
      WHERE [n].[UserId] = @CurrentUserId AND [n].[Read] = CAST(0 AS bit)
info: Microsoft.EntityFrameworkCore.Database.Command[20101]
      Executed DbCommand (16,856ms) [Parameters=[@userId='?' (DbType = Guid)], CommandType='Text', CommandTimeout='30']
      SELECT [t].[Id], [t].[AiSuggestedRoute], [t].[ApplicantFirstName], [t].[ApplicantId], [t].[ApplicantLastName], [t].[Application], [t].[AssigneeId], [t].[ClosingDate], [t].[CreatedAtUtc], [t].[Description], [t].[DomainId], [t].[EcrNumber], [t].[EnglishAccepted], [t].[JiraLink], [t].[LastSyncDate], [t].[Level], [t].[ModuleId], [t].[PartNumber], [t].[Priority], [t].[ReactivityDuration], [t].[ReferenceKZ], [t].[ReferenceSTLA], [t].[ResolvedAtUtc], [t].[SiteId], [t].[SlaDeadlineUtc], [t].[SourceSystemId], [t].[Status], [t].[SubModule], [t].[Summary], [t].[Title], [d].[Id], [d].[CreatedAtUtc], [d].[Description], [d].[Name], [s].[Id], [s].[ApiEndpoint], [s].[CreatedAtUtc], [s].[LastImportDate], [s].[Name]
      FROM [Tickets] AS [t]
      LEFT JOIN [Domains] AS [d] ON [t].[DomainId] = [d].[Id]
      INNER JOIN [SourceSystems] AS [s] ON [t].[SourceSystemId] = [s].[Id]
      WHERE [t].[AssigneeId] = @userId
      ORDER BY [t].[CreatedAtUtc] DESC
info: Microsoft.EntityFrameworkCore.Database.Command[20101]
      Executed DbCommand (16,890ms) [Parameters=[], CommandType='Text', CommandTimeout='30']
      SELECT [t].[Id], [t].[AiSuggestedRoute], [t].[ApplicantFirstName], [t].[ApplicantId], [t].[ApplicantLastName], [t].[Application], [t].[AssigneeId], [t].[ClosingDate], [t].[CreatedAtUtc], [t].[Description], [t].[DomainId], [t].[EcrNumber], [t].[EnglishAccepted], [t].[JiraLink], [t].[LastSyncDate], [t].[Level], [t].[ModuleId], [t].[PartNumber], [t].[Priority], [t].[ReactivityDuration], [t].[ReferenceKZ], [t].[ReferenceSTLA], [t].[ResolvedAtUtc], [t].[SiteId], [t].[SlaDeadlineUtc], [t].[SourceSystemId], [t].[Status], [t].[SubModule], [t].[Summary], [t].[Title], [d].[Id], [d].[CreatedAtUtc], [d].[Description], [d].[Name], [s].[Id], [s].[ApiEndpoint], [s].[CreatedAtUtc], [s].[LastImportDate], [s].[Name]
      FROM [Tickets] AS [t]
      LEFT JOIN [Domains] AS [d] ON [t].[DomainId] = [d].[Id]
      INNER JOIN [SourceSystems] AS [s] ON [t].[SourceSystemId] = [s].[Id]
      WHERE [t].[Status] = 0 AND [t].[AssigneeId] IS NULL
      ORDER BY [t].[CreatedAtUtc] DESC
info: Microsoft.EntityFrameworkCore.Database.Command[20101]
      Executed DbCommand (1ms) [Parameters=[@CurrentUserId='?' (DbType = Guid)], CommandType='Text', CommandTimeout='30']
      SELECT COUNT(*)
      FROM [Notifications] AS [n]
      WHERE [n].[UserId] = @CurrentUserId AND [n].[Read] = CAST(0 AS bit)
info: Microsoft.EntityFrameworkCore.Database.Command[20101]
      Executed DbCommand (9ms) [Parameters=[@CurrentUserId='?' (DbType = Guid)], CommandType='Text', CommandTimeout='30']
      SELECT COUNT(*)
      FROM [Notifications] AS [n]
      WHERE [n].[UserId] = @CurrentUserId AND [n].[Read] = CAST(0 AS bit)
info: Microsoft.EntityFrameworkCore.Database.Command[20101]
      Executed DbCommand (8ms) [Parameters=[@normalizedEmail='?' (Size = 256)], CommandType='Text', CommandTimeout='30']
      SELECT TOP(2) [a].[Id], [a].[AccessFailedCount], [a].[AltenId], [a].[Availability], [a].[AvatarColor], [a].[ConcurrencyStamp], [a].[CreatedAt], [a].[Email], [a].[EmailConfirmed], [a].[EmailStellantis], [a].[FirstName], [a].[IdStellantis], [a].[Languages], [a].[LastName], [a].[LockoutEnabled], [a].[LockoutEnd], [a].[MustChangePassword], [a].[NormalizedEmail], [a].[NormalizedUserName], [a].[PasswordHash], [a].[PasswordResetCode], [a].[PasswordResetCodeExpiresAtUtc], [a].[PhoneNumber], [a].[PhoneNumberConfirmed], [a].[ProfilePhotoUrl], [a].[Role], [a].[SecurityStamp], [a].[Status], [a].[TeamId], [a].[TwoFactorEnabled], [a].[UserName]
      FROM [AspNetUsers] AS [a]
      WHERE [a].[NormalizedEmail] = @normalizedEmail
info: Microsoft.EntityFrameworkCore.Database.Command[20101]
      Executed DbCommand (7ms) [Parameters=[@p0='?' (DbType = Guid), @p1='?' (DbType = DateTime2), @p2='?' (DbType = DateTime2), @p3='?' (DbType = DateTime2), @p4='?' (Size = 255), @p5='?' (DbType = Guid)], CommandType='Text', CommandTimeout='30']
      SET IMPLICIT_TRANSACTIONS OFF;
      SET NOCOUNT ON;
      INSERT INTO [RefreshTokens] ([Id], [CreatedAtUtc], [ExpiresAtUtc], [RevokedAtUtc], [Token], [UserId])
      VALUES (@p0, @p1, @p2, @p3, @p4, @p5);
info: Microsoft.EntityFrameworkCore.Database.Command[20101]
      Executed DbCommand (9ms) [Parameters=[@userId='?' (DbType = Guid)], CommandType='Text', CommandTimeout='30']
      SELECT [t].[Id], [t].[AiSuggestedRoute], [t].[ApplicantFirstName], [t].[ApplicantId], [t].[ApplicantLastName], [t].[Application], [t].[AssigneeId], [t].[ClosingDate], [t].[CreatedAtUtc], [t].[Description], [t].[DomainId], [t].[EcrNumber], [t].[EnglishAccepted], [t].[JiraLink], [t].[LastSyncDate], [t].[Level], [t].[ModuleId], [t].[PartNumber], [t].[Priority], [t].[ReactivityDuration], [t].[ReferenceKZ], [t].[ReferenceSTLA], [t].[ResolvedAtUtc], [t].[SiteId], [t].[SlaDeadlineUtc], [t].[SourceSystemId], [t].[Status], [t].[SubModule], [t].[Summary], [t].[Title], [d].[Id], [d].[CreatedAtUtc], [d].[Description], [d].[Name], [s].[Id], [s].[ApiEndpoint], [s].[CreatedAtUtc], [s].[LastImportDate], [s].[Name]
      FROM [Tickets] AS [t]
      LEFT JOIN [Domains] AS [d] ON [t].[DomainId] = [d].[Id]
      INNER JOIN [SourceSystems] AS [s] ON [t].[SourceSystemId] = [s].[Id]
      WHERE [t].[AssigneeId] = @userId AND [t].[Status] NOT IN (4, 5)
      ORDER BY [t].[CreatedAtUtc] DESC
info: Microsoft.EntityFrameworkCore.Database.Command[20101]
      Executed DbCommand (3ms) [Parameters=[@userId='?' (DbType = Guid)], CommandType='Text', CommandTimeout='30']
      SELECT [t].[Id], [t].[AiSuggestedRoute], [t].[ApplicantFirstName], [t].[ApplicantId], [t].[ApplicantLastName], [t].[Application], [t].[AssigneeId], [t].[ClosingDate], [t].[CreatedAtUtc], [t].[Description], [t].[DomainId], [t].[EcrNumber], [t].[EnglishAccepted], [t].[JiraLink], [t].[LastSyncDate], [t].[Level], [t].[ModuleId], [t].[PartNumber], [t].[Priority], [t].[ReactivityDuration], [t].[ReferenceKZ], [t].[ReferenceSTLA], [t].[ResolvedAtUtc], [t].[SiteId], [t].[SlaDeadlineUtc], [t].[SourceSystemId], [t].[Status], [t].[SubModule], [t].[Summary], [t].[Title], [d].[Id], [d].[CreatedAtUtc], [d].[Description], [d].[Name], [s].[Id], [s].[ApiEndpoint], [s].[CreatedAtUtc], [s].[LastImportDate], [s].[Name]
      FROM [Tickets] AS [t]
      LEFT JOIN [Domains] AS [d] ON [t].[DomainId] = [d].[Id]
      INNER JOIN [SourceSystems] AS [s] ON [t].[SourceSystemId] = [s].[Id]
      WHERE [t].[AssigneeId] = @userId AND [t].[Status] NOT IN (4, 5)
      ORDER BY [t].[CreatedAtUtc] DESC
info: Microsoft.EntityFrameworkCore.Database.Command[20101]
      Executed DbCommand (49ms) [Parameters=[@referenceKz='?' (Size = 255)], CommandType='Text', CommandTimeout='30']
      SELECT [s1].[Id], [s1].[AiSuggestedRoute], [s1].[ApplicantFirstName], [s1].[ApplicantId], [s1].[ApplicantLastName], [s1].[Application], [s1].[AssigneeId], [s1].[ClosingDate], [s1].[CreatedAtUtc], [s1].[Description], [s1].[DomainId], [s1].[EcrNumber], [s1].[EnglishAccepted], [s1].[JiraLink], [s1].[LastSyncDate], [s1].[Level], [s1].[ModuleId], [s1].[PartNumber], [s1].[Priority], [s1].[ReactivityDuration], [s1].[ReferenceKZ], [s1].[ReferenceSTLA], [s1].[ResolvedAtUtc], [s1].[SiteId], [s1].[SlaDeadlineUtc], [s1].[SourceSystemId], [s1].[Status], [s1].[SubModule], [s1].[Summary], [s1].[Title], [s1].[Id0], [s1].[AccessFailedCount], [s1].[AltenId], [s1].[Availability], [s1].[AvatarColor], [s1].[ConcurrencyStamp], [s1].[CreatedAt], [s1].[Email], [s1].[EmailConfirmed], [s1].[EmailStellantis], [s1].[FirstName], [s1].[IdStellantis], [s1].[Languages], [s1].[LastName], [s1].[LockoutEnabled], [s1].[LockoutEnd], [s1].[MustChangePassword], [s1].[NormalizedEmail], [s1].[NormalizedUserName], [s1].[PasswordHash], [s1].[PasswordResetCode], [s1].[PasswordResetCodeExpiresAtUtc], [s1].[PhoneNumber], [s1].[PhoneNumberConfirmed], [s1].[ProfilePhotoUrl], [s1].[Role], [s1].[SecurityStamp], [s1].[Status0], [s1].[TeamId], [s1].[TwoFactorEnabled], [s1].[UserName], [s1].[Id1], [s1].[CreatedAtUtc0], [s1].[Description0], [s1].[Name], [s1].[Id2], [s1].[CreatedAtUtc1], [s1].[Location], [s1].[Name0], [s1].[Id3], [s1].[ApiEndpoint], [s1].[CreatedAtUtc2], [s1].[LastImportDate], [s1].[Name1], [s1].[Id4], [s1].[Application0], [s1].[CreatedAtUtc3], [s1].[Name2], [t0].[Id], [t0].[FileName], [t0].[SizeKb], [t0].[TicketId], [t0].[UploadedAtUtc], [t0].[Url], [s2].[Id], [s2].[Action], [s2].[Actor], [s2].[Detail], [s2].[Icon], [s2].[IsAiGenerated], [s2].[TicketId], [s2].[TimestampUtc], [s2].[UserId], [s2].[Id0], [s2].[AccessFailedCount], [s2].[AltenId], [s2].[Availability], [s2].[AvatarColor], [s2].[ConcurrencyStamp], [s2].[CreatedAt], [s2].[Email], [s2].[EmailConfirmed], [s2].[EmailStellantis], [s2].[FirstName], [s2].[IdStellantis], [s2].[Languages], [s2].[LastName], [s2].[LockoutEnabled], [s2].[LockoutEnd], [s2].[MustChangePassword], [s2].[NormalizedEmail], [s2].[NormalizedUserName], [s2].[PasswordHash], [s2].[PasswordResetCode], [s2].[PasswordResetCodeExpiresAtUtc], [s2].[PhoneNumber], [s2].[PhoneNumberConfirmed], [s2].[ProfilePhotoUrl], [s2].[Role], [s2].[SecurityStamp], [s2].[Status], [s2].[TeamId], [s2].[TwoFactorEnabled], [s2].[UserName], [s3].[Id], [s3].[CommentType], [s3].[Content], [s3].[CreatedAtUtc], [s3].[TicketId], [s3].[UserId], [s3].[Id0], [s3].[AccessFailedCount], [s3].[AltenId], [s3].[Availability], [s3].[AvatarColor], [s3].[ConcurrencyStamp], [s3].[CreatedAt], [s3].[Email], [s3].[EmailConfirmed], [s3].[EmailStellantis], [s3].[FirstName], [s3].[IdStellantis], [s3].[Languages], [s3].[LastName], [s3].[LockoutEnabled], [s3].[LockoutEnd], [s3].[MustChangePassword], [s3].[NormalizedEmail], [s3].[NormalizedUserName], [s3].[PasswordHash], [s3].[PasswordResetCode], [s3].[PasswordResetCodeExpiresAtUtc], [s3].[PhoneNumber], [s3].[PhoneNumberConfirmed], [s3].[ProfilePhotoUrl], [s3].[Role], [s3].[SecurityStamp], [s3].[Status], [s3].[TeamId], [s3].[TwoFactorEnabled], [s3].[UserName]
      FROM (
          SELECT TOP(1) [t].[Id], [t].[AiSuggestedRoute], [t].[ApplicantFirstName], [t].[ApplicantId], [t].[ApplicantLastName], [t].[Application], [t].[AssigneeId], [t].[ClosingDate], [t].[CreatedAtUtc], [t].[Description], [t].[DomainId], [t].[EcrNumber], [t].[EnglishAccepted], [t].[JiraLink], [t].[LastSyncDate], [t].[Level], [t].[ModuleId], [t].[PartNumber], [t].[Priority], [t].[ReactivityDuration], [t].[ReferenceKZ], [t].[ReferenceSTLA], [t].[ResolvedAtUtc], [t].[SiteId], [t].[SlaDeadlineUtc], [t].[SourceSystemId], [t].[Status], [t].[SubModule], [t].[Summary], [t].[Title], [a].[Id] AS [Id0], [a].[AccessFailedCount], [a].[AltenId], [a].[Availability], [a].[AvatarColor], [a].[ConcurrencyStamp], [a].[CreatedAt], [a].[Email], [a].[EmailConfirmed], [a].[EmailStellantis], [a].[FirstName], [a].[IdStellantis], [a].[Languages], [a].[LastName], [a].[LockoutEnabled], [a].[LockoutEnd], [a].[MustChangePassword], [a].[NormalizedEmail], [a].[NormalizedUserName], [a].[PasswordHash], [a].[PasswordResetCode], [a].[PasswordResetCodeExpiresAtUtc], [a].[PhoneNumber], [a].[PhoneNumberConfirmed], [a].[ProfilePhotoUrl], [a].[Role], [a].[SecurityStamp], [a].[Status] AS [Status0], [a].[TeamId], [a].[TwoFactorEnabled], [a].[UserName], [d].[Id] AS [Id1], [d].[CreatedAtUtc] AS [CreatedAtUtc0], [d].[Description] AS [Description0], [d].[Name], [s].[Id] AS [Id2], [s].[CreatedAtUtc] AS [CreatedAtUtc1], [s].[Location], [s].[Name] AS [Name0], [s0].[Id] AS [Id3], [s0].[ApiEndpoint], [s0].[CreatedAtUtc] AS [CreatedAtUtc2], [s0].[LastImportDate], [s0].[Name] AS [Name1], [m].[Id] AS [Id4], [m].[Application] AS [Application0], [m].[CreatedAtUtc] AS [CreatedAtUtc3], [m].[Name] AS [Name2]
          FROM [Tickets] AS [t]
          LEFT JOIN [AspNetUsers] AS [a] ON [t].[AssigneeId] = [a].[Id]
          LEFT JOIN [Domains] AS [d] ON [t].[DomainId] = [d].[Id]
          LEFT JOIN [Sites] AS [s] ON [t].[SiteId] = [s].[Id]
          INNER JOIN [SourceSystems] AS [s0] ON [t].[SourceSystemId] = [s0].[Id]
          LEFT JOIN [Modules] AS [m] ON [t].[ModuleId] = [m].[Id]
          WHERE [t].[ReferenceKZ] = @referenceKz
      ) AS [s1]
      LEFT JOIN [TicketAttachments] AS [t0] ON [s1].[Id] = [t0].[TicketId]
      LEFT JOIN (
          SELECT [t1].[Id], [t1].[Action], [t1].[Actor], [t1].[Detail], [t1].[Icon], [t1].[IsAiGenerated], [t1].[TicketId], [t1].[TimestampUtc], [t1].[UserId], [a0].[Id] AS [Id0], [a0].[AccessFailedCount], [a0].[AltenId], [a0].[Availability], [a0].[AvatarColor], [a0].[ConcurrencyStamp], [a0].[CreatedAt], [a0].[Email], [a0].[EmailConfirmed], [a0].[EmailStellantis], [a0].[FirstName], [a0].[IdStellantis], [a0].[Languages], [a0].[LastName], [a0].[LockoutEnabled], [a0].[LockoutEnd], [a0].[MustChangePassword], [a0].[NormalizedEmail], [a0].[NormalizedUserName], [a0].[PasswordHash], [a0].[PasswordResetCode], [a0].[PasswordResetCodeExpiresAtUtc], [a0].[PhoneNumber], [a0].[PhoneNumberConfirmed], [a0].[ProfilePhotoUrl], [a0].[Role], [a0].[SecurityStamp], [a0].[Status], [a0].[TeamId], [a0].[TwoFactorEnabled], [a0].[UserName]
          FROM [TicketHistoryEntries] AS [t1]
          LEFT JOIN [AspNetUsers] AS [a0] ON [t1].[UserId] = [a0].[Id]
      ) AS [s2] ON [s1].[Id] = [s2].[TicketId]
      LEFT JOIN (
          SELECT [t2].[Id], [t2].[CommentType], [t2].[Content], [t2].[CreatedAtUtc], [t2].[TicketId], [t2].[UserId], [a1].[Id] AS [Id0], [a1].[AccessFailedCount], [a1].[AltenId], [a1].[Availability], [a1].[AvatarColor], [a1].[ConcurrencyStamp], [a1].[CreatedAt], [a1].[Email], [a1].[EmailConfirmed], [a1].[EmailStellantis], [a1].[FirstName], [a1].[IdStellantis], [a1].[Languages], [a1].[LastName], [a1].[LockoutEnabled], [a1].[LockoutEnd], [a1].[MustChangePassword], [a1].[NormalizedEmail], [a1].[NormalizedUserName], [a1].[PasswordHash], [a1].[PasswordResetCode], [a1].[PasswordResetCodeExpiresAtUtc], [a1].[PhoneNumber], [a1].[PhoneNumberConfirmed], [a1].[ProfilePhotoUrl], [a1].[Role], [a1].[SecurityStamp], [a1].[Status], [a1].[TeamId], [a1].[TwoFactorEnabled], [a1].[UserName]
          FROM [TicketComments] AS [t2]
          INNER JOIN [AspNetUsers] AS [a1] ON [t2].[UserId] = [a1].[Id]
      ) AS [s3] ON [s1].[Id] = [s3].[TicketId]
      ORDER BY [s1].[Id], [s1].[Id0], [s1].[Id1], [s1].[Id2], [s1].[Id3], [s1].[Id4], [t0].[Id], [s2].[Id], [s2].[Id0], [s3].[Id]
info: Microsoft.EntityFrameworkCore.Database.Command[20101]
      Executed DbCommand (2,402ms) [Parameters=[], CommandType='Text', CommandTimeout='30']
      SELECT COUNT(*)
      FROM [Tickets] AS [t]
info: Microsoft.EntityFrameworkCore.Database.Command[20101]
      Executed DbCommand (2,417ms) [Parameters=[@userId='?' (DbType = Guid)], CommandType='Text', CommandTimeout='30']
      SELECT [t].[Id], [t].[AiSuggestedRoute], [t].[ApplicantFirstName], [t].[ApplicantId], [t].[ApplicantLastName], [t].[Application], [t].[AssigneeId], [t].[ClosingDate], [t].[CreatedAtUtc], [t].[Description], [t].[DomainId], [t].[EcrNumber], [t].[EnglishAccepted], [t].[JiraLink], [t].[LastSyncDate], [t].[Level], [t].[ModuleId], [t].[PartNumber], [t].[Priority], [t].[ReactivityDuration], [t].[ReferenceKZ], [t].[ReferenceSTLA], [t].[ResolvedAtUtc], [t].[SiteId], [t].[SlaDeadlineUtc], [t].[SourceSystemId], [t].[Status], [t].[SubModule], [t].[Summary], [t].[Title], [d].[Id], [d].[CreatedAtUtc], [d].[Description], [d].[Name], [s].[Id], [s].[ApiEndpoint], [s].[CreatedAtUtc], [s].[LastImportDate], [s].[Name]
      FROM [Tickets] AS [t]
      LEFT JOIN [Domains] AS [d] ON [t].[DomainId] = [d].[Id]
      INNER JOIN [SourceSystems] AS [s] ON [t].[SourceSystemId] = [s].[Id]
      WHERE [t].[AssigneeId] = @userId AND [t].[Status] NOT IN (4, 5)
      ORDER BY [t].[CreatedAtUtc] DESC
info: Microsoft.EntityFrameworkCore.Database.Command[20101]
      Executed DbCommand (9ms) [Parameters=[@p='?' (DbType = Int32), @p1='?' (DbType = Int32)], CommandType='Text', CommandTimeout='30']
      SELECT [t0].[Id], [t0].[AiSuggestedRoute], [t0].[ApplicantFirstName], [t0].[ApplicantId], [t0].[ApplicantLastName], [t0].[Application], [t0].[AssigneeId], [t0].[ClosingDate], [t0].[CreatedAtUtc], [t0].[Description], [t0].[DomainId], [t0].[EcrNumber], [t0].[EnglishAccepted], [t0].[JiraLink], [t0].[LastSyncDate], [t0].[Level], [t0].[ModuleId], [t0].[PartNumber], [t0].[Priority], [t0].[ReactivityDuration], [t0].[ReferenceKZ], [t0].[ReferenceSTLA], [t0].[ResolvedAtUtc], [t0].[SiteId], [t0].[SlaDeadlineUtc], [t0].[SourceSystemId], [t0].[Status], [t0].[SubModule], [t0].[Summary], [t0].[Title], [d].[Id], [d].[CreatedAtUtc], [d].[Description], [d].[Name], [s].[Id], [s].[ApiEndpoint], [s].[CreatedAtUtc], [s].[LastImportDate], [s].[Name]
      FROM (
          SELECT [t].[Id], [t].[AiSuggestedRoute], [t].[ApplicantFirstName], [t].[ApplicantId], [t].[ApplicantLastName], [t].[Application], [t].[AssigneeId], [t].[ClosingDate], [t].[CreatedAtUtc], [t].[Description], [t].[DomainId], [t].[EcrNumber], [t].[EnglishAccepted], [t].[JiraLink], [t].[LastSyncDate], [t].[Level], [t].[ModuleId], [t].[PartNumber], [t].[Priority], [t].[ReactivityDuration], [t].[ReferenceKZ], [t].[ReferenceSTLA], [t].[ResolvedAtUtc], [t].[SiteId], [t].[SlaDeadlineUtc], [t].[SourceSystemId], [t].[Status], [t].[SubModule], [t].[Summary], [t].[Title]
          FROM [Tickets] AS [t]
          ORDER BY [t].[CreatedAtUtc] DESC
          OFFSET @p ROWS FETCH NEXT @p1 ROWS ONLY
      ) AS [t0]
      LEFT JOIN [Domains] AS [d] ON [t0].[DomainId] = [d].[Id]
      INNER JOIN [SourceSystems] AS [s] ON [t0].[SourceSystemId] = [s].[Id]
      ORDER BY [t0].[CreatedAtUtc] DESC
info: Microsoft.EntityFrameworkCore.Database.Command[20101]
      Executed DbCommand (2,423ms) [Parameters=[@userId='?' (DbType = Guid), @todayUtc='?' (DbType = DateTime2)], CommandType='Text', CommandTimeout='30']
      SELECT COUNT(*)
      FROM [Tickets] AS [t]
      WHERE [t].[AssigneeId] = @userId AND [t].[ResolvedAtUtc] IS NOT NULL AND CONVERT(date, [t].[ResolvedAtUtc]) = @todayUtc
info: Microsoft.EntityFrameworkCore.Database.Command[20101]
      Executed DbCommand (7ms) [Parameters=[@userId='?' (DbType = Guid)], CommandType='Text', CommandTimeout='30']
      SELECT [t].[Status]
      FROM [Tickets] AS [t]
      WHERE [t].[AssigneeId] = @userId
info: Microsoft.EntityFrameworkCore.Database.Command[20101]
      Executed DbCommand (9ms) [Parameters=[@userId='?' (DbType = Guid)], CommandType='Text', CommandTimeout='30']
      SELECT CAST(DATEDIFF(minute, [t].[CreatedAtUtc], [t].[ResolvedAtUtc]) AS float) / 60.0E0
      FROM [Tickets] AS [t]
      WHERE [t].[AssigneeId] = @userId AND [t].[ResolvedAtUtc] IS NOT NULL
info: Microsoft.EntityFrameworkCore.Database.Command[20101]
      Executed DbCommand (10ms) [Parameters=[@userId='?' (DbType = Guid)], CommandType='Text', CommandTimeout='30']
      SELECT [t].[Id], [t].[AiSuggestedRoute], [t].[ApplicantFirstName], [t].[ApplicantId], [t].[ApplicantLastName], [t].[Application], [t].[AssigneeId], [t].[ClosingDate], [t].[CreatedAtUtc], [t].[Description], [t].[DomainId], [t].[EcrNumber], [t].[EnglishAccepted], [t].[JiraLink], [t].[LastSyncDate], [t].[Level], [t].[ModuleId], [t].[PartNumber], [t].[Priority], [t].[ReactivityDuration], [t].[ReferenceKZ], [t].[ReferenceSTLA], [t].[ResolvedAtUtc], [t].[SiteId], [t].[SlaDeadlineUtc], [t].[SourceSystemId], [t].[Status], [t].[SubModule], [t].[Summary], [t].[Title], [d].[Id], [d].[CreatedAtUtc], [d].[Description], [d].[Name], [s].[Id], [s].[ApiEndpoint], [s].[CreatedAtUtc], [s].[LastImportDate], [s].[Name]
      FROM [Tickets] AS [t]
      LEFT JOIN [Domains] AS [d] ON [t].[DomainId] = [d].[Id]
      INNER JOIN [SourceSystems] AS [s] ON [t].[SourceSystemId] = [s].[Id]
      WHERE [t].[AssigneeId] = @userId
      ORDER BY [t].[CreatedAtUtc] DESC
info: Microsoft.EntityFrameworkCore.Database.Command[20101]
      Executed DbCommand (4,168ms) [Parameters=[@CurrentUserId='?' (DbType = Guid)], CommandType='Text', CommandTimeout='30']
      SELECT COUNT(*)
      FROM [Notifications] AS [n]
      WHERE [n].[UserId] = @CurrentUserId AND [n].[Read] = CAST(0 AS bit)
info: Microsoft.EntityFrameworkCore.Database.Command[20101]
      Executed DbCommand (23ms) [Parameters=[], CommandType='Text', CommandTimeout='30']
      SELECT [t].[Id], [t].[AiSuggestedRoute], [t].[ApplicantFirstName], [t].[ApplicantId], [t].[ApplicantLastName], [t].[Application], [t].[AssigneeId], [t].[ClosingDate], [t].[CreatedAtUtc], [t].[Description], [t].[DomainId], [t].[EcrNumber], [t].[EnglishAccepted], [t].[JiraLink], [t].[LastSyncDate], [t].[Level], [t].[ModuleId], [t].[PartNumber], [t].[Priority], [t].[ReactivityDuration], [t].[ReferenceKZ], [t].[ReferenceSTLA], [t].[ResolvedAtUtc], [t].[SiteId], [t].[SlaDeadlineUtc], [t].[SourceSystemId], [t].[Status], [t].[SubModule], [t].[Summary], [t].[Title], [d].[Id], [d].[CreatedAtUtc], [d].[Description], [d].[Name], [s].[Id], [s].[ApiEndpoint], [s].[CreatedAtUtc], [s].[LastImportDate], [s].[Name]
      FROM [Tickets] AS [t]
      LEFT JOIN [Domains] AS [d] ON [t].[DomainId] = [d].[Id]
      INNER JOIN [SourceSystems] AS [s] ON [t].[SourceSystemId] = [s].[Id]
      WHERE [t].[Status] = 0 AND [t].[AssigneeId] IS NULL
      ORDER BY [t].[CreatedAtUtc] DESC
info: Microsoft.EntityFrameworkCore.Database.Command[20101]
      Executed DbCommand (9ms) [Parameters=[@CurrentUserId='?' (DbType = Guid)], CommandType='Text', CommandTimeout='30']
      SELECT COUNT(*)
      FROM [Notifications] AS [n]
      WHERE [n].[UserId] = @CurrentUserId AND [n].[Read] = CAST(0 AS bit)
info: Microsoft.EntityFrameworkCore.Database.Command[20101]
      Executed DbCommand (1ms) [Parameters=[@CurrentUserId='?' (DbType = Guid)], CommandType='Text', CommandTimeout='30']
      SELECT COUNT(*)
      FROM [Notifications] AS [n]
      WHERE [n].[UserId] = @CurrentUserId AND [n].[Read] = CAST(0 AS bit)
info: Microsoft.EntityFrameworkCore.Database.Command[20101]
      Executed DbCommand (19ms) [Parameters=[], CommandType='Text', CommandTimeout='30']
      SELECT [t].[Id], [t].[AiSuggestedRoute], [t].[ApplicantFirstName], [t].[ApplicantId], [t].[ApplicantLastName], [t].[Application], [t].[AssigneeId], [t].[ClosingDate], [t].[CreatedAtUtc], [t].[Description], [t].[DomainId], [t].[EcrNumber], [t].[EnglishAccepted], [t].[JiraLink], [t].[LastSyncDate], [t].[Level], [t].[ModuleId], [t].[PartNumber], [t].[Priority], [t].[ReactivityDuration], [t].[ReferenceKZ], [t].[ReferenceSTLA], [t].[ResolvedAtUtc], [t].[SiteId], [t].[SlaDeadlineUtc], [t].[SourceSystemId], [t].[Status], [t].[SubModule], [t].[Summary], [t].[Title], [d].[Id], [d].[CreatedAtUtc], [d].[Description], [d].[Name], [s].[Id], [s].[ApiEndpoint], [s].[CreatedAtUtc], [s].[LastImportDate], [s].[Name]
      FROM [Tickets] AS [t]
      LEFT JOIN [Domains] AS [d] ON [t].[DomainId] = [d].[Id]
      INNER JOIN [SourceSystems] AS [s] ON [t].[SourceSystemId] = [s].[Id]
      WHERE [t].[Status] = 0 AND [t].[AssigneeId] IS NULL
      ORDER BY [t].[CreatedAtUtc] DESC
info: Microsoft.EntityFrameworkCore.Database.Command[20101]
      Executed DbCommand (1ms) [Parameters=[@CurrentUserId='?' (DbType = Guid)], CommandType='Text', CommandTimeout='30']
      SELECT COUNT(*)
      FROM [Notifications] AS [n]
      WHERE [n].[UserId] = @CurrentUserId AND [n].[Read] = CAST(0 AS bit)
info: Microsoft.EntityFrameworkCore.Database.Command[20101]
      Executed DbCommand (1ms) [Parameters=[@CurrentUserId='?' (DbType = Guid)], CommandType='Text', CommandTimeout='30']
      SELECT COUNT(*)
      FROM [Notifications] AS [n]
      WHERE [n].[UserId] = @CurrentUserId AND [n].[Read] = CAST(0 AS bit)
info: Microsoft.EntityFrameworkCore.Database.Command[20101]
      Executed DbCommand (3ms) [Parameters=[@CurrentUserId='?' (DbType = Guid)], CommandType='Text', CommandTimeout='30']
      SELECT COUNT(*)
      FROM [Notifications] AS [n]
      WHERE [n].[UserId] = @CurrentUserId AND [n].[Read] = CAST(0 AS bit)
info: Microsoft.EntityFrameworkCore.Database.Command[20101]
      Executed DbCommand (3ms) [Parameters=[@CurrentUserId='?' (DbType = Guid)], CommandType='Text', CommandTimeout='30']
      SELECT COUNT(*)
      FROM [Notifications] AS [n]
      WHERE [n].[UserId] = @CurrentUserId AND [n].[Read] = CAST(0 AS bit)
info: Microsoft.EntityFrameworkCore.Database.Command[20101]
      Executed DbCommand (2ms) [Parameters=[@CurrentUserId='?' (DbType = Guid)], CommandType='Text', CommandTimeout='30']
      SELECT COUNT(*)
      FROM [Notifications] AS [n]
      WHERE [n].[UserId] = @CurrentUserId AND [n].[Read] = CAST(0 AS bit)
info: Microsoft.EntityFrameworkCore.Database.Command[20101]
      Executed DbCommand (1ms) [Parameters=[@CurrentUserId='?' (DbType = Guid)], CommandType='Text', CommandTimeout='30']
      SELECT COUNT(*)
      FROM [Notifications] AS [n]
      WHERE [n].[UserId] = @CurrentUserId AND [n].[Read] = CAST(0 AS bit)
info: Microsoft.EntityFrameworkCore.Database.Command[20101]
      Executed DbCommand (1ms) [Parameters=[@CurrentUserId='?' (DbType = Guid)], CommandType='Text', CommandTimeout='30']
      SELECT COUNT(*)
      FROM [Notifications] AS [n]
      WHERE [n].[UserId] = @CurrentUserId AND [n].[Read] = CAST(0 AS bit)
info: Microsoft.EntityFrameworkCore.Database.Command[20101]
      Executed DbCommand (1ms) [Parameters=[@CurrentUserId='?' (DbType = Guid)], CommandType='Text', CommandTimeout='30']
      SELECT COUNT(*)
      FROM [Notifications] AS [n]
      WHERE [n].[UserId] = @CurrentUserId AND [n].[Read] = CAST(0 AS bit)
info: Microsoft.EntityFrameworkCore.Database.Command[20101]
      Executed DbCommand (1ms) [Parameters=[@CurrentUserId='?' (DbType = Guid)], CommandType='Text', CommandTimeout='30']
      SELECT COUNT(*)
      FROM [Notifications] AS [n]
      WHERE [n].[UserId] = @CurrentUserId AND [n].[Read] = CAST(0 AS bit)
info: Microsoft.EntityFrameworkCore.Database.Command[20101]
      Executed DbCommand (24,216ms) [Parameters=[@referenceKz='?' (Size = 255)], CommandType='Text', CommandTimeout='30']
      SELECT [s1].[Id], [s1].[AiSuggestedRoute], [s1].[ApplicantFirstName], [s1].[ApplicantId], [s1].[ApplicantLastName], [s1].[Application], [s1].[AssigneeId], [s1].[ClosingDate], [s1].[CreatedAtUtc], [s1].[Description], [s1].[DomainId], [s1].[EcrNumber], [s1].[EnglishAccepted], [s1].[JiraLink], [s1].[LastSyncDate], [s1].[Level], [s1].[ModuleId], [s1].[PartNumber], [s1].[Priority], [s1].[ReactivityDuration], [s1].[ReferenceKZ], [s1].[ReferenceSTLA], [s1].[ResolvedAtUtc], [s1].[SiteId], [s1].[SlaDeadlineUtc], [s1].[SourceSystemId], [s1].[Status], [s1].[SubModule], [s1].[Summary], [s1].[Title], [s1].[Id0], [s1].[AccessFailedCount], [s1].[AltenId], [s1].[Availability], [s1].[AvatarColor], [s1].[ConcurrencyStamp], [s1].[CreatedAt], [s1].[Email], [s1].[EmailConfirmed], [s1].[EmailStellantis], [s1].[FirstName], [s1].[IdStellantis], [s1].[Languages], [s1].[LastName], [s1].[LockoutEnabled], [s1].[LockoutEnd], [s1].[MustChangePassword], [s1].[NormalizedEmail], [s1].[NormalizedUserName], [s1].[PasswordHash], [s1].[PasswordResetCode], [s1].[PasswordResetCodeExpiresAtUtc], [s1].[PhoneNumber], [s1].[PhoneNumberConfirmed], [s1].[ProfilePhotoUrl], [s1].[Role], [s1].[SecurityStamp], [s1].[Status0], [s1].[TeamId], [s1].[TwoFactorEnabled], [s1].[UserName], [s1].[Id1], [s1].[CreatedAtUtc0], [s1].[Description0], [s1].[Name], [s1].[Id2], [s1].[CreatedAtUtc1], [s1].[Location], [s1].[Name0], [s1].[Id3], [s1].[ApiEndpoint], [s1].[CreatedAtUtc2], [s1].[LastImportDate], [s1].[Name1], [s1].[Id4], [s1].[Application0], [s1].[CreatedAtUtc3], [s1].[Name2], [t0].[Id], [t0].[FileName], [t0].[SizeKb], [t0].[TicketId], [t0].[UploadedAtUtc], [t0].[Url], [s2].[Id], [s2].[Action], [s2].[Actor], [s2].[Detail], [s2].[Icon], [s2].[IsAiGenerated], [s2].[TicketId], [s2].[TimestampUtc], [s2].[UserId], [s2].[Id0], [s2].[AccessFailedCount], [s2].[AltenId], [s2].[Availability], [s2].[AvatarColor], [s2].[ConcurrencyStamp], [s2].[CreatedAt], [s2].[Email], [s2].[EmailConfirmed], [s2].[EmailStellantis], [s2].[FirstName], [s2].[IdStellantis], [s2].[Languages], [s2].[LastName], [s2].[LockoutEnabled], [s2].[LockoutEnd], [s2].[MustChangePassword], [s2].[NormalizedEmail], [s2].[NormalizedUserName], [s2].[PasswordHash], [s2].[PasswordResetCode], [s2].[PasswordResetCodeExpiresAtUtc], [s2].[PhoneNumber], [s2].[PhoneNumberConfirmed], [s2].[ProfilePhotoUrl], [s2].[Role], [s2].[SecurityStamp], [s2].[Status], [s2].[TeamId], [s2].[TwoFactorEnabled], [s2].[UserName], [s3].[Id], [s3].[CommentType], [s3].[Content], [s3].[CreatedAtUtc], [s3].[TicketId], [s3].[UserId], [s3].[Id0], [s3].[AccessFailedCount], [s3].[AltenId], [s3].[Availability], [s3].[AvatarColor], [s3].[ConcurrencyStamp], [s3].[CreatedAt], [s3].[Email], [s3].[EmailConfirmed], [s3].[EmailStellantis], [s3].[FirstName], [s3].[IdStellantis], [s3].[Languages], [s3].[LastName], [s3].[LockoutEnabled], [s3].[LockoutEnd], [s3].[MustChangePassword], [s3].[NormalizedEmail], [s3].[NormalizedUserName], [s3].[PasswordHash], [s3].[PasswordResetCode], [s3].[PasswordResetCodeExpiresAtUtc], [s3].[PhoneNumber], [s3].[PhoneNumberConfirmed], [s3].[ProfilePhotoUrl], [s3].[Role], [s3].[SecurityStamp], [s3].[Status], [s3].[TeamId], [s3].[TwoFactorEnabled], [s3].[UserName]
      FROM (
          SELECT TOP(1) [t].[Id], [t].[AiSuggestedRoute], [t].[ApplicantFirstName], [t].[ApplicantId], [t].[ApplicantLastName], [t].[Application], [t].[AssigneeId], [t].[ClosingDate], [t].[CreatedAtUtc], [t].[Description], [t].[DomainId], [t].[EcrNumber], [t].[EnglishAccepted], [t].[JiraLink], [t].[LastSyncDate], [t].[Level], [t].[ModuleId], [t].[PartNumber], [t].[Priority], [t].[ReactivityDuration], [t].[ReferenceKZ], [t].[ReferenceSTLA], [t].[ResolvedAtUtc], [t].[SiteId], [t].[SlaDeadlineUtc], [t].[SourceSystemId], [t].[Status], [t].[SubModule], [t].[Summary], [t].[Title], [a].[Id] AS [Id0], [a].[AccessFailedCount], [a].[AltenId], [a].[Availability], [a].[AvatarColor], [a].[ConcurrencyStamp], [a].[CreatedAt], [a].[Email], [a].[EmailConfirmed], [a].[EmailStellantis], [a].[FirstName], [a].[IdStellantis], [a].[Languages], [a].[LastName], [a].[LockoutEnabled], [a].[LockoutEnd], [a].[MustChangePassword], [a].[NormalizedEmail], [a].[NormalizedUserName], [a].[PasswordHash], [a].[PasswordResetCode], [a].[PasswordResetCodeExpiresAtUtc], [a].[PhoneNumber], [a].[PhoneNumberConfirmed], [a].[ProfilePhotoUrl], [a].[Role], [a].[SecurityStamp], [a].[Status] AS [Status0], [a].[TeamId], [a].[TwoFactorEnabled], [a].[UserName], [d].[Id] AS [Id1], [d].[CreatedAtUtc] AS [CreatedAtUtc0], [d].[Description] AS [Description0], [d].[Name], [s].[Id] AS [Id2], [s].[CreatedAtUtc] AS [CreatedAtUtc1], [s].[Location], [s].[Name] AS [Name0], [s0].[Id] AS [Id3], [s0].[ApiEndpoint], [s0].[CreatedAtUtc] AS [CreatedAtUtc2], [s0].[LastImportDate], [s0].[Name] AS [Name1], [m].[Id] AS [Id4], [m].[Application] AS [Application0], [m].[CreatedAtUtc] AS [CreatedAtUtc3], [m].[Name] AS [Name2]
          FROM [Tickets] AS [t]
          LEFT JOIN [AspNetUsers] AS [a] ON [t].[AssigneeId] = [a].[Id]
          LEFT JOIN [Domains] AS [d] ON [t].[DomainId] = [d].[Id]
          LEFT JOIN [Sites] AS [s] ON [t].[SiteId] = [s].[Id]
          INNER JOIN [SourceSystems] AS [s0] ON [t].[SourceSystemId] = [s0].[Id]
          LEFT JOIN [Modules] AS [m] ON [t].[ModuleId] = [m].[Id]
          WHERE [t].[ReferenceKZ] = @referenceKz
      ) AS [s1]
      LEFT JOIN [TicketAttachments] AS [t0] ON [s1].[Id] = [t0].[TicketId]
      LEFT JOIN (
          SELECT [t1].[Id], [t1].[Action], [t1].[Actor], [t1].[Detail], [t1].[Icon], [t1].[IsAiGenerated], [t1].[TicketId], [t1].[TimestampUtc], [t1].[UserId], [a0].[Id] AS [Id0], [a0].[AccessFailedCount], [a0].[AltenId], [a0].[Availability], [a0].[AvatarColor], [a0].[ConcurrencyStamp], [a0].[CreatedAt], [a0].[Email], [a0].[EmailConfirmed], [a0].[EmailStellantis], [a0].[FirstName], [a0].[IdStellantis], [a0].[Languages], [a0].[LastName], [a0].[LockoutEnabled], [a0].[LockoutEnd], [a0].[MustChangePassword], [a0].[NormalizedEmail], [a0].[NormalizedUserName], [a0].[PasswordHash], [a0].[PasswordResetCode], [a0].[PasswordResetCodeExpiresAtUtc], [a0].[PhoneNumber], [a0].[PhoneNumberConfirmed], [a0].[ProfilePhotoUrl], [a0].[Role], [a0].[SecurityStamp], [a0].[Status], [a0].[TeamId], [a0].[TwoFactorEnabled], [a0].[UserName]
          FROM [TicketHistoryEntries] AS [t1]
          LEFT JOIN [AspNetUsers] AS [a0] ON [t1].[UserId] = [a0].[Id]
      ) AS [s2] ON [s1].[Id] = [s2].[TicketId]
      LEFT JOIN (
          SELECT [t2].[Id], [t2].[CommentType], [t2].[Content], [t2].[CreatedAtUtc], [t2].[TicketId], [t2].[UserId], [a1].[Id] AS [Id0], [a1].[AccessFailedCount], [a1].[AltenId], [a1].[Availability], [a1].[AvatarColor], [a1].[ConcurrencyStamp], [a1].[CreatedAt], [a1].[Email], [a1].[EmailConfirmed], [a1].[EmailStellantis], [a1].[FirstName], [a1].[IdStellantis], [a1].[Languages], [a1].[LastName], [a1].[LockoutEnabled], [a1].[LockoutEnd], [a1].[MustChangePassword], [a1].[NormalizedEmail], [a1].[NormalizedUserName], [a1].[PasswordHash], [a1].[PasswordResetCode], [a1].[PasswordResetCodeExpiresAtUtc], [a1].[PhoneNumber], [a1].[PhoneNumberConfirmed], [a1].[ProfilePhotoUrl], [a1].[Role], [a1].[SecurityStamp], [a1].[Status], [a1].[TeamId], [a1].[TwoFactorEnabled], [a1].[UserName]
          FROM [TicketComments] AS [t2]
          INNER JOIN [AspNetUsers] AS [a1] ON [t2].[UserId] = [a1].[Id]
      ) AS [s3] ON [s1].[Id] = [s3].[TicketId]
      ORDER BY [s1].[Id], [s1].[Id0], [s1].[Id1], [s1].[Id2], [s1].[Id3], [s1].[Id4], [t0].[Id], [s2].[Id], [s2].[Id0], [s3].[Id]
info: Microsoft.EntityFrameworkCore.Database.Command[20101]
      Executed DbCommand (27ms) [Parameters=[@CurrentUserId='?' (DbType = Guid)], CommandType='Text', CommandTimeout='30']
      SELECT COUNT(*)
      FROM [Notifications] AS [n]
      WHERE [n].[UserId] = @CurrentUserId AND [n].[Read] = CAST(0 AS bit)
info: Microsoft.EntityFrameworkCore.Database.Command[20101]
      Executed DbCommand (14ms) [Parameters=[@userId='?' (DbType = Guid)], CommandType='Text', CommandTimeout='30']
      SELECT [t].[Id], [t].[AiSuggestedRoute], [t].[ApplicantFirstName], [t].[ApplicantId], [t].[ApplicantLastName], [t].[Application], [t].[AssigneeId], [t].[ClosingDate], [t].[CreatedAtUtc], [t].[Description], [t].[DomainId], [t].[EcrNumber], [t].[EnglishAccepted], [t].[JiraLink], [t].[LastSyncDate], [t].[Level], [t].[ModuleId], [t].[PartNumber], [t].[Priority], [t].[ReactivityDuration], [t].[ReferenceKZ], [t].[ReferenceSTLA], [t].[ResolvedAtUtc], [t].[SiteId], [t].[SlaDeadlineUtc], [t].[SourceSystemId], [t].[Status], [t].[SubModule], [t].[Summary], [t].[Title], [d].[Id], [d].[CreatedAtUtc], [d].[Description], [d].[Name], [s].[Id], [s].[ApiEndpoint], [s].[CreatedAtUtc], [s].[LastImportDate], [s].[Name]
      FROM [Tickets] AS [t]
      LEFT JOIN [Domains] AS [d] ON [t].[DomainId] = [d].[Id]
      INNER JOIN [SourceSystems] AS [s] ON [t].[SourceSystemId] = [s].[Id]
      WHERE [t].[AssigneeId] = @userId
      ORDER BY [t].[CreatedAtUtc] DESC
info: Microsoft.EntityFrameworkCore.Database.Command[20101]
      Executed DbCommand (16ms) [Parameters=[@userId='?' (DbType = Guid)], CommandType='Text', CommandTimeout='30']
      SELECT [t].[Status]
      FROM [Tickets] AS [t]
      WHERE [t].[AssigneeId] = @userId
info: Microsoft.EntityFrameworkCore.Database.Command[20101]
      Executed DbCommand (17ms) [Parameters=[], CommandType='Text', CommandTimeout='30']
      SELECT [t].[Id], [t].[AiSuggestedRoute], [t].[ApplicantFirstName], [t].[ApplicantId], [t].[ApplicantLastName], [t].[Application], [t].[AssigneeId], [t].[ClosingDate], [t].[CreatedAtUtc], [t].[Description], [t].[DomainId], [t].[EcrNumber], [t].[EnglishAccepted], [t].[JiraLink], [t].[LastSyncDate], [t].[Level], [t].[ModuleId], [t].[PartNumber], [t].[Priority], [t].[ReactivityDuration], [t].[ReferenceKZ], [t].[ReferenceSTLA], [t].[ResolvedAtUtc], [t].[SiteId], [t].[SlaDeadlineUtc], [t].[SourceSystemId], [t].[Status], [t].[SubModule], [t].[Summary], [t].[Title], [d].[Id], [d].[CreatedAtUtc], [d].[Description], [d].[Name], [s].[Id], [s].[ApiEndpoint], [s].[CreatedAtUtc], [s].[LastImportDate], [s].[Name]
      FROM [Tickets] AS [t]
      LEFT JOIN [Domains] AS [d] ON [t].[DomainId] = [d].[Id]
      INNER JOIN [SourceSystems] AS [s] ON [t].[SourceSystemId] = [s].[Id]
      WHERE [t].[Status] = 0 AND [t].[AssigneeId] IS NULL
      ORDER BY [t].[CreatedAtUtc] DESC
info: Microsoft.EntityFrameworkCore.Database.Command[20101]
      Executed DbCommand (8ms) [Parameters=[@CurrentUserId='?' (DbType = Guid)], CommandType='Text', CommandTimeout='30']
      SELECT COUNT(*)
      FROM [Notifications] AS [n]
      WHERE [n].[UserId] = @CurrentUserId AND [n].[Read] = CAST(0 AS bit)
info: Microsoft.EntityFrameworkCore.Database.Command[20101]
      Executed DbCommand (25,088ms) [Parameters=[@referenceKz='?' (Size = 255)], CommandType='Text', CommandTimeout='30']
      SELECT [s1].[Id], [s1].[AiSuggestedRoute], [s1].[ApplicantFirstName], [s1].[ApplicantId], [s1].[ApplicantLastName], [s1].[Application], [s1].[AssigneeId], [s1].[ClosingDate], [s1].[CreatedAtUtc], [s1].[Description], [s1].[DomainId], [s1].[EcrNumber], [s1].[EnglishAccepted], [s1].[JiraLink], [s1].[LastSyncDate], [s1].[Level], [s1].[ModuleId], [s1].[PartNumber], [s1].[Priority], [s1].[ReactivityDuration], [s1].[ReferenceKZ], [s1].[ReferenceSTLA], [s1].[ResolvedAtUtc], [s1].[SiteId], [s1].[SlaDeadlineUtc], [s1].[SourceSystemId], [s1].[Status], [s1].[SubModule], [s1].[Summary], [s1].[Title], [s1].[Id0], [s1].[AccessFailedCount], [s1].[AltenId], [s1].[Availability], [s1].[AvatarColor], [s1].[ConcurrencyStamp], [s1].[CreatedAt], [s1].[Email], [s1].[EmailConfirmed], [s1].[EmailStellantis], [s1].[FirstName], [s1].[IdStellantis], [s1].[Languages], [s1].[LastName], [s1].[LockoutEnabled], [s1].[LockoutEnd], [s1].[MustChangePassword], [s1].[NormalizedEmail], [s1].[NormalizedUserName], [s1].[PasswordHash], [s1].[PasswordResetCode], [s1].[PasswordResetCodeExpiresAtUtc], [s1].[PhoneNumber], [s1].[PhoneNumberConfirmed], [s1].[ProfilePhotoUrl], [s1].[Role], [s1].[SecurityStamp], [s1].[Status0], [s1].[TeamId], [s1].[TwoFactorEnabled], [s1].[UserName], [s1].[Id1], [s1].[CreatedAtUtc0], [s1].[Description0], [s1].[Name], [s1].[Id2], [s1].[CreatedAtUtc1], [s1].[Location], [s1].[Name0], [s1].[Id3], [s1].[ApiEndpoint], [s1].[CreatedAtUtc2], [s1].[LastImportDate], [s1].[Name1], [s1].[Id4], [s1].[Application0], [s1].[CreatedAtUtc3], [s1].[Name2], [t0].[Id], [t0].[FileName], [t0].[SizeKb], [t0].[TicketId], [t0].[UploadedAtUtc], [t0].[Url], [s2].[Id], [s2].[Action], [s2].[Actor], [s2].[Detail], [s2].[Icon], [s2].[IsAiGenerated], [s2].[TicketId], [s2].[TimestampUtc], [s2].[UserId], [s2].[Id0], [s2].[AccessFailedCount], [s2].[AltenId], [s2].[Availability], [s2].[AvatarColor], [s2].[ConcurrencyStamp], [s2].[CreatedAt], [s2].[Email], [s2].[EmailConfirmed], [s2].[EmailStellantis], [s2].[FirstName], [s2].[IdStellantis], [s2].[Languages], [s2].[LastName], [s2].[LockoutEnabled], [s2].[LockoutEnd], [s2].[MustChangePassword], [s2].[NormalizedEmail], [s2].[NormalizedUserName], [s2].[PasswordHash], [s2].[PasswordResetCode], [s2].[PasswordResetCodeExpiresAtUtc], [s2].[PhoneNumber], [s2].[PhoneNumberConfirmed], [s2].[ProfilePhotoUrl], [s2].[Role], [s2].[SecurityStamp], [s2].[Status], [s2].[TeamId], [s2].[TwoFactorEnabled], [s2].[UserName], [s3].[Id], [s3].[CommentType], [s3].[Content], [s3].[CreatedAtUtc], [s3].[TicketId], [s3].[UserId], [s3].[Id0], [s3].[AccessFailedCount], [s3].[AltenId], [s3].[Availability], [s3].[AvatarColor], [s3].[ConcurrencyStamp], [s3].[CreatedAt], [s3].[Email], [s3].[EmailConfirmed], [s3].[EmailStellantis], [s3].[FirstName], [s3].[IdStellantis], [s3].[Languages], [s3].[LastName], [s3].[LockoutEnabled], [s3].[LockoutEnd], [s3].[MustChangePassword], [s3].[NormalizedEmail], [s3].[NormalizedUserName], [s3].[PasswordHash], [s3].[PasswordResetCode], [s3].[PasswordResetCodeExpiresAtUtc], [s3].[PhoneNumber], [s3].[PhoneNumberConfirmed], [s3].[ProfilePhotoUrl], [s3].[Role], [s3].[SecurityStamp], [s3].[Status], [s3].[TeamId], [s3].[TwoFactorEnabled], [s3].[UserName]
      FROM (
          SELECT TOP(1) [t].[Id], [t].[AiSuggestedRoute], [t].[ApplicantFirstName], [t].[ApplicantId], [t].[ApplicantLastName], [t].[Application], [t].[AssigneeId], [t].[ClosingDate], [t].[CreatedAtUtc], [t].[Description], [t].[DomainId], [t].[EcrNumber], [t].[EnglishAccepted], [t].[JiraLink], [t].[LastSyncDate], [t].[Level], [t].[ModuleId], [t].[PartNumber], [t].[Priority], [t].[ReactivityDuration], [t].[ReferenceKZ], [t].[ReferenceSTLA], [t].[ResolvedAtUtc], [t].[SiteId], [t].[SlaDeadlineUtc], [t].[SourceSystemId], [t].[Status], [t].[SubModule], [t].[Summary], [t].[Title], [a].[Id] AS [Id0], [a].[AccessFailedCount], [a].[AltenId], [a].[Availability], [a].[AvatarColor], [a].[ConcurrencyStamp], [a].[CreatedAt], [a].[Email], [a].[EmailConfirmed], [a].[EmailStellantis], [a].[FirstName], [a].[IdStellantis], [a].[Languages], [a].[LastName], [a].[LockoutEnabled], [a].[LockoutEnd], [a].[MustChangePassword], [a].[NormalizedEmail], [a].[NormalizedUserName], [a].[PasswordHash], [a].[PasswordResetCode], [a].[PasswordResetCodeExpiresAtUtc], [a].[PhoneNumber], [a].[PhoneNumberConfirmed], [a].[ProfilePhotoUrl], [a].[Role], [a].[SecurityStamp], [a].[Status] AS [Status0], [a].[TeamId], [a].[TwoFactorEnabled], [a].[UserName], [d].[Id] AS [Id1], [d].[CreatedAtUtc] AS [CreatedAtUtc0], [d].[Description] AS [Description0], [d].[Name], [s].[Id] AS [Id2], [s].[CreatedAtUtc] AS [CreatedAtUtc1], [s].[Location], [s].[Name] AS [Name0], [s0].[Id] AS [Id3], [s0].[ApiEndpoint], [s0].[CreatedAtUtc] AS [CreatedAtUtc2], [s0].[LastImportDate], [s0].[Name] AS [Name1], [m].[Id] AS [Id4], [m].[Application] AS [Application0], [m].[CreatedAtUtc] AS [CreatedAtUtc3], [m].[Name] AS [Name2]
          FROM [Tickets] AS [t]
          LEFT JOIN [AspNetUsers] AS [a] ON [t].[AssigneeId] = [a].[Id]
          LEFT JOIN [Domains] AS [d] ON [t].[DomainId] = [d].[Id]
          LEFT JOIN [Sites] AS [s] ON [t].[SiteId] = [s].[Id]
          INNER JOIN [SourceSystems] AS [s0] ON [t].[SourceSystemId] = [s0].[Id]
          LEFT JOIN [Modules] AS [m] ON [t].[ModuleId] = [m].[Id]
          WHERE [t].[ReferenceKZ] = @referenceKz
      ) AS [s1]
      LEFT JOIN [TicketAttachments] AS [t0] ON [s1].[Id] = [t0].[TicketId]
      LEFT JOIN (
          SELECT [t1].[Id], [t1].[Action], [t1].[Actor], [t1].[Detail], [t1].[Icon], [t1].[IsAiGenerated], [t1].[TicketId], [t1].[TimestampUtc], [t1].[UserId], [a0].[Id] AS [Id0], [a0].[AccessFailedCount], [a0].[AltenId], [a0].[Availability], [a0].[AvatarColor], [a0].[ConcurrencyStamp], [a0].[CreatedAt], [a0].[Email], [a0].[EmailConfirmed], [a0].[EmailStellantis], [a0].[FirstName], [a0].[IdStellantis], [a0].[Languages], [a0].[LastName], [a0].[LockoutEnabled], [a0].[LockoutEnd], [a0].[MustChangePassword], [a0].[NormalizedEmail], [a0].[NormalizedUserName], [a0].[PasswordHash], [a0].[PasswordResetCode], [a0].[PasswordResetCodeExpiresAtUtc], [a0].[PhoneNumber], [a0].[PhoneNumberConfirmed], [a0].[ProfilePhotoUrl], [a0].[Role], [a0].[SecurityStamp], [a0].[Status], [a0].[TeamId], [a0].[TwoFactorEnabled], [a0].[UserName]
          FROM [TicketHistoryEntries] AS [t1]
          LEFT JOIN [AspNetUsers] AS [a0] ON [t1].[UserId] = [a0].[Id]
      ) AS [s2] ON [s1].[Id] = [s2].[TicketId]
      LEFT JOIN (
          SELECT [t2].[Id], [t2].[CommentType], [t2].[Content], [t2].[CreatedAtUtc], [t2].[TicketId], [t2].[UserId], [a1].[Id] AS [Id0], [a1].[AccessFailedCount], [a1].[AltenId], [a1].[Availability], [a1].[AvatarColor], [a1].[ConcurrencyStamp], [a1].[CreatedAt], [a1].[Email], [a1].[EmailConfirmed], [a1].[EmailStellantis], [a1].[FirstName], [a1].[IdStellantis], [a1].[Languages], [a1].[LastName], [a1].[LockoutEnabled], [a1].[LockoutEnd], [a1].[MustChangePassword], [a1].[NormalizedEmail], [a1].[NormalizedUserName], [a1].[PasswordHash], [a1].[PasswordResetCode], [a1].[PasswordResetCodeExpiresAtUtc], [a1].[PhoneNumber], [a1].[PhoneNumberConfirmed], [a1].[ProfilePhotoUrl], [a1].[Role], [a1].[SecurityStamp], [a1].[Status], [a1].[TeamId], [a1].[TwoFactorEnabled], [a1].[UserName]
          FROM [TicketComments] AS [t2]
          INNER JOIN [AspNetUsers] AS [a1] ON [t2].[UserId] = [a1].[Id]
      ) AS [s3] ON [s1].[Id] = [s3].[TicketId]
      ORDER BY [s1].[Id], [s1].[Id0], [s1].[Id1], [s1].[Id2], [s1].[Id3], [s1].[Id4], [t0].[Id], [s2].[Id], [s2].[Id0], [s3].[Id]
info: Microsoft.EntityFrameworkCore.Database.Command[20101]
      Executed DbCommand (38ms) [Parameters=[@ticketId='?' (Size = 255)], CommandType='Text', CommandTimeout='30']
      SELECT [s].[Id], [s].[AiSuggestedRoute], [s].[ApplicantFirstName], [s].[ApplicantId], [s].[ApplicantLastName], [s].[Application], [s].[AssigneeId], [s].[ClosingDate], [s].[CreatedAtUtc], [s].[Description], [s].[DomainId], [s].[EcrNumber], [s].[EnglishAccepted], [s].[JiraLink], [s].[LastSyncDate], [s].[Level], [s].[ModuleId], [s].[PartNumber], [s].[Priority], [s].[ReactivityDuration], [s].[ReferenceKZ], [s].[ReferenceSTLA], [s].[ResolvedAtUtc], [s].[SiteId], [s].[SlaDeadlineUtc], [s].[SourceSystemId], [s].[Status], [s].[SubModule], [s].[Summary], [s].[Title], [s].[Id0], [s].[ClassifiedDomain], [s].[Confidence], [s].[Summary0], [s].[TicketId], [s0].[Id], [s0].[Score], [s0].[SimilarTicketId], [s0].[TicketId], [s0].[Id0], [s0].[AiSuggestedRoute], [s0].[ApplicantFirstName], [s0].[ApplicantId], [s0].[ApplicantLastName], [s0].[Application], [s0].[AssigneeId], [s0].[ClosingDate], [s0].[CreatedAtUtc], [s0].[Description], [s0].[DomainId], [s0].[EcrNumber], [s0].[EnglishAccepted], [s0].[JiraLink], [s0].[LastSyncDate], [s0].[Level], [s0].[ModuleId], [s0].[PartNumber], [s0].[Priority], [s0].[ReactivityDuration], [s0].[ReferenceKZ], [s0].[ReferenceSTLA], [s0].[ResolvedAtUtc], [s0].[SiteId], [s0].[SlaDeadlineUtc], [s0].[SourceSystemId], [s0].[Status], [s0].[SubModule], [s0].[Summary], [s0].[Title], [s0].[Id1], [s0].[CreatedAtUtc0], [s0].[Description0], [s0].[Name], [s1].[Id], [s1].[NeedsVerification], [s1].[Rank], [s1].[SolutionText], [s1].[SourceTicketRefId], [s1].[TicketId], [s1].[Vote], [s1].[Id0], [s1].[AiSuggestedRoute], [s1].[ApplicantFirstName], [s1].[ApplicantId], [s1].[ApplicantLastName], [s1].[Application], [s1].[AssigneeId], [s1].[ClosingDate], [s1].[CreatedAtUtc], [s1].[Description], [s1].[DomainId], [s1].[EcrNumber], [s1].[EnglishAccepted], [s1].[JiraLink], [s1].[LastSyncDate], [s1].[Level], [s1].[ModuleId], [s1].[PartNumber], [s1].[Priority], [s1].[ReactivityDuration], [s1].[ReferenceKZ], [s1].[ReferenceSTLA], [s1].[ResolvedAtUtc], [s1].[SiteId], [s1].[SlaDeadlineUtc], [s1].[SourceSystemId], [s1].[Status], [s1].[SubModule], [s1].[Summary], [s1].[Title], [a1].[Id], [a1].[Message], [a1].[Role], [a1].[TicketId], [a1].[TimestampUtc]
      FROM (
          SELECT TOP(1) [t].[Id], [t].[AiSuggestedRoute], [t].[ApplicantFirstName], [t].[ApplicantId], [t].[ApplicantLastName], [t].[Application], [t].[AssigneeId], [t].[ClosingDate], [t].[CreatedAtUtc], [t].[Description], [t].[DomainId], [t].[EcrNumber], [t].[EnglishAccepted], [t].[JiraLink], [t].[LastSyncDate], [t].[Level], [t].[ModuleId], [t].[PartNumber], [t].[Priority], [t].[ReactivityDuration], [t].[ReferenceKZ], [t].[ReferenceSTLA], [t].[ResolvedAtUtc], [t].[SiteId], [t].[SlaDeadlineUtc], [t].[SourceSystemId], [t].[Status], [t].[SubModule], [t].[Summary], [t].[Title], [t0].[Id] AS [Id0], [t0].[ClassifiedDomain], [t0].[Confidence], [t0].[Summary] AS [Summary0], [t0].[TicketId]
          FROM [Tickets] AS [t]
          LEFT JOIN [TicketAiMetadata] AS [t0] ON [t].[Id] = [t0].[TicketId]
          WHERE [t].[ReferenceKZ] = @ticketId
      ) AS [s]
      LEFT JOIN (
          SELECT [a].[Id], [a].[Score], [a].[SimilarTicketId], [a].[TicketId], [t1].[Id] AS [Id0], [t1].[AiSuggestedRoute], [t1].[ApplicantFirstName], [t1].[ApplicantId], [t1].[ApplicantLastName], [t1].[Application], [t1].[AssigneeId], [t1].[ClosingDate], [t1].[CreatedAtUtc], [t1].[Description], [t1].[DomainId], [t1].[EcrNumber], [t1].[EnglishAccepted], [t1].[JiraLink], [t1].[LastSyncDate], [t1].[Level], [t1].[ModuleId], [t1].[PartNumber], [t1].[Priority], [t1].[ReactivityDuration], [t1].[ReferenceKZ], [t1].[ReferenceSTLA], [t1].[ResolvedAtUtc], [t1].[SiteId], [t1].[SlaDeadlineUtc], [t1].[SourceSystemId], [t1].[Status], [t1].[SubModule], [t1].[Summary], [t1].[Title], [d].[Id] AS [Id1], [d].[CreatedAtUtc] AS [CreatedAtUtc0], [d].[Description] AS [Description0], [d].[Name]
          FROM [AiSimilarTickets] AS [a]
          INNER JOIN [Tickets] AS [t1] ON [a].[SimilarTicketId] = [t1].[Id]
          LEFT JOIN [Domains] AS [d] ON [t1].[DomainId] = [d].[Id]
      ) AS [s0] ON [s].[Id] = [s0].[TicketId]
      LEFT JOIN (
          SELECT [a0].[Id], [a0].[NeedsVerification], [a0].[Rank], [a0].[SolutionText], [a0].[SourceTicketRefId], [a0].[TicketId], [a0].[Vote], [t2].[Id] AS [Id0], [t2].[AiSuggestedRoute], [t2].[ApplicantFirstName], [t2].[ApplicantId], [t2].[ApplicantLastName], [t2].[Application], [t2].[AssigneeId], [t2].[ClosingDate], [t2].[CreatedAtUtc], [t2].[Description], [t2].[DomainId], [t2].[EcrNumber], [t2].[EnglishAccepted], [t2].[JiraLink], [t2].[LastSyncDate], [t2].[Level], [t2].[ModuleId], [t2].[PartNumber], [t2].[Priority], [t2].[ReactivityDuration], [t2].[ReferenceKZ], [t2].[ReferenceSTLA], [t2].[ResolvedAtUtc], [t2].[SiteId], [t2].[SlaDeadlineUtc], [t2].[SourceSystemId], [t2].[Status], [t2].[SubModule], [t2].[Summary], [t2].[Title]
          FROM [AiSuggestedSolutions] AS [a0]
          LEFT JOIN [Tickets] AS [t2] ON [a0].[SourceTicketRefId] = [t2].[Id]
      ) AS [s1] ON [s].[Id] = [s1].[TicketId]
      LEFT JOIN [AiChatMessages] AS [a1] ON [s].[Id] = [a1].[TicketId]
      ORDER BY [s].[Id], [s].[Id0], [s0].[Id], [s0].[Id0], [s0].[Id1], [s1].[Id], [s1].[Id0]
info: Microsoft.EntityFrameworkCore.Database.Command[20101]
      Executed DbCommand (15ms) [Parameters=[@warningCutoff='?' (DbType = DateTime2)], CommandType='Text', CommandTimeout='30']
      SELECT [t].[Id], [t].[AiSuggestedRoute], [t].[ApplicantFirstName], [t].[ApplicantId], [t].[ApplicantLastName], [t].[Application], [t].[AssigneeId], [t].[ClosingDate], [t].[CreatedAtUtc], [t].[Description], [t].[DomainId], [t].[EcrNumber], [t].[EnglishAccepted], [t].[JiraLink], [t].[LastSyncDate], [t].[Level], [t].[ModuleId], [t].[PartNumber], [t].[Priority], [t].[ReactivityDuration], [t].[ReferenceKZ], [t].[ReferenceSTLA], [t].[ResolvedAtUtc], [t].[SiteId], [t].[SlaDeadlineUtc], [t].[SourceSystemId], [t].[Status], [t].[SubModule], [t].[Summary], [t].[Title]
      FROM [Tickets] AS [t]
      WHERE [t].[AssigneeId] IS NOT NULL AND [t].[Status] IN (1, 2) AND [t].[SlaDeadlineUtc] <= @warningCutoff
info: Microsoft.EntityFrameworkCore.Database.Command[20101]
      Executed DbCommand (10ms) [Parameters=[@_8__locals1_ticket_Id='?' (DbType = Guid), @_8__locals1_ticket_AssigneeId='?' (DbType = Guid), @type='?' (Size = 255)], CommandType='Text', CommandTimeout='30']
      SELECT CASE
          WHEN EXISTS (
              SELECT 1
              FROM [Notifications] AS [n]
              WHERE [n].[TicketId] = @_8__locals1_ticket_Id AND [n].[UserId] = @_8__locals1_ticket_AssigneeId AND [n].[Type] = @type) THEN CAST(1 AS bit)
          ELSE CAST(0 AS bit)
      END
info: Microsoft.EntityFrameworkCore.Database.Command[20101]
      Executed DbCommand (0ms) [Parameters=[@_8__locals1_ticket_Id='?' (DbType = Guid), @_8__locals1_ticket_AssigneeId='?' (DbType = Guid), @type='?' (Size = 255)], CommandType='Text', CommandTimeout='30']
      SELECT CASE
          WHEN EXISTS (
              SELECT 1
              FROM [Notifications] AS [n]
              WHERE [n].[TicketId] = @_8__locals1_ticket_Id AND [n].[UserId] = @_8__locals1_ticket_AssigneeId AND [n].[Type] = @type) THEN CAST(1 AS bit)
          ELSE CAST(0 AS bit)
      END
info: Microsoft.EntityFrameworkCore.Database.Command[20101]
      Executed DbCommand (0ms) [Parameters=[@_8__locals1_ticket_Id='?' (DbType = Guid), @_8__locals1_ticket_AssigneeId='?' (DbType = Guid), @type='?' (Size = 255)], CommandType='Text', CommandTimeout='30']
      SELECT CASE
          WHEN EXISTS (
              SELECT 1
              FROM [Notifications] AS [n]
              WHERE [n].[TicketId] = @_8__locals1_ticket_Id AND [n].[UserId] = @_8__locals1_ticket_AssigneeId AND [n].[Type] = @type) THEN CAST(1 AS bit)
          ELSE CAST(0 AS bit)
      END
info: Microsoft.EntityFrameworkCore.Database.Command[20101]
      Executed DbCommand (0ms) [Parameters=[@_8__locals1_ticket_Id='?' (DbType = Guid), @_8__locals1_ticket_AssigneeId='?' (DbType = Guid), @type='?' (Size = 255)], CommandType='Text', CommandTimeout='30']
      SELECT CASE
          WHEN EXISTS (
              SELECT 1
              FROM [Notifications] AS [n]
              WHERE [n].[TicketId] = @_8__locals1_ticket_Id AND [n].[UserId] = @_8__locals1_ticket_AssigneeId AND [n].[Type] = @type) THEN CAST(1 AS bit)
          ELSE CAST(0 AS bit)
      END
info: Microsoft.EntityFrameworkCore.Database.Command[20101]
      Executed DbCommand (0ms) [Parameters=[@_8__locals1_ticket_Id='?' (DbType = Guid), @_8__locals1_ticket_AssigneeId='?' (DbType = Guid), @type='?' (Size = 255)], CommandType='Text', CommandTimeout='30']
      SELECT CASE
          WHEN EXISTS (
              SELECT 1
              FROM [Notifications] AS [n]
              WHERE [n].[TicketId] = @_8__locals1_ticket_Id AND [n].[UserId] = @_8__locals1_ticket_AssigneeId AND [n].[Type] = @type) THEN CAST(1 AS bit)
          ELSE CAST(0 AS bit)
      END
info: Microsoft.EntityFrameworkCore.Database.Command[20101]
      Executed DbCommand (0ms) [Parameters=[@_8__locals1_ticket_Id='?' (DbType = Guid), @_8__locals1_ticket_AssigneeId='?' (DbType = Guid), @type='?' (Size = 255)], CommandType='Text', CommandTimeout='30']
      SELECT CASE
          WHEN EXISTS (
              SELECT 1
              FROM [Notifications] AS [n]
              WHERE [n].[TicketId] = @_8__locals1_ticket_Id AND [n].[UserId] = @_8__locals1_ticket_AssigneeId AND [n].[Type] = @type) THEN CAST(1 AS bit)
          ELSE CAST(0 AS bit)
      END
info: Microsoft.EntityFrameworkCore.Database.Command[20101]
      Executed DbCommand (0ms) [Parameters=[@_8__locals1_ticket_Id='?' (DbType = Guid), @_8__locals1_ticket_AssigneeId='?' (DbType = Guid), @type='?' (Size = 255)], CommandType='Text', CommandTimeout='30']
      SELECT CASE
          WHEN EXISTS (
              SELECT 1
              FROM [Notifications] AS [n]
              WHERE [n].[TicketId] = @_8__locals1_ticket_Id AND [n].[UserId] = @_8__locals1_ticket_AssigneeId AND [n].[Type] = @type) THEN CAST(1 AS bit)
          ELSE CAST(0 AS bit)
      END
info: Microsoft.EntityFrameworkCore.Database.Command[20101]
      Executed DbCommand (1ms) [Parameters=[@_8__locals1_ticket_Id='?' (DbType = Guid), @_8__locals1_ticket_AssigneeId='?' (DbType = Guid), @type='?' (Size = 255)], CommandType='Text', CommandTimeout='30']
      SELECT CASE
          WHEN EXISTS (
              SELECT 1
              FROM [Notifications] AS [n]
              WHERE [n].[TicketId] = @_8__locals1_ticket_Id AND [n].[UserId] = @_8__locals1_ticket_AssigneeId AND [n].[Type] = @type) THEN CAST(1 AS bit)
          ELSE CAST(0 AS bit)
      END
info: Microsoft.EntityFrameworkCore.Database.Command[20101]
      Executed DbCommand (0ms) [Parameters=[@_8__locals1_ticket_Id='?' (DbType = Guid), @_8__locals1_ticket_AssigneeId='?' (DbType = Guid), @type='?' (Size = 255)], CommandType='Text', CommandTimeout='30']
      SELECT CASE
          WHEN EXISTS (
              SELECT 1
              FROM [Notifications] AS [n]
              WHERE [n].[TicketId] = @_8__locals1_ticket_Id AND [n].[UserId] = @_8__locals1_ticket_AssigneeId AND [n].[Type] = @type) THEN CAST(1 AS bit)
          ELSE CAST(0 AS bit)
      END
info: Microsoft.EntityFrameworkCore.Database.Command[20101]
      Executed DbCommand (0ms) [Parameters=[@_8__locals1_ticket_Id='?' (DbType = Guid), @_8__locals1_ticket_AssigneeId='?' (DbType = Guid), @type='?' (Size = 255)], CommandType='Text', CommandTimeout='30']
      SELECT CASE
          WHEN EXISTS (
              SELECT 1
              FROM [Notifications] AS [n]
              WHERE [n].[TicketId] = @_8__locals1_ticket_Id AND [n].[UserId] = @_8__locals1_ticket_AssigneeId AND [n].[Type] = @type) THEN CAST(1 AS bit)
          ELSE CAST(0 AS bit)
      END
info: Microsoft.EntityFrameworkCore.Database.Command[20101]
      Executed DbCommand (1ms) [Parameters=[@_8__locals1_ticket_Id='?' (DbType = Guid), @_8__locals1_ticket_AssigneeId='?' (DbType = Guid), @type='?' (Size = 255)], CommandType='Text', CommandTimeout='30']
      SELECT CASE
          WHEN EXISTS (
              SELECT 1
              FROM [Notifications] AS [n]
              WHERE [n].[TicketId] = @_8__locals1_ticket_Id AND [n].[UserId] = @_8__locals1_ticket_AssigneeId AND [n].[Type] = @type) THEN CAST(1 AS bit)
          ELSE CAST(0 AS bit)
      END
info: Microsoft.EntityFrameworkCore.Database.Command[20101]
      Executed DbCommand (0ms) [Parameters=[@_8__locals1_ticket_Id='?' (DbType = Guid), @_8__locals1_ticket_AssigneeId='?' (DbType = Guid), @type='?' (Size = 255)], CommandType='Text', CommandTimeout='30']
      SELECT CASE
          WHEN EXISTS (
              SELECT 1
              FROM [Notifications] AS [n]
              WHERE [n].[TicketId] = @_8__locals1_ticket_Id AND [n].[UserId] = @_8__locals1_ticket_AssigneeId AND [n].[Type] = @type) THEN CAST(1 AS bit)
          ELSE CAST(0 AS bit)
      END
info: Microsoft.EntityFrameworkCore.Database.Command[20101]
      Executed DbCommand (0ms) [Parameters=[@_8__locals1_ticket_Id='?' (DbType = Guid), @_8__locals1_ticket_AssigneeId='?' (DbType = Guid), @type='?' (Size = 255)], CommandType='Text', CommandTimeout='30']
      SELECT CASE
          WHEN EXISTS (
              SELECT 1
              FROM [Notifications] AS [n]
              WHERE [n].[TicketId] = @_8__locals1_ticket_Id AND [n].[UserId] = @_8__locals1_ticket_AssigneeId AND [n].[Type] = @type) THEN CAST(1 AS bit)
          ELSE CAST(0 AS bit)
      END
info: Microsoft.EntityFrameworkCore.Database.Command[20101]
      Executed DbCommand (0ms) [Parameters=[@_8__locals1_ticket_Id='?' (DbType = Guid), @_8__locals1_ticket_AssigneeId='?' (DbType = Guid), @type='?' (Size = 255)], CommandType='Text', CommandTimeout='30']
      SELECT CASE
          WHEN EXISTS (
              SELECT 1
              FROM [Notifications] AS [n]
              WHERE [n].[TicketId] = @_8__locals1_ticket_Id AND [n].[UserId] = @_8__locals1_ticket_AssigneeId AND [n].[Type] = @type) THEN CAST(1 AS bit)
          ELSE CAST(0 AS bit)
      END
info: Microsoft.EntityFrameworkCore.Database.Command[20101]
      Executed DbCommand (0ms) [Parameters=[@_8__locals1_ticket_Id='?' (DbType = Guid), @_8__locals1_ticket_AssigneeId='?' (DbType = Guid), @type='?' (Size = 255)], CommandType='Text', CommandTimeout='30']
      SELECT CASE
          WHEN EXISTS (
              SELECT 1
              FROM [Notifications] AS [n]
              WHERE [n].[TicketId] = @_8__locals1_ticket_Id AND [n].[UserId] = @_8__locals1_ticket_AssigneeId AND [n].[Type] = @type) THEN CAST(1 AS bit)
          ELSE CAST(0 AS bit)
      END
info: Microsoft.EntityFrameworkCore.Database.Command[20101]
      Executed DbCommand (1ms) [Parameters=[@_8__locals1_ticket_Id='?' (DbType = Guid), @_8__locals1_ticket_AssigneeId='?' (DbType = Guid), @type='?' (Size = 255)], CommandType='Text', CommandTimeout='30']
      SELECT CASE
          WHEN EXISTS (
              SELECT 1
              FROM [Notifications] AS [n]
              WHERE [n].[TicketId] = @_8__locals1_ticket_Id AND [n].[UserId] = @_8__locals1_ticket_AssigneeId AND [n].[Type] = @type) THEN CAST(1 AS bit)
          ELSE CAST(0 AS bit)
      END
info: Microsoft.EntityFrameworkCore.Database.Command[20101]
      Executed DbCommand (0ms) [Parameters=[@_8__locals1_ticket_Id='?' (DbType = Guid), @_8__locals1_ticket_AssigneeId='?' (DbType = Guid), @type='?' (Size = 255)], CommandType='Text', CommandTimeout='30']
      SELECT CASE
          WHEN EXISTS (
              SELECT 1
              FROM [Notifications] AS [n]
              WHERE [n].[TicketId] = @_8__locals1_ticket_Id AND [n].[UserId] = @_8__locals1_ticket_AssigneeId AND [n].[Type] = @type) THEN CAST(1 AS bit)
          ELSE CAST(0 AS bit)
      END
info: Microsoft.EntityFrameworkCore.Database.Command[20101]
      Executed DbCommand (0ms) [Parameters=[@_8__locals1_ticket_Id='?' (DbType = Guid), @_8__locals1_ticket_AssigneeId='?' (DbType = Guid), @type='?' (Size = 255)], CommandType='Text', CommandTimeout='30']
      SELECT CASE
          WHEN EXISTS (
              SELECT 1
              FROM [Notifications] AS [n]
              WHERE [n].[TicketId] = @_8__locals1_ticket_Id AND [n].[UserId] = @_8__locals1_ticket_AssigneeId AND [n].[Type] = @type) THEN CAST(1 AS bit)
          ELSE CAST(0 AS bit)
      END
info: Microsoft.EntityFrameworkCore.Database.Command[20101]
      Executed DbCommand (0ms) [Parameters=[@_8__locals1_ticket_Id='?' (DbType = Guid), @_8__locals1_ticket_AssigneeId='?' (DbType = Guid), @type='?' (Size = 255)], CommandType='Text', CommandTimeout='30']
      SELECT CASE
          WHEN EXISTS (
              SELECT 1
              FROM [Notifications] AS [n]
              WHERE [n].[TicketId] = @_8__locals1_ticket_Id AND [n].[UserId] = @_8__locals1_ticket_AssigneeId AND [n].[Type] = @type) THEN CAST(1 AS bit)
          ELSE CAST(0 AS bit)
      END
info: Microsoft.EntityFrameworkCore.Database.Command[20101]
      Executed DbCommand (0ms) [Parameters=[@_8__locals1_ticket_Id='?' (DbType = Guid), @_8__locals1_ticket_AssigneeId='?' (DbType = Guid), @type='?' (Size = 255)], CommandType='Text', CommandTimeout='30']
      SELECT CASE
          WHEN EXISTS (
              SELECT 1
              FROM [Notifications] AS [n]
              WHERE [n].[TicketId] = @_8__locals1_ticket_Id AND [n].[UserId] = @_8__locals1_ticket_AssigneeId AND [n].[Type] = @type) THEN CAST(1 AS bit)
          ELSE CAST(0 AS bit)
      END
info: Microsoft.EntityFrameworkCore.Database.Command[20101]
      Executed DbCommand (0ms) [Parameters=[@_8__locals1_ticket_Id='?' (DbType = Guid), @_8__locals1_ticket_AssigneeId='?' (DbType = Guid), @type='?' (Size = 255)], CommandType='Text', CommandTimeout='30']
      SELECT CASE
          WHEN EXISTS (
              SELECT 1
              FROM [Notifications] AS [n]
              WHERE [n].[TicketId] = @_8__locals1_ticket_Id AND [n].[UserId] = @_8__locals1_ticket_AssigneeId AND [n].[Type] = @type) THEN CAST(1 AS bit)
          ELSE CAST(0 AS bit)
      END
info: Microsoft.EntityFrameworkCore.Database.Command[20101]
      Executed DbCommand (0ms) [Parameters=[@_8__locals1_ticket_Id='?' (DbType = Guid), @_8__locals1_ticket_AssigneeId='?' (DbType = Guid), @type='?' (Size = 255)], CommandType='Text', CommandTimeout='30']
      SELECT CASE
          WHEN EXISTS (
              SELECT 1
              FROM [Notifications] AS [n]
              WHERE [n].[TicketId] = @_8__locals1_ticket_Id AND [n].[UserId] = @_8__locals1_ticket_AssigneeId AND [n].[Type] = @type) THEN CAST(1 AS bit)
          ELSE CAST(0 AS bit)
      END
fail: Microsoft.EntityFrameworkCore.Database.Connection[20004]
      An error occurred using the connection to database 'SparksDb' on server '(localdb)\MSSQLLocalDB'.
fail: Microsoft.EntityFrameworkCore.Database.Connection[20004]
      An error occurred using the connection to database 'SparksDb' on server '(localdb)\MSSQLLocalDB'.
fail: Microsoft.EntityFrameworkCore.Query[10100]
      An exception occurred while iterating over the results of a query for context type 'Sparks.Api.Data.AppDbContext'.
      Microsoft.Data.SqlClient.SqlException (0x80131904): Le délai d'attente pour la connexion expiré. Le délai d'attente s'est écoulé lors de la tentative de consommation de l'accusé réception de la poignée de main de préconnexion. Cela peut être dû à un échec de la poignée de main de préconnexion ou au fait que le serveur n'a pas pu répondre dans les temps.  Le temps écoulé lors de la tentative de connexion à ce serveur était de - [Préconnexion] initialisation=17; poignée de main=15028; 
       ---> System.ComponentModel.Win32Exception (258): Dépassement du délai d’attente.
         at Microsoft.Data.SqlClient.ConnectionPool.WaitHandleDbConnectionPool.TryGetConnection(DbConnection owningObject, UInt32 waitForMultipleObjectsTimeout, Boolean allowCreate, Boolean onlyOneCheckConnection, DbConnectionOptions userOptions, DbConnectionInternal& connection)
         at Microsoft.Data.SqlClient.ConnectionPool.WaitHandleDbConnectionPool.WaitForPendingOpen()
      --- End of stack trace from previous location ---
         at Microsoft.EntityFrameworkCore.Storage.RelationalConnection.OpenInternalAsync(Boolean errorsExpected, CancellationToken cancellationToken)
         at Microsoft.EntityFrameworkCore.Storage.RelationalConnection.OpenInternalAsync(Boolean errorsExpected, CancellationToken cancellationToken)
         at Microsoft.EntityFrameworkCore.Storage.RelationalConnection.OpenAsync(CancellationToken cancellationToken, Boolean errorsExpected)
         at Microsoft.EntityFrameworkCore.Storage.RelationalCommand.ExecuteReaderAsync(RelationalCommandParameterObject parameterObject, CancellationToken cancellationToken)
         at Microsoft.EntityFrameworkCore.Query.Internal.SingleQueryingEnumerable`1.AsyncEnumerator.InitializeReaderAsync(AsyncEnumerator enumerator, CancellationToken cancellationToken)
         at Microsoft.EntityFrameworkCore.SqlServer.Storage.Internal.SqlServerExecutionStrategy.ExecuteAsync[TState,TResult](TState state, Func`4 operation, Func`4 verifySucceeded, CancellationToken cancellationToken)
         at Microsoft.EntityFrameworkCore.Query.Internal.SingleQueryingEnumerable`1.AsyncEnumerator.MoveNextAsync()
      ClientConnectionId :f962ae62-226b-4316-bdce-ea8010f1c617
      Error Number :-2,State :0,Class :11
      Microsoft.Data.SqlClient.SqlException (0x80131904): Le délai d'attente pour la connexion expiré. Le délai d'attente s'est écoulé lors de la tentative de consommation de l'accusé réception de la poignée de main de préconnexion. Cela peut être dû à un échec de la poignée de main de préconnexion ou au fait que le serveur n'a pas pu répondre dans les temps.  Le temps écoulé lors de la tentative de connexion à ce serveur était de - [Préconnexion] initialisation=17; poignée de main=15028; 
       ---> System.ComponentModel.Win32Exception (258): Dépassement du délai d’attente.
         at Microsoft.Data.SqlClient.ConnectionPool.WaitHandleDbConnectionPool.TryGetConnection(DbConnection owningObject, UInt32 waitForMultipleObjectsTimeout, Boolean allowCreate, Boolean onlyOneCheckConnection, DbConnectionOptions userOptions, DbConnectionInternal& connection)
         at Microsoft.Data.SqlClient.ConnectionPool.WaitHandleDbConnectionPool.WaitForPendingOpen()
      --- End of stack trace from previous location ---
         at Microsoft.EntityFrameworkCore.Storage.RelationalConnection.OpenInternalAsync(Boolean errorsExpected, CancellationToken cancellationToken)
         at Microsoft.EntityFrameworkCore.Storage.RelationalConnection.OpenInternalAsync(Boolean errorsExpected, CancellationToken cancellationToken)
         at Microsoft.EntityFrameworkCore.Storage.RelationalConnection.OpenAsync(CancellationToken cancellationToken, Boolean errorsExpected)
         at Microsoft.EntityFrameworkCore.Storage.RelationalCommand.ExecuteReaderAsync(RelationalCommandParameterObject parameterObject, CancellationToken cancellationToken)
         at Microsoft.EntityFrameworkCore.Query.Internal.SingleQueryingEnumerable`1.AsyncEnumerator.InitializeReaderAsync(AsyncEnumerator enumerator, CancellationToken cancellationToken)
         at Microsoft.EntityFrameworkCore.SqlServer.Storage.Internal.SqlServerExecutionStrategy.ExecuteAsync[TState,TResult](TState state, Func`4 operation, Func`4 verifySucceeded, CancellationToken cancellationToken)
         at Microsoft.EntityFrameworkCore.Query.Internal.SingleQueryingEnumerable`1.AsyncEnumerator.MoveNextAsync()
      ClientConnectionId :f962ae62-226b-4316-bdce-ea8010f1c617
      Error Number :-2,State :0,Class :11
fail: Microsoft.EntityFrameworkCore.Query[10100]
      An exception occurred while iterating over the results of a query for context type 'Sparks.Api.Data.AppDbContext'.
      Microsoft.Data.SqlClient.SqlException (0x80131904): Le délai d'attente pour la connexion expiré. Le délai d'attente s'est écoulé lors de la tentative de consommation de l'accusé réception de la poignée de main de préconnexion. Cela peut être dû à un échec de la poignée de main de préconnexion ou au fait que le serveur n'a pas pu répondre dans les temps.  Le temps écoulé lors de la tentative de connexion à ce serveur était de - [Préconnexion] initialisation=17; poignée de main=15028; 
       ---> System.ComponentModel.Win32Exception (258): Dépassement du délai d’attente.
         at Microsoft.Data.SqlClient.SqlInternalConnection.OnError(SqlException exception, Boolean breakConnection, Action`1 wrapCloseInAction)
         at Microsoft.Data.SqlClient.TdsParser.ThrowExceptionAndWarning(TdsParserStateObject stateObj, SqlCommand command, Boolean callerHasConnectionLock, Boolean asyncClose)
         at Microsoft.Data.SqlClient.TdsParserStateObject.ThrowExceptionAndWarning(Boolean callerHasConnectionLock, Boolean asyncClose)
         at Microsoft.Data.SqlClient.TdsParserStateObject.ReadSniError(TdsParserStateObject stateObj, UInt32 error)
         at Microsoft.Data.SqlClient.TdsParserStateObject.ReadSniSyncOverAsync()
         at Microsoft.Data.SqlClient.TdsParserStateObject.TryReadNetworkPacket()
         at Microsoft.Data.SqlClient.TdsParser.ConsumePreLoginHandshake(SqlConnectionEncryptOption encrypt, Boolean trustServerCert, Boolean integratedSecurity, Boolean& marsCapable, Boolean& fedAuthRequired, Boolean tlsFirst, String serverCertificateFilename)
         at Microsoft.Data.SqlClient.TdsParser.Connect(ServerInfo serverInfo, SqlInternalConnectionTds connHandler, TimeoutTimer timeout, SqlConnectionString connectionOptions, Boolean withFailover)
         at Microsoft.Data.SqlClient.SqlInternalConnectionTds.AttemptOneLogin(ServerInfo serverInfo, String newPassword, SecureString newSecurePassword, TimeoutTimer timeout, Boolean withFailover)
         at Microsoft.Data.SqlClient.SqlInternalConnectionTds.LoginNoFailover(ServerInfo serverInfo, String newPassword, SecureString newSecurePassword, Boolean redirectedUserInstance, SqlConnectionString connectionOptions, SqlCredential credential, TimeoutTimer timeout)
         at Microsoft.Data.SqlClient.SqlInternalConnectionTds.OpenLoginEnlist(TimeoutTimer timeout, SqlConnectionString connectionOptions, SqlCredential credential, String newPassword, SecureString newSecurePassword, Boolean redirectedUserInstance)
         at Microsoft.Data.SqlClient.SqlInternalConnectionTds..ctor(DbConnectionPoolIdentity identity, SqlConnectionString connectionOptions, SqlCredential credential, Object providerInfo, String newPassword, SecureString newSecurePassword, Boolean redirectedUserInstance, SqlConnectionString userConnectionOptions, SessionData reconnectSessionData, Boolean applyTransientFaultHandling, String accessToken, IDbConnectionPool pool, Func`3 accessTokenCallback)
         at Microsoft.Data.SqlClient.SqlConnectionFactory.CreateConnection(DbConnectionOptions options, DbConnectionPoolKey poolKey, DbConnectionPoolGroupProviderInfo poolGroupProviderInfo, IDbConnectionPool pool, DbConnection owningConnection, DbConnectionOptions userOptions)
         at Microsoft.Data.ProviderBase.DbConnectionFactory.CreatePooledConnection(IDbConnectionPool pool, DbConnection owningObject, DbConnectionOptions options, DbConnectionPoolKey poolKey, DbConnectionOptions userOptions)
         at Microsoft.Data.SqlClient.ConnectionPool.WaitHandleDbConnectionPool.CreateObject(DbConnection owningObject, DbConnectionOptions userOptions, DbConnectionInternal oldConnection)
         at Microsoft.Data.SqlClient.ConnectionPool.WaitHandleDbConnectionPool.UserCreateRequest(DbConnection owningObject, DbConnectionOptions userOptions, DbConnectionInternal oldConnection)
         at Microsoft.Data.SqlClient.ConnectionPool.WaitHandleDbConnectionPool.TryGetConnection(DbConnection owningObject, UInt32 waitForMultipleObjectsTimeout, Boolean allowCreate, Boolean onlyOneCheckConnection, DbConnectionOptions userOptions, DbConnectionInternal& connection)
         at Microsoft.Data.SqlClient.ConnectionPool.WaitHandleDbConnectionPool.WaitForPendingOpen()
      --- End of stack trace from previous location ---
         at Microsoft.EntityFrameworkCore.Storage.RelationalConnection.OpenInternalAsync(Boolean errorsExpected, CancellationToken cancellationToken)
         at Microsoft.EntityFrameworkCore.Storage.RelationalConnection.OpenInternalAsync(Boolean errorsExpected, CancellationToken cancellationToken)
         at Microsoft.EntityFrameworkCore.Storage.RelationalConnection.OpenAsync(CancellationToken cancellationToken, Boolean errorsExpected)
         at Microsoft.EntityFrameworkCore.Storage.RelationalCommand.ExecuteReaderAsync(RelationalCommandParameterObject parameterObject, CancellationToken cancellationToken)
         at Microsoft.EntityFrameworkCore.Query.Internal.SingleQueryingEnumerable`1.AsyncEnumerator.InitializeReaderAsync(AsyncEnumerator enumerator, CancellationToken cancellationToken)
         at Microsoft.EntityFrameworkCore.SqlServer.Storage.Internal.SqlServerExecutionStrategy.ExecuteAsync[TState,TResult](TState state, Func`4 operation, Func`4 verifySucceeded, CancellationToken cancellationToken)
         at Microsoft.EntityFrameworkCore.Query.Internal.SingleQueryingEnumerable`1.AsyncEnumerator.MoveNextAsync()
      ClientConnectionId :f962ae62-226b-4316-bdce-ea8010f1c617
      Error Number :-2,State :0,Class :11
      Microsoft.Data.SqlClient.SqlException (0x80131904): Le délai d'attente pour la connexion expiré. Le délai d'attente s'est écoulé lors de la tentative de consommation de l'accusé réception de la poignée de main de préconnexion. Cela peut être dû à un échec de la poignée de main de préconnexion ou au fait que le serveur n'a pas pu répondre dans les temps.  Le temps écoulé lors de la tentative de connexion à ce serveur était de - [Préconnexion] initialisation=17; poignée de main=15028; 
       ---> System.ComponentModel.Win32Exception (258): Dépassement du délai d’attente.
         at Microsoft.Data.SqlClient.SqlInternalConnection.OnError(SqlException exception, Boolean breakConnection, Action`1 wrapCloseInAction)
         at Microsoft.Data.SqlClient.TdsParser.ThrowExceptionAndWarning(TdsParserStateObject stateObj, SqlCommand command, Boolean callerHasConnectionLock, Boolean asyncClose)
         at Microsoft.Data.SqlClient.TdsParserStateObject.ThrowExceptionAndWarning(Boolean callerHasConnectionLock, Boolean asyncClose)
         at Microsoft.Data.SqlClient.TdsParserStateObject.ReadSniError(TdsParserStateObject stateObj, UInt32 error)
         at Microsoft.Data.SqlClient.TdsParserStateObject.ReadSniSyncOverAsync()
         at Microsoft.Data.SqlClient.TdsParserStateObject.TryReadNetworkPacket()
         at Microsoft.Data.SqlClient.TdsParser.ConsumePreLoginHandshake(SqlConnectionEncryptOption encrypt, Boolean trustServerCert, Boolean integratedSecurity, Boolean& marsCapable, Boolean& fedAuthRequired, Boolean tlsFirst, String serverCertificateFilename)
         at Microsoft.Data.SqlClient.TdsParser.Connect(ServerInfo serverInfo, SqlInternalConnectionTds connHandler, TimeoutTimer timeout, SqlConnectionString connectionOptions, Boolean withFailover)
         at Microsoft.Data.SqlClient.SqlInternalConnectionTds.AttemptOneLogin(ServerInfo serverInfo, String newPassword, SecureString newSecurePassword, TimeoutTimer timeout, Boolean withFailover)
         at Microsoft.Data.SqlClient.SqlInternalConnectionTds.LoginNoFailover(ServerInfo serverInfo, String newPassword, SecureString newSecurePassword, Boolean redirectedUserInstance, SqlConnectionString connectionOptions, SqlCredential credential, TimeoutTimer timeout)
         at Microsoft.Data.SqlClient.SqlInternalConnectionTds.OpenLoginEnlist(TimeoutTimer timeout, SqlConnectionString connectionOptions, SqlCredential credential, String newPassword, SecureString newSecurePassword, Boolean redirectedUserInstance)
         at Microsoft.Data.SqlClient.SqlInternalConnectionTds..ctor(DbConnectionPoolIdentity identity, SqlConnectionString connectionOptions, SqlCredential credential, Object providerInfo, String newPassword, SecureString newSecurePassword, Boolean redirectedUserInstance, SqlConnectionString userConnectionOptions, SessionData reconnectSessionData, Boolean applyTransientFaultHandling, String accessToken, IDbConnectionPool pool, Func`3 accessTokenCallback)
         at Microsoft.Data.SqlClient.SqlConnectionFactory.CreateConnection(DbConnectionOptions options, DbConnectionPoolKey poolKey, DbConnectionPoolGroupProviderInfo poolGroupProviderInfo, IDbConnectionPool pool, DbConnection owningConnection, DbConnectionOptions userOptions)
         at Microsoft.Data.ProviderBase.DbConnectionFactory.CreatePooledConnection(IDbConnectionPool pool, DbConnection owningObject, DbConnectionOptions options, DbConnectionPoolKey poolKey, DbConnectionOptions userOptions)
         at Microsoft.Data.SqlClient.ConnectionPool.WaitHandleDbConnectionPool.CreateObject(DbConnection owningObject, DbConnectionOptions userOptions, DbConnectionInternal oldConnection)
         at Microsoft.Data.SqlClient.ConnectionPool.WaitHandleDbConnectionPool.UserCreateRequest(DbConnection owningObject, DbConnectionOptions userOptions, DbConnectionInternal oldConnection)
         at Microsoft.Data.SqlClient.ConnectionPool.WaitHandleDbConnectionPool.TryGetConnection(DbConnection owningObject, UInt32 waitForMultipleObjectsTimeout, Boolean allowCreate, Boolean onlyOneCheckConnection, DbConnectionOptions userOptions, DbConnectionInternal& connection)
         at Microsoft.Data.SqlClient.ConnectionPool.WaitHandleDbConnectionPool.WaitForPendingOpen()
      --- End of stack trace from previous location ---
         at Microsoft.EntityFrameworkCore.Storage.RelationalConnection.OpenInternalAsync(Boolean errorsExpected, CancellationToken cancellationToken)
         at Microsoft.EntityFrameworkCore.Storage.RelationalConnection.OpenInternalAsync(Boolean errorsExpected, CancellationToken cancellationToken)
         at Microsoft.EntityFrameworkCore.Storage.RelationalConnection.OpenAsync(CancellationToken cancellationToken, Boolean errorsExpected)
         at Microsoft.EntityFrameworkCore.Storage.RelationalCommand.ExecuteReaderAsync(RelationalCommandParameterObject parameterObject, CancellationToken cancellationToken)
         at Microsoft.EntityFrameworkCore.Query.Internal.SingleQueryingEnumerable`1.AsyncEnumerator.InitializeReaderAsync(AsyncEnumerator enumerator, CancellationToken cancellationToken)
         at Microsoft.EntityFrameworkCore.SqlServer.Storage.Internal.SqlServerExecutionStrategy.ExecuteAsync[TState,TResult](TState state, Func`4 operation, Func`4 verifySucceeded, CancellationToken cancellationToken)
         at Microsoft.EntityFrameworkCore.Query.Internal.SingleQueryingEnumerable`1.AsyncEnumerator.MoveNextAsync()
      ClientConnectionId :f962ae62-226b-4316-bdce-ea8010f1c617
      Error Number :-2,State :0,Class :11
fail: Microsoft.AspNetCore.Diagnostics.DeveloperExceptionPageMiddleware[1]
      An unhandled exception has occurred while executing the request.
      Microsoft.Data.SqlClient.SqlException (0x80131904): Le délai d'attente pour la connexion expiré. Le délai d'attente s'est écoulé lors de la tentative de consommation de l'accusé réception de la poignée de main de préconnexion. Cela peut être dû à un échec de la poignée de main de préconnexion ou au fait que le serveur n'a pas pu répondre dans les temps.  Le temps écoulé lors de la tentative de connexion à ce serveur était de - [Préconnexion] initialisation=17; poignée de main=15028; 
       ---> System.ComponentModel.Win32Exception (258): Dépassement du délai d’attente.
         at Microsoft.Data.SqlClient.ConnectionPool.WaitHandleDbConnectionPool.TryGetConnection(DbConnection owningObject, UInt32 waitForMultipleObjectsTimeout, Boolean allowCreate, Boolean onlyOneCheckConnection, DbConnectionOptions userOptions, DbConnectionInternal& connection)
         at Microsoft.Data.SqlClient.ConnectionPool.WaitHandleDbConnectionPool.WaitForPendingOpen()
      --- End of stack trace from previous location ---
         at Microsoft.EntityFrameworkCore.Storage.RelationalConnection.OpenInternalAsync(Boolean errorsExpected, CancellationToken cancellationToken)
         at Microsoft.EntityFrameworkCore.Storage.RelationalConnection.OpenInternalAsync(Boolean errorsExpected, CancellationToken cancellationToken)
         at Microsoft.EntityFrameworkCore.Storage.RelationalConnection.OpenAsync(CancellationToken cancellationToken, Boolean errorsExpected)
         at Microsoft.EntityFrameworkCore.Storage.RelationalCommand.ExecuteReaderAsync(RelationalCommandParameterObject parameterObject, CancellationToken cancellationToken)
         at Microsoft.EntityFrameworkCore.Query.Internal.SingleQueryingEnumerable`1.AsyncEnumerator.InitializeReaderAsync(AsyncEnumerator enumerator, CancellationToken cancellationToken)
         at Microsoft.EntityFrameworkCore.SqlServer.Storage.Internal.SqlServerExecutionStrategy.ExecuteAsync[TState,TResult](TState state, Func`4 operation, Func`4 verifySucceeded, CancellationToken cancellationToken)
         at Microsoft.EntityFrameworkCore.Query.Internal.SingleQueryingEnumerable`1.AsyncEnumerator.MoveNextAsync()
         at Microsoft.EntityFrameworkCore.Query.ShapedQueryCompilingExpressionVisitor.SingleOrDefaultAsync[TSource](IAsyncEnumerable`1 asyncEnumerable, CancellationToken cancellationToken)
         at Microsoft.EntityFrameworkCore.Query.ShapedQueryCompilingExpressionVisitor.SingleOrDefaultAsync[TSource](IAsyncEnumerable`1 asyncEnumerable, CancellationToken cancellationToken)
         at Sparks.Api.Controllers.TicketsController.LoadFullAsync(String referenceKz) in C:\Users\kalaouimrani\SPARKS\sparks-backend\Sparks.Api\Controllers\TicketsController.cs:line 306
         at Sparks.Api.Controllers.TicketsController.GetById(String id) in C:\Users\kalaouimrani\SPARKS\sparks-backend\Sparks.Api\Controllers\TicketsController.cs:line 63
         at lambda_method543(Closure, Object)
         at Microsoft.AspNetCore.Mvc.Infrastructure.ActionMethodExecutor.AwaitableObjectResultExecutor.Execute(ActionContext actionContext, IActionResultTypeMapper mapper, ObjectMethodExecutor executor, Object controller, Object[] arguments)
         at Microsoft.AspNetCore.Mvc.Infrastructure.ControllerActionInvoker.<InvokeActionMethodAsync>g__Awaited|12_0(ControllerActionInvoker invoker, ValueTask`1 actionResultValueTask)
         at Microsoft.AspNetCore.Mvc.Infrastructure.ControllerActionInvoker.<InvokeNextActionFilterAsync>g__Awaited|10_0(ControllerActionInvoker invoker, Task lastTask, State next, Scope scope, Object state, Boolean isCompleted)
         at Microsoft.AspNetCore.Mvc.Infrastructure.ControllerActionInvoker.Rethrow(ActionExecutedContextSealed context)
         at Microsoft.AspNetCore.Mvc.Infrastructure.ControllerActionInvoker.Next(State& next, Scope& scope, Object& state, Boolean& isCompleted)
         at Microsoft.AspNetCore.Mvc.Infrastructure.ControllerActionInvoker.<InvokeInnerFilterAsync>g__Awaited|13_0(ControllerActionInvoker invoker, Task lastTask, State next, Scope scope, Object state, Boolean isCompleted)
         at Microsoft.AspNetCore.Mvc.Infrastructure.ResourceInvoker.<InvokeFilterPipelineAsync>g__Awaited|20_0(ResourceInvoker invoker, Task lastTask, State next, Scope scope, Object state, Boolean isCompleted)
         at Microsoft.AspNetCore.Mvc.Infrastructure.ResourceInvoker.<InvokeAsync>g__Awaited|17_0(ResourceInvoker invoker, Task task, IDisposable scope)
         at Microsoft.AspNetCore.Mvc.Infrastructure.ResourceInvoker.<InvokeAsync>g__Awaited|17_0(ResourceInvoker invoker, Task task, IDisposable scope)
         at Microsoft.AspNetCore.Authorization.AuthorizationMiddleware.Invoke(HttpContext context)
         at Microsoft.AspNetCore.Authentication.AuthenticationMiddleware.Invoke(HttpContext context)
         at Swashbuckle.AspNetCore.SwaggerUI.SwaggerUIMiddleware.Invoke(HttpContext httpContext)
         at Swashbuckle.AspNetCore.Swagger.SwaggerMiddleware.Invoke(HttpContext httpContext, ISwaggerProvider swaggerProvider)
         at Microsoft.AspNetCore.Diagnostics.DeveloperExceptionPageMiddlewareImpl.Invoke(HttpContext context)
      ClientConnectionId :f962ae62-226b-4316-bdce-ea8010f1c617
      Error Number :-2,State :0,Class :11
fail: Microsoft.AspNetCore.Diagnostics.DeveloperExceptionPageMiddleware[1]
      An unhandled exception has occurred while executing the request.
      Microsoft.Data.SqlClient.SqlException (0x80131904): Le délai d'attente pour la connexion expiré. Le délai d'attente s'est écoulé lors de la tentative de consommation de l'accusé réception de la poignée de main de préconnexion. Cela peut être dû à un échec de la poignée de main de préconnexion ou au fait que le serveur n'a pas pu répondre dans les temps.  Le temps écoulé lors de la tentative de connexion à ce serveur était de - [Préconnexion] initialisation=17; poignée de main=15028; 
       ---> System.ComponentModel.Win32Exception (258): Dépassement du délai d’attente.
         at Microsoft.Data.SqlClient.SqlInternalConnection.OnError(SqlException exception, Boolean breakConnection, Action`1 wrapCloseInAction)
         at Microsoft.Data.SqlClient.TdsParser.ThrowExceptionAndWarning(TdsParserStateObject stateObj, SqlCommand command, Boolean callerHasConnectionLock, Boolean asyncClose)
         at Microsoft.Data.SqlClient.TdsParserStateObject.ThrowExceptionAndWarning(Boolean callerHasConnectionLock, Boolean asyncClose)
         at Microsoft.Data.SqlClient.TdsParserStateObject.ReadSniError(TdsParserStateObject stateObj, UInt32 error)
         at Microsoft.Data.SqlClient.TdsParserStateObject.ReadSniSyncOverAsync()
         at Microsoft.Data.SqlClient.TdsParserStateObject.TryReadNetworkPacket()
         at Microsoft.Data.SqlClient.TdsParser.ConsumePreLoginHandshake(SqlConnectionEncryptOption encrypt, Boolean trustServerCert, Boolean integratedSecurity, Boolean& marsCapable, Boolean& fedAuthRequired, Boolean tlsFirst, String serverCertificateFilename)
         at Microsoft.Data.SqlClient.TdsParser.Connect(ServerInfo serverInfo, SqlInternalConnectionTds connHandler, TimeoutTimer timeout, SqlConnectionString connectionOptions, Boolean withFailover)
         at Microsoft.Data.SqlClient.SqlInternalConnectionTds.AttemptOneLogin(ServerInfo serverInfo, String newPassword, SecureString newSecurePassword, TimeoutTimer timeout, Boolean withFailover)
         at Microsoft.Data.SqlClient.SqlInternalConnectionTds.LoginNoFailover(ServerInfo serverInfo, String newPassword, SecureString newSecurePassword, Boolean redirectedUserInstance, SqlConnectionString connectionOptions, SqlCredential credential, TimeoutTimer timeout)
         at Microsoft.Data.SqlClient.SqlInternalConnectionTds.OpenLoginEnlist(TimeoutTimer timeout, SqlConnectionString connectionOptions, SqlCredential credential, String newPassword, SecureString newSecurePassword, Boolean redirectedUserInstance)
         at Microsoft.Data.SqlClient.SqlInternalConnectionTds..ctor(DbConnectionPoolIdentity identity, SqlConnectionString connectionOptions, SqlCredential credential, Object providerInfo, String newPassword, SecureString newSecurePassword, Boolean redirectedUserInstance, SqlConnectionString userConnectionOptions, SessionData reconnectSessionData, Boolean applyTransientFaultHandling, String accessToken, IDbConnectionPool pool, Func`3 accessTokenCallback)
         at Microsoft.Data.SqlClient.SqlConnectionFactory.CreateConnection(DbConnectionOptions options, DbConnectionPoolKey poolKey, DbConnectionPoolGroupProviderInfo poolGroupProviderInfo, IDbConnectionPool pool, DbConnection owningConnection, DbConnectionOptions userOptions)
         at Microsoft.Data.ProviderBase.DbConnectionFactory.CreatePooledConnection(IDbConnectionPool pool, DbConnection owningObject, DbConnectionOptions options, DbConnectionPoolKey poolKey, DbConnectionOptions userOptions)
         at Microsoft.Data.SqlClient.ConnectionPool.WaitHandleDbConnectionPool.CreateObject(DbConnection owningObject, DbConnectionOptions userOptions, DbConnectionInternal oldConnection)
         at Microsoft.Data.SqlClient.ConnectionPool.WaitHandleDbConnectionPool.UserCreateRequest(DbConnection owningObject, DbConnectionOptions userOptions, DbConnectionInternal oldConnection)
         at Microsoft.Data.SqlClient.ConnectionPool.WaitHandleDbConnectionPool.TryGetConnection(DbConnection owningObject, UInt32 waitForMultipleObjectsTimeout, Boolean allowCreate, Boolean onlyOneCheckConnection, DbConnectionOptions userOptions, DbConnectionInternal& connection)
         at Microsoft.Data.SqlClient.ConnectionPool.WaitHandleDbConnectionPool.WaitForPendingOpen()
      --- End of stack trace from previous location ---
         at Microsoft.EntityFrameworkCore.Storage.RelationalConnection.OpenInternalAsync(Boolean errorsExpected, CancellationToken cancellationToken)
         at Microsoft.EntityFrameworkCore.Storage.RelationalConnection.OpenInternalAsync(Boolean errorsExpected, CancellationToken cancellationToken)
         at Microsoft.EntityFrameworkCore.Storage.RelationalConnection.OpenAsync(CancellationToken cancellationToken, Boolean errorsExpected)
         at Microsoft.EntityFrameworkCore.Storage.RelationalCommand.ExecuteReaderAsync(RelationalCommandParameterObject parameterObject, CancellationToken cancellationToken)
         at Microsoft.EntityFrameworkCore.Query.Internal.SingleQueryingEnumerable`1.AsyncEnumerator.InitializeReaderAsync(AsyncEnumerator enumerator, CancellationToken cancellationToken)
         at Microsoft.EntityFrameworkCore.SqlServer.Storage.Internal.SqlServerExecutionStrategy.ExecuteAsync[TState,TResult](TState state, Func`4 operation, Func`4 verifySucceeded, CancellationToken cancellationToken)
         at Microsoft.EntityFrameworkCore.Query.Internal.SingleQueryingEnumerable`1.AsyncEnumerator.MoveNextAsync()
         at Microsoft.EntityFrameworkCore.Query.ShapedQueryCompilingExpressionVisitor.SingleAsync[TSource](IAsyncEnumerable`1 asyncEnumerable, CancellationToken cancellationToken)
         at Microsoft.EntityFrameworkCore.Query.ShapedQueryCompilingExpressionVisitor.SingleAsync[TSource](IAsyncEnumerable`1 asyncEnumerable, CancellationToken cancellationToken)
         at Sparks.Api.Controllers.NotificationsController.UnreadCount() in C:\Users\kalaouimrani\SPARKS\sparks-backend\Sparks.Api\Controllers\NotificationsController.cs:line 39
         at lambda_method332(Closure, Object)
         at Microsoft.AspNetCore.Mvc.Infrastructure.ActionMethodExecutor.AwaitableObjectResultExecutor.Execute(ActionContext actionContext, IActionResultTypeMapper mapper, ObjectMethodExecutor executor, Object controller, Object[] arguments)
         at Microsoft.AspNetCore.Mvc.Infrastructure.ControllerActionInvoker.<InvokeActionMethodAsync>g__Awaited|12_0(ControllerActionInvoker invoker, ValueTask`1 actionResultValueTask)
         at Microsoft.AspNetCore.Mvc.Infrastructure.ControllerActionInvoker.<InvokeNextActionFilterAsync>g__Awaited|10_0(ControllerActionInvoker invoker, Task lastTask, State next, Scope scope, Object state, Boolean isCompleted)
         at Microsoft.AspNetCore.Mvc.Infrastructure.ControllerActionInvoker.Rethrow(ActionExecutedContextSealed context)
         at Microsoft.AspNetCore.Mvc.Infrastructure.ControllerActionInvoker.Next(State& next, Scope& scope, Object& state, Boolean& isCompleted)
         at Microsoft.AspNetCore.Mvc.Infrastructure.ControllerActionInvoker.<InvokeInnerFilterAsync>g__Awaited|13_0(ControllerActionInvoker invoker, Task lastTask, State next, Scope scope, Object state, Boolean isCompleted)
         at Microsoft.AspNetCore.Mvc.Infrastructure.ResourceInvoker.<InvokeFilterPipelineAsync>g__Awaited|20_0(ResourceInvoker invoker, Task lastTask, State next, Scope scope, Object state, Boolean isCompleted)
         at Microsoft.AspNetCore.Mvc.Infrastructure.ResourceInvoker.<InvokeAsync>g__Awaited|17_0(ResourceInvoker invoker, Task task, IDisposable scope)
         at Microsoft.AspNetCore.Mvc.Infrastructure.ResourceInvoker.<InvokeAsync>g__Awaited|17_0(ResourceInvoker invoker, Task task, IDisposable scope)
         at Microsoft.AspNetCore.Authorization.AuthorizationMiddleware.Invoke(HttpContext context)
         at Microsoft.AspNetCore.Authentication.AuthenticationMiddleware.Invoke(HttpContext context)
         at Swashbuckle.AspNetCore.SwaggerUI.SwaggerUIMiddleware.Invoke(HttpContext httpContext)
         at Swashbuckle.AspNetCore.Swagger.SwaggerMiddleware.Invoke(HttpContext httpContext, ISwaggerProvider swaggerProvider)
         at Microsoft.AspNetCore.Diagnostics.DeveloperExceptionPageMiddlewareImpl.Invoke(HttpContext context)
      ClientConnectionId :f962ae62-226b-4316-bdce-ea8010f1c617
      Error Number :-2,State :0,Class :11
info: Microsoft.EntityFrameworkCore.Database.Command[20101]
      Executed DbCommand (19ms) [Parameters=[@CurrentUserId='?' (DbType = Guid)], CommandType='Text', CommandTimeout='30']
      SELECT COUNT(*)
      FROM [Notifications] AS [n]
      WHERE [n].[UserId] = @CurrentUserId AND [n].[Read] = CAST(0 AS bit)
info: Microsoft.EntityFrameworkCore.Database.Command[20101]
      Executed DbCommand (21ms) [Parameters=[@userId='?' (DbType = Guid), @todayUtc='?' (DbType = DateTime2)], CommandType='Text', CommandTimeout='30']
      SELECT COUNT(*)
      FROM [Tickets] AS [t]
      WHERE [t].[AssigneeId] = @userId AND [t].[ResolvedAtUtc] IS NOT NULL AND CONVERT(date, [t].[ResolvedAtUtc]) = @todayUtc
info: Microsoft.EntityFrameworkCore.Database.Command[20101]
      Executed DbCommand (17ms) [Parameters=[@userId='?' (DbType = Guid)], CommandType='Text', CommandTimeout='30']
      SELECT CAST(DATEDIFF(minute, [t].[CreatedAtUtc], [t].[ResolvedAtUtc]) AS float) / 60.0E0
      FROM [Tickets] AS [t]
      WHERE [t].[AssigneeId] = @userId AND [t].[ResolvedAtUtc] IS NOT NULL
info: Microsoft.EntityFrameworkCore.Database.Command[20101]
      Executed DbCommand (19ms) [Parameters=[], CommandType='Text', CommandTimeout='30']
      SELECT COUNT(*)
      FROM [Tickets] AS [t]
info: Microsoft.EntityFrameworkCore.Database.Command[20101]
      Executed DbCommand (21ms) [Parameters=[], CommandType='Text', CommandTimeout='30']
      SELECT [t].[Id], [t].[AiSuggestedRoute], [t].[ApplicantFirstName], [t].[ApplicantId], [t].[ApplicantLastName], [t].[Application], [t].[AssigneeId], [t].[ClosingDate], [t].[CreatedAtUtc], [t].[Description], [t].[DomainId], [t].[EcrNumber], [t].[EnglishAccepted], [t].[JiraLink], [t].[LastSyncDate], [t].[Level], [t].[ModuleId], [t].[PartNumber], [t].[Priority], [t].[ReactivityDuration], [t].[ReferenceKZ], [t].[ReferenceSTLA], [t].[ResolvedAtUtc], [t].[SiteId], [t].[SlaDeadlineUtc], [t].[SourceSystemId], [t].[Status], [t].[SubModule], [t].[Summary], [t].[Title], [d].[Id], [d].[CreatedAtUtc], [d].[Description], [d].[Name], [s].[Id], [s].[ApiEndpoint], [s].[CreatedAtUtc], [s].[LastImportDate], [s].[Name]
      FROM [Tickets] AS [t]
      LEFT JOIN [Domains] AS [d] ON [t].[DomainId] = [d].[Id]
      INNER JOIN [SourceSystems] AS [s] ON [t].[SourceSystemId] = [s].[Id]
      WHERE [t].[Status] = 0 AND [t].[AssigneeId] IS NULL
      ORDER BY [t].[CreatedAtUtc] DESC
info: Microsoft.EntityFrameworkCore.Database.Command[20101]
      Executed DbCommand (35ms) [Parameters=[@userId='?' (DbType = Guid)], CommandType='Text', CommandTimeout='30']
      SELECT [t].[Id], [t].[AiSuggestedRoute], [t].[ApplicantFirstName], [t].[ApplicantId], [t].[ApplicantLastName], [t].[Application], [t].[AssigneeId], [t].[ClosingDate], [t].[CreatedAtUtc], [t].[Description], [t].[DomainId], [t].[EcrNumber], [t].[EnglishAccepted], [t].[JiraLink], [t].[LastSyncDate], [t].[Level], [t].[ModuleId], [t].[PartNumber], [t].[Priority], [t].[ReactivityDuration], [t].[ReferenceKZ], [t].[ReferenceSTLA], [t].[ResolvedAtUtc], [t].[SiteId], [t].[SlaDeadlineUtc], [t].[SourceSystemId], [t].[Status], [t].[SubModule], [t].[Summary], [t].[Title], [d].[Id], [d].[CreatedAtUtc], [d].[Description], [d].[Name], [s].[Id], [s].[ApiEndpoint], [s].[CreatedAtUtc], [s].[LastImportDate], [s].[Name]
      FROM [Tickets] AS [t]
      LEFT JOIN [Domains] AS [d] ON [t].[DomainId] = [d].[Id]
      INNER JOIN [SourceSystems] AS [s] ON [t].[SourceSystemId] = [s].[Id]
      WHERE [t].[AssigneeId] = @userId AND [t].[Status] NOT IN (4, 5)
      ORDER BY [t].[CreatedAtUtc] DESC
info: Microsoft.EntityFrameworkCore.Database.Command[20101]
      Executed DbCommand (25ms) [Parameters=[@p='?' (DbType = Int32), @p1='?' (DbType = Int32)], CommandType='Text', CommandTimeout='30']
      SELECT [t0].[Id], [t0].[AiSuggestedRoute], [t0].[ApplicantFirstName], [t0].[ApplicantId], [t0].[ApplicantLastName], [t0].[Application], [t0].[AssigneeId], [t0].[ClosingDate], [t0].[CreatedAtUtc], [t0].[Description], [t0].[DomainId], [t0].[EcrNumber], [t0].[EnglishAccepted], [t0].[JiraLink], [t0].[LastSyncDate], [t0].[Level], [t0].[ModuleId], [t0].[PartNumber], [t0].[Priority], [t0].[ReactivityDuration], [t0].[ReferenceKZ], [t0].[ReferenceSTLA], [t0].[ResolvedAtUtc], [t0].[SiteId], [t0].[SlaDeadlineUtc], [t0].[SourceSystemId], [t0].[Status], [t0].[SubModule], [t0].[Summary], [t0].[Title], [d].[Id], [d].[CreatedAtUtc], [d].[Description], [d].[Name], [s].[Id], [s].[ApiEndpoint], [s].[CreatedAtUtc], [s].[LastImportDate], [s].[Name]
      FROM (
          SELECT [t].[Id], [t].[AiSuggestedRoute], [t].[ApplicantFirstName], [t].[ApplicantId], [t].[ApplicantLastName], [t].[Application], [t].[AssigneeId], [t].[ClosingDate], [t].[CreatedAtUtc], [t].[Description], [t].[DomainId], [t].[EcrNumber], [t].[EnglishAccepted], [t].[JiraLink], [t].[LastSyncDate], [t].[Level], [t].[ModuleId], [t].[PartNumber], [t].[Priority], [t].[ReactivityDuration], [t].[ReferenceKZ], [t].[ReferenceSTLA], [t].[ResolvedAtUtc], [t].[SiteId], [t].[SlaDeadlineUtc], [t].[SourceSystemId], [t].[Status], [t].[SubModule], [t].[Summary], [t].[Title]
          FROM [Tickets] AS [t]
          ORDER BY [t].[CreatedAtUtc] DESC
          OFFSET @p ROWS FETCH NEXT @p1 ROWS ONLY
      ) AS [t0]
      LEFT JOIN [Domains] AS [d] ON [t0].[DomainId] = [d].[Id]
      INNER JOIN [SourceSystems] AS [s] ON [t0].[SourceSystemId] = [s].[Id]
      ORDER BY [t0].[CreatedAtUtc] DESC
info: Microsoft.EntityFrameworkCore.Database.Command[20101]
      Executed DbCommand (10ms) [Parameters=[@CurrentUserId='?' (DbType = Guid)], CommandType='Text', CommandTimeout='30']
      SELECT COUNT(*)
      FROM [Notifications] AS [n]
      WHERE [n].[UserId] = @CurrentUserId AND [n].[Read] = CAST(0 AS bit)
info: Microsoft.EntityFrameworkCore.Database.Command[20101]
      Executed DbCommand (14ms) [Parameters=[@p='?' (DbType = Int32), @CurrentUserId='?' (DbType = Guid)], CommandType='Text', CommandTimeout='30']
      SELECT [n0].[Id], [n0].[CreatedAtUtc], [n0].[Message], [n0].[Read], [n0].[TicketId], [n0].[Type], [n0].[UserId], [t].[Id], [t].[AiSuggestedRoute], [t].[ApplicantFirstName], [t].[ApplicantId], [t].[ApplicantLastName], [t].[Application], [t].[AssigneeId], [t].[ClosingDate], [t].[CreatedAtUtc], [t].[Description], [t].[DomainId], [t].[EcrNumber], [t].[EnglishAccepted], [t].[JiraLink], [t].[LastSyncDate], [t].[Level], [t].[ModuleId], [t].[PartNumber], [t].[Priority], [t].[ReactivityDuration], [t].[ReferenceKZ], [t].[ReferenceSTLA], [t].[ResolvedAtUtc], [t].[SiteId], [t].[SlaDeadlineUtc], [t].[SourceSystemId], [t].[Status], [t].[SubModule], [t].[Summary], [t].[Title]
      FROM (
          SELECT TOP(@p) [n].[Id], [n].[CreatedAtUtc], [n].[Message], [n].[Read], [n].[TicketId], [n].[Type], [n].[UserId]
          FROM [Notifications] AS [n]
          WHERE [n].[UserId] = @CurrentUserId
          ORDER BY [n].[CreatedAtUtc] DESC
      ) AS [n0]
      LEFT JOIN [Tickets] AS [t] ON [n0].[TicketId] = [t].[Id]
      ORDER BY [n0].[CreatedAtUtc] DESC
info: Microsoft.EntityFrameworkCore.Database.Command[20101]
      Executed DbCommand (121ms) [Parameters=[@CurrentUserId='?' (DbType = Guid)], CommandType='Text', CommandTimeout='30']
      SELECT COUNT(*)
      FROM [Notifications] AS [n]
      WHERE [n].[UserId] = @CurrentUserId AND [n].[Read] = CAST(0 AS bit)
info: Microsoft.EntityFrameworkCore.Database.Command[20101]
      Executed DbCommand (124ms) [Parameters=[@userId='?' (DbType = Guid)], CommandType='Text', CommandTimeout='30']
      SELECT [t].[Status]
      FROM [Tickets] AS [t]
      WHERE [t].[AssigneeId] = @userId
info: Microsoft.EntityFrameworkCore.Database.Command[20101]
      Executed DbCommand (127ms) [Parameters=[@userId='?' (DbType = Guid)], CommandType='Text', CommandTimeout='30']
      SELECT [t].[Id], [t].[AiSuggestedRoute], [t].[ApplicantFirstName], [t].[ApplicantId], [t].[ApplicantLastName], [t].[Application], [t].[AssigneeId], [t].[ClosingDate], [t].[CreatedAtUtc], [t].[Description], [t].[DomainId], [t].[EcrNumber], [t].[EnglishAccepted], [t].[JiraLink], [t].[LastSyncDate], [t].[Level], [t].[ModuleId], [t].[PartNumber], [t].[Priority], [t].[ReactivityDuration], [t].[ReferenceKZ], [t].[ReferenceSTLA], [t].[ResolvedAtUtc], [t].[SiteId], [t].[SlaDeadlineUtc], [t].[SourceSystemId], [t].[Status], [t].[SubModule], [t].[Summary], [t].[Title], [d].[Id], [d].[CreatedAtUtc], [d].[Description], [d].[Name], [s].[Id], [s].[ApiEndpoint], [s].[CreatedAtUtc], [s].[LastImportDate], [s].[Name]
      FROM [Tickets] AS [t]
      LEFT JOIN [Domains] AS [d] ON [t].[DomainId] = [d].[Id]
      INNER JOIN [SourceSystems] AS [s] ON [t].[SourceSystemId] = [s].[Id]
      WHERE [t].[AssigneeId] = @userId
      ORDER BY [t].[CreatedAtUtc] DESC
info: Microsoft.EntityFrameworkCore.Database.Command[20101]
      Executed DbCommand (135ms) [Parameters=[], CommandType='Text', CommandTimeout='30']
      SELECT [t].[Id], [t].[AiSuggestedRoute], [t].[ApplicantFirstName], [t].[ApplicantId], [t].[ApplicantLastName], [t].[Application], [t].[AssigneeId], [t].[ClosingDate], [t].[CreatedAtUtc], [t].[Description], [t].[DomainId], [t].[EcrNumber], [t].[EnglishAccepted], [t].[JiraLink], [t].[LastSyncDate], [t].[Level], [t].[ModuleId], [t].[PartNumber], [t].[Priority], [t].[ReactivityDuration], [t].[ReferenceKZ], [t].[ReferenceSTLA], [t].[ResolvedAtUtc], [t].[SiteId], [t].[SlaDeadlineUtc], [t].[SourceSystemId], [t].[Status], [t].[SubModule], [t].[Summary], [t].[Title], [d].[Id], [d].[CreatedAtUtc], [d].[Description], [d].[Name], [s].[Id], [s].[ApiEndpoint], [s].[CreatedAtUtc], [s].[LastImportDate], [s].[Name]
      FROM [Tickets] AS [t]
      LEFT JOIN [Domains] AS [d] ON [t].[DomainId] = [d].[Id]
      INNER JOIN [SourceSystems] AS [s] ON [t].[SourceSystemId] = [s].[Id]
      WHERE [t].[Status] = 0 AND [t].[AssigneeId] IS NULL
      ORDER BY [t].[CreatedAtUtc] DESC
info: Microsoft.EntityFrameworkCore.Database.Command[20101]
      Executed DbCommand (11ms) [Parameters=[@CurrentUserId='?' (DbType = Guid)], CommandType='Text', CommandTimeout='30']
      SELECT COUNT(*)
      FROM [Notifications] AS [n]
      WHERE [n].[UserId] = @CurrentUserId AND [n].[Read] = CAST(0 AS bit)
info: Microsoft.EntityFrameworkCore.Database.Command[20101]
      Executed DbCommand (5ms) [Parameters=[@warningCutoff='?' (DbType = DateTime2)], CommandType='Text', CommandTimeout='30']
      SELECT [t].[Id], [t].[AiSuggestedRoute], [t].[ApplicantFirstName], [t].[ApplicantId], [t].[ApplicantLastName], [t].[Application], [t].[AssigneeId], [t].[ClosingDate], [t].[CreatedAtUtc], [t].[Description], [t].[DomainId], [t].[EcrNumber], [t].[EnglishAccepted], [t].[JiraLink], [t].[LastSyncDate], [t].[Level], [t].[ModuleId], [t].[PartNumber], [t].[Priority], [t].[ReactivityDuration], [t].[ReferenceKZ], [t].[ReferenceSTLA], [t].[ResolvedAtUtc], [t].[SiteId], [t].[SlaDeadlineUtc], [t].[SourceSystemId], [t].[Status], [t].[SubModule], [t].[Summary], [t].[Title]
      FROM [Tickets] AS [t]
      WHERE [t].[AssigneeId] IS NOT NULL AND [t].[Status] IN (1, 2) AND [t].[SlaDeadlineUtc] <= @warningCutoff
info: Microsoft.EntityFrameworkCore.Database.Command[20101]
      Executed DbCommand (5ms) [Parameters=[@_8__locals1_ticket_Id='?' (DbType = Guid), @_8__locals1_ticket_AssigneeId='?' (DbType = Guid), @type='?' (Size = 255)], CommandType='Text', CommandTimeout='30']
      SELECT CASE
          WHEN EXISTS (
              SELECT 1
              FROM [Notifications] AS [n]
              WHERE [n].[TicketId] = @_8__locals1_ticket_Id AND [n].[UserId] = @_8__locals1_ticket_AssigneeId AND [n].[Type] = @type) THEN CAST(1 AS bit)
          ELSE CAST(0 AS bit)
      END
info: Microsoft.EntityFrameworkCore.Database.Command[20101]
      Executed DbCommand (1ms) [Parameters=[@_8__locals1_ticket_Id='?' (DbType = Guid), @_8__locals1_ticket_AssigneeId='?' (DbType = Guid), @type='?' (Size = 255)], CommandType='Text', CommandTimeout='30']
      SELECT CASE
          WHEN EXISTS (
              SELECT 1
              FROM [Notifications] AS [n]
              WHERE [n].[TicketId] = @_8__locals1_ticket_Id AND [n].[UserId] = @_8__locals1_ticket_AssigneeId AND [n].[Type] = @type) THEN CAST(1 AS bit)
          ELSE CAST(0 AS bit)
      END
info: Microsoft.EntityFrameworkCore.Database.Command[20101]
      Executed DbCommand (0ms) [Parameters=[@_8__locals1_ticket_Id='?' (DbType = Guid), @_8__locals1_ticket_AssigneeId='?' (DbType = Guid), @type='?' (Size = 255)], CommandType='Text', CommandTimeout='30']
      SELECT CASE
          WHEN EXISTS (
              SELECT 1
              FROM [Notifications] AS [n]
              WHERE [n].[TicketId] = @_8__locals1_ticket_Id AND [n].[UserId] = @_8__locals1_ticket_AssigneeId AND [n].[Type] = @type) THEN CAST(1 AS bit)
          ELSE CAST(0 AS bit)
      END
info: Microsoft.EntityFrameworkCore.Database.Command[20101]
      Executed DbCommand (0ms) [Parameters=[@_8__locals1_ticket_Id='?' (DbType = Guid), @_8__locals1_ticket_AssigneeId='?' (DbType = Guid), @type='?' (Size = 255)], CommandType='Text', CommandTimeout='30']
      SELECT CASE
          WHEN EXISTS (
              SELECT 1
              FROM [Notifications] AS [n]
              WHERE [n].[TicketId] = @_8__locals1_ticket_Id AND [n].[UserId] = @_8__locals1_ticket_AssigneeId AND [n].[Type] = @type) THEN CAST(1 AS bit)
          ELSE CAST(0 AS bit)
      END
info: Microsoft.EntityFrameworkCore.Database.Command[20101]
      Executed DbCommand (0ms) [Parameters=[@_8__locals1_ticket_Id='?' (DbType = Guid), @_8__locals1_ticket_AssigneeId='?' (DbType = Guid), @type='?' (Size = 255)], CommandType='Text', CommandTimeout='30']
      SELECT CASE
          WHEN EXISTS (
              SELECT 1
              FROM [Notifications] AS [n]
              WHERE [n].[TicketId] = @_8__locals1_ticket_Id AND [n].[UserId] = @_8__locals1_ticket_AssigneeId AND [n].[Type] = @type) THEN CAST(1 AS bit)
          ELSE CAST(0 AS bit)
      END
info: Microsoft.EntityFrameworkCore.Database.Command[20101]
      Executed DbCommand (1ms) [Parameters=[@_8__locals1_ticket_Id='?' (DbType = Guid), @_8__locals1_ticket_AssigneeId='?' (DbType = Guid), @type='?' (Size = 255)], CommandType='Text', CommandTimeout='30']
      SELECT CASE
          WHEN EXISTS (
              SELECT 1
              FROM [Notifications] AS [n]
              WHERE [n].[TicketId] = @_8__locals1_ticket_Id AND [n].[UserId] = @_8__locals1_ticket_AssigneeId AND [n].[Type] = @type) THEN CAST(1 AS bit)
          ELSE CAST(0 AS bit)
      END
info: Microsoft.EntityFrameworkCore.Database.Command[20101]
      Executed DbCommand (0ms) [Parameters=[@_8__locals1_ticket_Id='?' (DbType = Guid), @_8__locals1_ticket_AssigneeId='?' (DbType = Guid), @type='?' (Size = 255)], CommandType='Text', CommandTimeout='30']
      SELECT CASE
          WHEN EXISTS (
              SELECT 1
              FROM [Notifications] AS [n]
              WHERE [n].[TicketId] = @_8__locals1_ticket_Id AND [n].[UserId] = @_8__locals1_ticket_AssigneeId AND [n].[Type] = @type) THEN CAST(1 AS bit)
          ELSE CAST(0 AS bit)
      END
info: Microsoft.EntityFrameworkCore.Database.Command[20101]
      Executed DbCommand (0ms) [Parameters=[@_8__locals1_ticket_Id='?' (DbType = Guid), @_8__locals1_ticket_AssigneeId='?' (DbType = Guid), @type='?' (Size = 255)], CommandType='Text', CommandTimeout='30']
      SELECT CASE
          WHEN EXISTS (
              SELECT 1
              FROM [Notifications] AS [n]
              WHERE [n].[TicketId] = @_8__locals1_ticket_Id AND [n].[UserId] = @_8__locals1_ticket_AssigneeId AND [n].[Type] = @type) THEN CAST(1 AS bit)
          ELSE CAST(0 AS bit)
      END
info: Microsoft.EntityFrameworkCore.Database.Command[20101]
      Executed DbCommand (1ms) [Parameters=[@_8__locals1_ticket_Id='?' (DbType = Guid), @_8__locals1_ticket_AssigneeId='?' (DbType = Guid), @type='?' (Size = 255)], CommandType='Text', CommandTimeout='30']
      SELECT CASE
          WHEN EXISTS (
              SELECT 1
              FROM [Notifications] AS [n]
              WHERE [n].[TicketId] = @_8__locals1_ticket_Id AND [n].[UserId] = @_8__locals1_ticket_AssigneeId AND [n].[Type] = @type) THEN CAST(1 AS bit)
          ELSE CAST(0 AS bit)
      END
info: Microsoft.EntityFrameworkCore.Database.Command[20101]
      Executed DbCommand (0ms) [Parameters=[@_8__locals1_ticket_Id='?' (DbType = Guid), @_8__locals1_ticket_AssigneeId='?' (DbType = Guid), @type='?' (Size = 255)], CommandType='Text', CommandTimeout='30']
      SELECT CASE
          WHEN EXISTS (
              SELECT 1
              FROM [Notifications] AS [n]
              WHERE [n].[TicketId] = @_8__locals1_ticket_Id AND [n].[UserId] = @_8__locals1_ticket_AssigneeId AND [n].[Type] = @type) THEN CAST(1 AS bit)
          ELSE CAST(0 AS bit)
      END
info: Microsoft.EntityFrameworkCore.Database.Command[20101]
      Executed DbCommand (0ms) [Parameters=[@_8__locals1_ticket_Id='?' (DbType = Guid), @_8__locals1_ticket_AssigneeId='?' (DbType = Guid), @type='?' (Size = 255)], CommandType='Text', CommandTimeout='30']
      SELECT CASE
          WHEN EXISTS (
              SELECT 1
              FROM [Notifications] AS [n]
              WHERE [n].[TicketId] = @_8__locals1_ticket_Id AND [n].[UserId] = @_8__locals1_ticket_AssigneeId AND [n].[Type] = @type) THEN CAST(1 AS bit)
          ELSE CAST(0 AS bit)
      END
info: Microsoft.EntityFrameworkCore.Database.Command[20101]
      Executed DbCommand (0ms) [Parameters=[@_8__locals1_ticket_Id='?' (DbType = Guid), @_8__locals1_ticket_AssigneeId='?' (DbType = Guid), @type='?' (Size = 255)], CommandType='Text', CommandTimeout='30']
      SELECT CASE
          WHEN EXISTS (
              SELECT 1
              FROM [Notifications] AS [n]
              WHERE [n].[TicketId] = @_8__locals1_ticket_Id AND [n].[UserId] = @_8__locals1_ticket_AssigneeId AND [n].[Type] = @type) THEN CAST(1 AS bit)
          ELSE CAST(0 AS bit)
      END
info: Microsoft.EntityFrameworkCore.Database.Command[20101]
      Executed DbCommand (0ms) [Parameters=[@_8__locals1_ticket_Id='?' (DbType = Guid), @_8__locals1_ticket_AssigneeId='?' (DbType = Guid), @type='?' (Size = 255)], CommandType='Text', CommandTimeout='30']
      SELECT CASE
          WHEN EXISTS (
              SELECT 1
              FROM [Notifications] AS [n]
              WHERE [n].[TicketId] = @_8__locals1_ticket_Id AND [n].[UserId] = @_8__locals1_ticket_AssigneeId AND [n].[Type] = @type) THEN CAST(1 AS bit)
          ELSE CAST(0 AS bit)
      END
info: Microsoft.EntityFrameworkCore.Database.Command[20101]
      Executed DbCommand (0ms) [Parameters=[@_8__locals1_ticket_Id='?' (DbType = Guid), @_8__locals1_ticket_AssigneeId='?' (DbType = Guid), @type='?' (Size = 255)], CommandType='Text', CommandTimeout='30']
      SELECT CASE
          WHEN EXISTS (
              SELECT 1
              FROM [Notifications] AS [n]
              WHERE [n].[TicketId] = @_8__locals1_ticket_Id AND [n].[UserId] = @_8__locals1_ticket_AssigneeId AND [n].[Type] = @type) THEN CAST(1 AS bit)
          ELSE CAST(0 AS bit)
      END
info: Microsoft.EntityFrameworkCore.Database.Command[20101]
      Executed DbCommand (0ms) [Parameters=[@_8__locals1_ticket_Id='?' (DbType = Guid), @_8__locals1_ticket_AssigneeId='?' (DbType = Guid), @type='?' (Size = 255)], CommandType='Text', CommandTimeout='30']
      SELECT CASE
          WHEN EXISTS (
              SELECT 1
              FROM [Notifications] AS [n]
              WHERE [n].[TicketId] = @_8__locals1_ticket_Id AND [n].[UserId] = @_8__locals1_ticket_AssigneeId AND [n].[Type] = @type) THEN CAST(1 AS bit)
          ELSE CAST(0 AS bit)
      END
info: Microsoft.EntityFrameworkCore.Database.Command[20101]
      Executed DbCommand (1ms) [Parameters=[@_8__locals1_ticket_Id='?' (DbType = Guid), @_8__locals1_ticket_AssigneeId='?' (DbType = Guid), @type='?' (Size = 255)], CommandType='Text', CommandTimeout='30']
      SELECT CASE
          WHEN EXISTS (
              SELECT 1
              FROM [Notifications] AS [n]
              WHERE [n].[TicketId] = @_8__locals1_ticket_Id AND [n].[UserId] = @_8__locals1_ticket_AssigneeId AND [n].[Type] = @type) THEN CAST(1 AS bit)
          ELSE CAST(0 AS bit)
      END
info: Microsoft.EntityFrameworkCore.Database.Command[20101]
      Executed DbCommand (0ms) [Parameters=[@_8__locals1_ticket_Id='?' (DbType = Guid), @_8__locals1_ticket_AssigneeId='?' (DbType = Guid), @type='?' (Size = 255)], CommandType='Text', CommandTimeout='30']
      SELECT CASE
          WHEN EXISTS (
              SELECT 1
              FROM [Notifications] AS [n]
              WHERE [n].[TicketId] = @_8__locals1_ticket_Id AND [n].[UserId] = @_8__locals1_ticket_AssigneeId AND [n].[Type] = @type) THEN CAST(1 AS bit)
          ELSE CAST(0 AS bit)
      END
info: Microsoft.EntityFrameworkCore.Database.Command[20101]
      Executed DbCommand (0ms) [Parameters=[@_8__locals1_ticket_Id='?' (DbType = Guid), @_8__locals1_ticket_AssigneeId='?' (DbType = Guid), @type='?' (Size = 255)], CommandType='Text', CommandTimeout='30']
      SELECT CASE
          WHEN EXISTS (
              SELECT 1
              FROM [Notifications] AS [n]
              WHERE [n].[TicketId] = @_8__locals1_ticket_Id AND [n].[UserId] = @_8__locals1_ticket_AssigneeId AND [n].[Type] = @type) THEN CAST(1 AS bit)
          ELSE CAST(0 AS bit)
      END
info: Microsoft.EntityFrameworkCore.Database.Command[20101]
      Executed DbCommand (0ms) [Parameters=[@_8__locals1_ticket_Id='?' (DbType = Guid), @_8__locals1_ticket_AssigneeId='?' (DbType = Guid), @type='?' (Size = 255)], CommandType='Text', CommandTimeout='30']
      SELECT CASE
          WHEN EXISTS (
              SELECT 1
              FROM [Notifications] AS [n]
              WHERE [n].[TicketId] = @_8__locals1_ticket_Id AND [n].[UserId] = @_8__locals1_ticket_AssigneeId AND [n].[Type] = @type) THEN CAST(1 AS bit)
          ELSE CAST(0 AS bit)
      END
info: Microsoft.EntityFrameworkCore.Database.Command[20101]
      Executed DbCommand (0ms) [Parameters=[@_8__locals1_ticket_Id='?' (DbType = Guid), @_8__locals1_ticket_AssigneeId='?' (DbType = Guid), @type='?' (Size = 255)], CommandType='Text', CommandTimeout='30']
      SELECT CASE
          WHEN EXISTS (
              SELECT 1
              FROM [Notifications] AS [n]
              WHERE [n].[TicketId] = @_8__locals1_ticket_Id AND [n].[UserId] = @_8__locals1_ticket_AssigneeId AND [n].[Type] = @type) THEN CAST(1 AS bit)
          ELSE CAST(0 AS bit)
      END
info: Microsoft.EntityFrameworkCore.Database.Command[20101]
      Executed DbCommand (0ms) [Parameters=[@_8__locals1_ticket_Id='?' (DbType = Guid), @_8__locals1_ticket_AssigneeId='?' (DbType = Guid), @type='?' (Size = 255)], CommandType='Text', CommandTimeout='30']
      SELECT CASE
          WHEN EXISTS (
              SELECT 1
              FROM [Notifications] AS [n]
              WHERE [n].[TicketId] = @_8__locals1_ticket_Id AND [n].[UserId] = @_8__locals1_ticket_AssigneeId AND [n].[Type] = @type) THEN CAST(1 AS bit)
          ELSE CAST(0 AS bit)
      END
info: Microsoft.EntityFrameworkCore.Database.Command[20101]
      Executed DbCommand (0ms) [Parameters=[@_8__locals1_ticket_Id='?' (DbType = Guid), @_8__locals1_ticket_AssigneeId='?' (DbType = Guid), @type='?' (Size = 255)], CommandType='Text', CommandTimeout='30']
      SELECT CASE
          WHEN EXISTS (
              SELECT 1
              FROM [Notifications] AS [n]
              WHERE [n].[TicketId] = @_8__locals1_ticket_Id AND [n].[UserId] = @_8__locals1_ticket_AssigneeId AND [n].[Type] = @type) THEN CAST(1 AS bit)
          ELSE CAST(0 AS bit)
      END
info: Microsoft.EntityFrameworkCore.Database.Command[20101]
      Executed DbCommand (25,164ms) [Parameters=[@referenceKz='?' (Size = 255)], CommandType='Text', CommandTimeout='30']
      SELECT [s1].[Id], [s1].[AiSuggestedRoute], [s1].[ApplicantFirstName], [s1].[ApplicantId], [s1].[ApplicantLastName], [s1].[Application], [s1].[AssigneeId], [s1].[ClosingDate], [s1].[CreatedAtUtc], [s1].[Description], [s1].[DomainId], [s1].[EcrNumber], [s1].[EnglishAccepted], [s1].[JiraLink], [s1].[LastSyncDate], [s1].[Level], [s1].[ModuleId], [s1].[PartNumber], [s1].[Priority], [s1].[ReactivityDuration], [s1].[ReferenceKZ], [s1].[ReferenceSTLA], [s1].[ResolvedAtUtc], [s1].[SiteId], [s1].[SlaDeadlineUtc], [s1].[SourceSystemId], [s1].[Status], [s1].[SubModule], [s1].[Summary], [s1].[Title], [s1].[Id0], [s1].[AccessFailedCount], [s1].[AltenId], [s1].[Availability], [s1].[AvatarColor], [s1].[ConcurrencyStamp], [s1].[CreatedAt], [s1].[Email], [s1].[EmailConfirmed], [s1].[EmailStellantis], [s1].[FirstName], [s1].[IdStellantis], [s1].[Languages], [s1].[LastName], [s1].[LockoutEnabled], [s1].[LockoutEnd], [s1].[MustChangePassword], [s1].[NormalizedEmail], [s1].[NormalizedUserName], [s1].[PasswordHash], [s1].[PasswordResetCode], [s1].[PasswordResetCodeExpiresAtUtc], [s1].[PhoneNumber], [s1].[PhoneNumberConfirmed], [s1].[ProfilePhotoUrl], [s1].[Role], [s1].[SecurityStamp], [s1].[Status0], [s1].[TeamId], [s1].[TwoFactorEnabled], [s1].[UserName], [s1].[Id1], [s1].[CreatedAtUtc0], [s1].[Description0], [s1].[Name], [s1].[Id2], [s1].[CreatedAtUtc1], [s1].[Location], [s1].[Name0], [s1].[Id3], [s1].[ApiEndpoint], [s1].[CreatedAtUtc2], [s1].[LastImportDate], [s1].[Name1], [s1].[Id4], [s1].[Application0], [s1].[CreatedAtUtc3], [s1].[Name2], [t0].[Id], [t0].[FileName], [t0].[SizeKb], [t0].[TicketId], [t0].[UploadedAtUtc], [t0].[Url], [s2].[Id], [s2].[Action], [s2].[Actor], [s2].[Detail], [s2].[Icon], [s2].[IsAiGenerated], [s2].[TicketId], [s2].[TimestampUtc], [s2].[UserId], [s2].[Id0], [s2].[AccessFailedCount], [s2].[AltenId], [s2].[Availability], [s2].[AvatarColor], [s2].[ConcurrencyStamp], [s2].[CreatedAt], [s2].[Email], [s2].[EmailConfirmed], [s2].[EmailStellantis], [s2].[FirstName], [s2].[IdStellantis], [s2].[Languages], [s2].[LastName], [s2].[LockoutEnabled], [s2].[LockoutEnd], [s2].[MustChangePassword], [s2].[NormalizedEmail], [s2].[NormalizedUserName], [s2].[PasswordHash], [s2].[PasswordResetCode], [s2].[PasswordResetCodeExpiresAtUtc], [s2].[PhoneNumber], [s2].[PhoneNumberConfirmed], [s2].[ProfilePhotoUrl], [s2].[Role], [s2].[SecurityStamp], [s2].[Status], [s2].[TeamId], [s2].[TwoFactorEnabled], [s2].[UserName], [s3].[Id], [s3].[CommentType], [s3].[Content], [s3].[CreatedAtUtc], [s3].[TicketId], [s3].[UserId], [s3].[Id0], [s3].[AccessFailedCount], [s3].[AltenId], [s3].[Availability], [s3].[AvatarColor], [s3].[ConcurrencyStamp], [s3].[CreatedAt], [s3].[Email], [s3].[EmailConfirmed], [s3].[EmailStellantis], [s3].[FirstName], [s3].[IdStellantis], [s3].[Languages], [s3].[LastName], [s3].[LockoutEnabled], [s3].[LockoutEnd], [s3].[MustChangePassword], [s3].[NormalizedEmail], [s3].[NormalizedUserName], [s3].[PasswordHash], [s3].[PasswordResetCode], [s3].[PasswordResetCodeExpiresAtUtc], [s3].[PhoneNumber], [s3].[PhoneNumberConfirmed], [s3].[ProfilePhotoUrl], [s3].[Role], [s3].[SecurityStamp], [s3].[Status], [s3].[TeamId], [s3].[TwoFactorEnabled], [s3].[UserName]
      FROM (
          SELECT TOP(1) [t].[Id], [t].[AiSuggestedRoute], [t].[ApplicantFirstName], [t].[ApplicantId], [t].[ApplicantLastName], [t].[Application], [t].[AssigneeId], [t].[ClosingDate], [t].[CreatedAtUtc], [t].[Description], [t].[DomainId], [t].[EcrNumber], [t].[EnglishAccepted], [t].[JiraLink], [t].[LastSyncDate], [t].[Level], [t].[ModuleId], [t].[PartNumber], [t].[Priority], [t].[ReactivityDuration], [t].[ReferenceKZ], [t].[ReferenceSTLA], [t].[ResolvedAtUtc], [t].[SiteId], [t].[SlaDeadlineUtc], [t].[SourceSystemId], [t].[Status], [t].[SubModule], [t].[Summary], [t].[Title], [a].[Id] AS [Id0], [a].[AccessFailedCount], [a].[AltenId], [a].[Availability], [a].[AvatarColor], [a].[ConcurrencyStamp], [a].[CreatedAt], [a].[Email], [a].[EmailConfirmed], [a].[EmailStellantis], [a].[FirstName], [a].[IdStellantis], [a].[Languages], [a].[LastName], [a].[LockoutEnabled], [a].[LockoutEnd], [a].[MustChangePassword], [a].[NormalizedEmail], [a].[NormalizedUserName], [a].[PasswordHash], [a].[PasswordResetCode], [a].[PasswordResetCodeExpiresAtUtc], [a].[PhoneNumber], [a].[PhoneNumberConfirmed], [a].[ProfilePhotoUrl], [a].[Role], [a].[SecurityStamp], [a].[Status] AS [Status0], [a].[TeamId], [a].[TwoFactorEnabled], [a].[UserName], [d].[Id] AS [Id1], [d].[CreatedAtUtc] AS [CreatedAtUtc0], [d].[Description] AS [Description0], [d].[Name], [s].[Id] AS [Id2], [s].[CreatedAtUtc] AS [CreatedAtUtc1], [s].[Location], [s].[Name] AS [Name0], [s0].[Id] AS [Id3], [s0].[ApiEndpoint], [s0].[CreatedAtUtc] AS [CreatedAtUtc2], [s0].[LastImportDate], [s0].[Name] AS [Name1], [m].[Id] AS [Id4], [m].[Application] AS [Application0], [m].[CreatedAtUtc] AS [CreatedAtUtc3], [m].[Name] AS [Name2]
          FROM [Tickets] AS [t]
          LEFT JOIN [AspNetUsers] AS [a] ON [t].[AssigneeId] = [a].[Id]
          LEFT JOIN [Domains] AS [d] ON [t].[DomainId] = [d].[Id]
          LEFT JOIN [Sites] AS [s] ON [t].[SiteId] = [s].[Id]
          INNER JOIN [SourceSystems] AS [s0] ON [t].[SourceSystemId] = [s0].[Id]
          LEFT JOIN [Modules] AS [m] ON [t].[ModuleId] = [m].[Id]
          WHERE [t].[ReferenceKZ] = @referenceKz
      ) AS [s1]
      LEFT JOIN [TicketAttachments] AS [t0] ON [s1].[Id] = [t0].[TicketId]
      LEFT JOIN (
          SELECT [t1].[Id], [t1].[Action], [t1].[Actor], [t1].[Detail], [t1].[Icon], [t1].[IsAiGenerated], [t1].[TicketId], [t1].[TimestampUtc], [t1].[UserId], [a0].[Id] AS [Id0], [a0].[AccessFailedCount], [a0].[AltenId], [a0].[Availability], [a0].[AvatarColor], [a0].[ConcurrencyStamp], [a0].[CreatedAt], [a0].[Email], [a0].[EmailConfirmed], [a0].[EmailStellantis], [a0].[FirstName], [a0].[IdStellantis], [a0].[Languages], [a0].[LastName], [a0].[LockoutEnabled], [a0].[LockoutEnd], [a0].[MustChangePassword], [a0].[NormalizedEmail], [a0].[NormalizedUserName], [a0].[PasswordHash], [a0].[PasswordResetCode], [a0].[PasswordResetCodeExpiresAtUtc], [a0].[PhoneNumber], [a0].[PhoneNumberConfirmed], [a0].[ProfilePhotoUrl], [a0].[Role], [a0].[SecurityStamp], [a0].[Status], [a0].[TeamId], [a0].[TwoFactorEnabled], [a0].[UserName]
          FROM [TicketHistoryEntries] AS [t1]
          LEFT JOIN [AspNetUsers] AS [a0] ON [t1].[UserId] = [a0].[Id]
      ) AS [s2] ON [s1].[Id] = [s2].[TicketId]
      LEFT JOIN (
          SELECT [t2].[Id], [t2].[CommentType], [t2].[Content], [t2].[CreatedAtUtc], [t2].[TicketId], [t2].[UserId], [a1].[Id] AS [Id0], [a1].[AccessFailedCount], [a1].[AltenId], [a1].[Availability], [a1].[AvatarColor], [a1].[ConcurrencyStamp], [a1].[CreatedAt], [a1].[Email], [a1].[EmailConfirmed], [a1].[EmailStellantis], [a1].[FirstName], [a1].[IdStellantis], [a1].[Languages], [a1].[LastName], [a1].[LockoutEnabled], [a1].[LockoutEnd], [a1].[MustChangePassword], [a1].[NormalizedEmail], [a1].[NormalizedUserName], [a1].[PasswordHash], [a1].[PasswordResetCode], [a1].[PasswordResetCodeExpiresAtUtc], [a1].[PhoneNumber], [a1].[PhoneNumberConfirmed], [a1].[ProfilePhotoUrl], [a1].[Role], [a1].[SecurityStamp], [a1].[Status], [a1].[TeamId], [a1].[TwoFactorEnabled], [a1].[UserName]
          FROM [TicketComments] AS [t2]
          INNER JOIN [AspNetUsers] AS [a1] ON [t2].[UserId] = [a1].[Id]
      ) AS [s3] ON [s1].[Id] = [s3].[TicketId]
      ORDER BY [s1].[Id], [s1].[Id0], [s1].[Id1], [s1].[Id2], [s1].[Id3], [s1].[Id4], [t0].[Id], [s2].[Id], [s2].[Id0], [s3].[Id]
info: Microsoft.EntityFrameworkCore.Database.Command[20101]
      Executed DbCommand (1,077ms) [Parameters=[@ticketId='?' (Size = 255)], CommandType='Text', CommandTimeout='30']
      SELECT [s].[Id], [s].[AiSuggestedRoute], [s].[ApplicantFirstName], [s].[ApplicantId], [s].[ApplicantLastName], [s].[Application], [s].[AssigneeId], [s].[ClosingDate], [s].[CreatedAtUtc], [s].[Description], [s].[DomainId], [s].[EcrNumber], [s].[EnglishAccepted], [s].[JiraLink], [s].[LastSyncDate], [s].[Level], [s].[ModuleId], [s].[PartNumber], [s].[Priority], [s].[ReactivityDuration], [s].[ReferenceKZ], [s].[ReferenceSTLA], [s].[ResolvedAtUtc], [s].[SiteId], [s].[SlaDeadlineUtc], [s].[SourceSystemId], [s].[Status], [s].[SubModule], [s].[Summary], [s].[Title], [s].[Id0], [s].[ClassifiedDomain], [s].[Confidence], [s].[Summary0], [s].[TicketId], [s0].[Id], [s0].[Score], [s0].[SimilarTicketId], [s0].[TicketId], [s0].[Id0], [s0].[AiSuggestedRoute], [s0].[ApplicantFirstName], [s0].[ApplicantId], [s0].[ApplicantLastName], [s0].[Application], [s0].[AssigneeId], [s0].[ClosingDate], [s0].[CreatedAtUtc], [s0].[Description], [s0].[DomainId], [s0].[EcrNumber], [s0].[EnglishAccepted], [s0].[JiraLink], [s0].[LastSyncDate], [s0].[Level], [s0].[ModuleId], [s0].[PartNumber], [s0].[Priority], [s0].[ReactivityDuration], [s0].[ReferenceKZ], [s0].[ReferenceSTLA], [s0].[ResolvedAtUtc], [s0].[SiteId], [s0].[SlaDeadlineUtc], [s0].[SourceSystemId], [s0].[Status], [s0].[SubModule], [s0].[Summary], [s0].[Title], [s0].[Id1], [s0].[CreatedAtUtc0], [s0].[Description0], [s0].[Name], [s1].[Id], [s1].[NeedsVerification], [s1].[Rank], [s1].[SolutionText], [s1].[SourceTicketRefId], [s1].[TicketId], [s1].[Vote], [s1].[Id0], [s1].[AiSuggestedRoute], [s1].[ApplicantFirstName], [s1].[ApplicantId], [s1].[ApplicantLastName], [s1].[Application], [s1].[AssigneeId], [s1].[ClosingDate], [s1].[CreatedAtUtc], [s1].[Description], [s1].[DomainId], [s1].[EcrNumber], [s1].[EnglishAccepted], [s1].[JiraLink], [s1].[LastSyncDate], [s1].[Level], [s1].[ModuleId], [s1].[PartNumber], [s1].[Priority], [s1].[ReactivityDuration], [s1].[ReferenceKZ], [s1].[ReferenceSTLA], [s1].[ResolvedAtUtc], [s1].[SiteId], [s1].[SlaDeadlineUtc], [s1].[SourceSystemId], [s1].[Status], [s1].[SubModule], [s1].[Summary], [s1].[Title], [a1].[Id], [a1].[Message], [a1].[Role], [a1].[TicketId], [a1].[TimestampUtc]
      FROM (
          SELECT TOP(1) [t].[Id], [t].[AiSuggestedRoute], [t].[ApplicantFirstName], [t].[ApplicantId], [t].[ApplicantLastName], [t].[Application], [t].[AssigneeId], [t].[ClosingDate], [t].[CreatedAtUtc], [t].[Description], [t].[DomainId], [t].[EcrNumber], [t].[EnglishAccepted], [t].[JiraLink], [t].[LastSyncDate], [t].[Level], [t].[ModuleId], [t].[PartNumber], [t].[Priority], [t].[ReactivityDuration], [t].[ReferenceKZ], [t].[ReferenceSTLA], [t].[ResolvedAtUtc], [t].[SiteId], [t].[SlaDeadlineUtc], [t].[SourceSystemId], [t].[Status], [t].[SubModule], [t].[Summary], [t].[Title], [t0].[Id] AS [Id0], [t0].[ClassifiedDomain], [t0].[Confidence], [t0].[Summary] AS [Summary0], [t0].[TicketId]
          FROM [Tickets] AS [t]
          LEFT JOIN [TicketAiMetadata] AS [t0] ON [t].[Id] = [t0].[TicketId]
          WHERE [t].[ReferenceKZ] = @ticketId
      ) AS [s]
      LEFT JOIN (
          SELECT [a].[Id], [a].[Score], [a].[SimilarTicketId], [a].[TicketId], [t1].[Id] AS [Id0], [t1].[AiSuggestedRoute], [t1].[ApplicantFirstName], [t1].[ApplicantId], [t1].[ApplicantLastName], [t1].[Application], [t1].[AssigneeId], [t1].[ClosingDate], [t1].[CreatedAtUtc], [t1].[Description], [t1].[DomainId], [t1].[EcrNumber], [t1].[EnglishAccepted], [t1].[JiraLink], [t1].[LastSyncDate], [t1].[Level], [t1].[ModuleId], [t1].[PartNumber], [t1].[Priority], [t1].[ReactivityDuration], [t1].[ReferenceKZ], [t1].[ReferenceSTLA], [t1].[ResolvedAtUtc], [t1].[SiteId], [t1].[SlaDeadlineUtc], [t1].[SourceSystemId], [t1].[Status], [t1].[SubModule], [t1].[Summary], [t1].[Title], [d].[Id] AS [Id1], [d].[CreatedAtUtc] AS [CreatedAtUtc0], [d].[Description] AS [Description0], [d].[Name]
          FROM [AiSimilarTickets] AS [a]
          INNER JOIN [Tickets] AS [t1] ON [a].[SimilarTicketId] = [t1].[Id]
          LEFT JOIN [Domains] AS [d] ON [t1].[DomainId] = [d].[Id]
      ) AS [s0] ON [s].[Id] = [s0].[TicketId]
      LEFT JOIN (
          SELECT [a0].[Id], [a0].[NeedsVerification], [a0].[Rank], [a0].[SolutionText], [a0].[SourceTicketRefId], [a0].[TicketId], [a0].[Vote], [t2].[Id] AS [Id0], [t2].[AiSuggestedRoute], [t2].[ApplicantFirstName], [t2].[ApplicantId], [t2].[ApplicantLastName], [t2].[Application], [t2].[AssigneeId], [t2].[ClosingDate], [t2].[CreatedAtUtc], [t2].[Description], [t2].[DomainId], [t2].[EcrNumber], [t2].[EnglishAccepted], [t2].[JiraLink], [t2].[LastSyncDate], [t2].[Level], [t2].[ModuleId], [t2].[PartNumber], [t2].[Priority], [t2].[ReactivityDuration], [t2].[ReferenceKZ], [t2].[ReferenceSTLA], [t2].[ResolvedAtUtc], [t2].[SiteId], [t2].[SlaDeadlineUtc], [t2].[SourceSystemId], [t2].[Status], [t2].[SubModule], [t2].[Summary], [t2].[Title]
          FROM [AiSuggestedSolutions] AS [a0]
          LEFT JOIN [Tickets] AS [t2] ON [a0].[SourceTicketRefId] = [t2].[Id]
      ) AS [s1] ON [s].[Id] = [s1].[TicketId]
      LEFT JOIN [AiChatMessages] AS [a1] ON [s].[Id] = [a1].[TicketId]
      ORDER BY [s].[Id], [s].[Id0], [s0].[Id], [s0].[Id0], [s0].[Id1], [s1].[Id], [s1].[Id0]
info: Microsoft.EntityFrameworkCore.Database.Command[20101]
      Executed DbCommand (13ms) [Parameters=[@CurrentUserId='?' (DbType = Guid)], CommandType='Text', CommandTimeout='30']
      SELECT COUNT(*)
      FROM [Notifications] AS [n]
      WHERE [n].[UserId] = @CurrentUserId AND [n].[Read] = CAST(0 AS bit)
info: Microsoft.EntityFrameworkCore.Database.Command[20101]
      Executed DbCommand (76ms) [Parameters=[@referenceKz='?' (Size = 255)], CommandType='Text', CommandTimeout='30']
      SELECT [s1].[Id], [s1].[AiSuggestedRoute], [s1].[ApplicantFirstName], [s1].[ApplicantId], [s1].[ApplicantLastName], [s1].[Application], [s1].[AssigneeId], [s1].[ClosingDate], [s1].[CreatedAtUtc], [s1].[Description], [s1].[DomainId], [s1].[EcrNumber], [s1].[EnglishAccepted], [s1].[JiraLink], [s1].[LastSyncDate], [s1].[Level], [s1].[ModuleId], [s1].[PartNumber], [s1].[Priority], [s1].[ReactivityDuration], [s1].[ReferenceKZ], [s1].[ReferenceSTLA], [s1].[ResolvedAtUtc], [s1].[SiteId], [s1].[SlaDeadlineUtc], [s1].[SourceSystemId], [s1].[Status], [s1].[SubModule], [s1].[Summary], [s1].[Title], [s1].[Id0], [s1].[AccessFailedCount], [s1].[AltenId], [s1].[Availability], [s1].[AvatarColor], [s1].[ConcurrencyStamp], [s1].[CreatedAt], [s1].[Email], [s1].[EmailConfirmed], [s1].[EmailStellantis], [s1].[FirstName], [s1].[IdStellantis], [s1].[Languages], [s1].[LastName], [s1].[LockoutEnabled], [s1].[LockoutEnd], [s1].[MustChangePassword], [s1].[NormalizedEmail], [s1].[NormalizedUserName], [s1].[PasswordHash], [s1].[PasswordResetCode], [s1].[PasswordResetCodeExpiresAtUtc], [s1].[PhoneNumber], [s1].[PhoneNumberConfirmed], [s1].[ProfilePhotoUrl], [s1].[Role], [s1].[SecurityStamp], [s1].[Status0], [s1].[TeamId], [s1].[TwoFactorEnabled], [s1].[UserName], [s1].[Id1], [s1].[CreatedAtUtc0], [s1].[Description0], [s1].[Name], [s1].[Id2], [s1].[CreatedAtUtc1], [s1].[Location], [s1].[Name0], [s1].[Id3], [s1].[ApiEndpoint], [s1].[CreatedAtUtc2], [s1].[LastImportDate], [s1].[Name1], [s1].[Id4], [s1].[Application0], [s1].[CreatedAtUtc3], [s1].[Name2], [t0].[Id], [t0].[FileName], [t0].[SizeKb], [t0].[TicketId], [t0].[UploadedAtUtc], [t0].[Url], [s2].[Id], [s2].[Action], [s2].[Actor], [s2].[Detail], [s2].[Icon], [s2].[IsAiGenerated], [s2].[TicketId], [s2].[TimestampUtc], [s2].[UserId], [s2].[Id0], [s2].[AccessFailedCount], [s2].[AltenId], [s2].[Availability], [s2].[AvatarColor], [s2].[ConcurrencyStamp], [s2].[CreatedAt], [s2].[Email], [s2].[EmailConfirmed], [s2].[EmailStellantis], [s2].[FirstName], [s2].[IdStellantis], [s2].[Languages], [s2].[LastName], [s2].[LockoutEnabled], [s2].[LockoutEnd], [s2].[MustChangePassword], [s2].[NormalizedEmail], [s2].[NormalizedUserName], [s2].[PasswordHash], [s2].[PasswordResetCode], [s2].[PasswordResetCodeExpiresAtUtc], [s2].[PhoneNumber], [s2].[PhoneNumberConfirmed], [s2].[ProfilePhotoUrl], [s2].[Role], [s2].[SecurityStamp], [s2].[Status], [s2].[TeamId], [s2].[TwoFactorEnabled], [s2].[UserName], [s3].[Id], [s3].[CommentType], [s3].[Content], [s3].[CreatedAtUtc], [s3].[TicketId], [s3].[UserId], [s3].[Id0], [s3].[AccessFailedCount], [s3].[AltenId], [s3].[Availability], [s3].[AvatarColor], [s3].[ConcurrencyStamp], [s3].[CreatedAt], [s3].[Email], [s3].[EmailConfirmed], [s3].[EmailStellantis], [s3].[FirstName], [s3].[IdStellantis], [s3].[Languages], [s3].[LastName], [s3].[LockoutEnabled], [s3].[LockoutEnd], [s3].[MustChangePassword], [s3].[NormalizedEmail], [s3].[NormalizedUserName], [s3].[PasswordHash], [s3].[PasswordResetCode], [s3].[PasswordResetCodeExpiresAtUtc], [s3].[PhoneNumber], [s3].[PhoneNumberConfirmed], [s3].[ProfilePhotoUrl], [s3].[Role], [s3].[SecurityStamp], [s3].[Status], [s3].[TeamId], [s3].[TwoFactorEnabled], [s3].[UserName]
      FROM (
          SELECT TOP(1) [t].[Id], [t].[AiSuggestedRoute], [t].[ApplicantFirstName], [t].[ApplicantId], [t].[ApplicantLastName], [t].[Application], [t].[AssigneeId], [t].[ClosingDate], [t].[CreatedAtUtc], [t].[Description], [t].[DomainId], [t].[EcrNumber], [t].[EnglishAccepted], [t].[JiraLink], [t].[LastSyncDate], [t].[Level], [t].[ModuleId], [t].[PartNumber], [t].[Priority], [t].[ReactivityDuration], [t].[ReferenceKZ], [t].[ReferenceSTLA], [t].[ResolvedAtUtc], [t].[SiteId], [t].[SlaDeadlineUtc], [t].[SourceSystemId], [t].[Status], [t].[SubModule], [t].[Summary], [t].[Title], [a].[Id] AS [Id0], [a].[AccessFailedCount], [a].[AltenId], [a].[Availability], [a].[AvatarColor], [a].[ConcurrencyStamp], [a].[CreatedAt], [a].[Email], [a].[EmailConfirmed], [a].[EmailStellantis], [a].[FirstName], [a].[IdStellantis], [a].[Languages], [a].[LastName], [a].[LockoutEnabled], [a].[LockoutEnd], [a].[MustChangePassword], [a].[NormalizedEmail], [a].[NormalizedUserName], [a].[PasswordHash], [a].[PasswordResetCode], [a].[PasswordResetCodeExpiresAtUtc], [a].[PhoneNumber], [a].[PhoneNumberConfirmed], [a].[ProfilePhotoUrl], [a].[Role], [a].[SecurityStamp], [a].[Status] AS [Status0], [a].[TeamId], [a].[TwoFactorEnabled], [a].[UserName], [d].[Id] AS [Id1], [d].[CreatedAtUtc] AS [CreatedAtUtc0], [d].[Description] AS [Description0], [d].[Name], [s].[Id] AS [Id2], [s].[CreatedAtUtc] AS [CreatedAtUtc1], [s].[Location], [s].[Name] AS [Name0], [s0].[Id] AS [Id3], [s0].[ApiEndpoint], [s0].[CreatedAtUtc] AS [CreatedAtUtc2], [s0].[LastImportDate], [s0].[Name] AS [Name1], [m].[Id] AS [Id4], [m].[Application] AS [Application0], [m].[CreatedAtUtc] AS [CreatedAtUtc3], [m].[Name] AS [Name2]
          FROM [Tickets] AS [t]
          LEFT JOIN [AspNetUsers] AS [a] ON [t].[AssigneeId] = [a].[Id]
          LEFT JOIN [Domains] AS [d] ON [t].[DomainId] = [d].[Id]
          LEFT JOIN [Sites] AS [s] ON [t].[SiteId] = [s].[Id]
          INNER JOIN [SourceSystems] AS [s0] ON [t].[SourceSystemId] = [s0].[Id]
          LEFT JOIN [Modules] AS [m] ON [t].[ModuleId] = [m].[Id]
          WHERE [t].[ReferenceKZ] = @referenceKz
      ) AS [s1]
      LEFT JOIN [TicketAttachments] AS [t0] ON [s1].[Id] = [t0].[TicketId]
      LEFT JOIN (
          SELECT [t1].[Id], [t1].[Action], [t1].[Actor], [t1].[Detail], [t1].[Icon], [t1].[IsAiGenerated], [t1].[TicketId], [t1].[TimestampUtc], [t1].[UserId], [a0].[Id] AS [Id0], [a0].[AccessFailedCount], [a0].[AltenId], [a0].[Availability], [a0].[AvatarColor], [a0].[ConcurrencyStamp], [a0].[CreatedAt], [a0].[Email], [a0].[EmailConfirmed], [a0].[EmailStellantis], [a0].[FirstName], [a0].[IdStellantis], [a0].[Languages], [a0].[LastName], [a0].[LockoutEnabled], [a0].[LockoutEnd], [a0].[MustChangePassword], [a0].[NormalizedEmail], [a0].[NormalizedUserName], [a0].[PasswordHash], [a0].[PasswordResetCode], [a0].[PasswordResetCodeExpiresAtUtc], [a0].[PhoneNumber], [a0].[PhoneNumberConfirmed], [a0].[ProfilePhotoUrl], [a0].[Role], [a0].[SecurityStamp], [a0].[Status], [a0].[TeamId], [a0].[TwoFactorEnabled], [a0].[UserName]
          FROM [TicketHistoryEntries] AS [t1]
          LEFT JOIN [AspNetUsers] AS [a0] ON [t1].[UserId] = [a0].[Id]
      ) AS [s2] ON [s1].[Id] = [s2].[TicketId]
      LEFT JOIN (
          SELECT [t2].[Id], [t2].[CommentType], [t2].[Content], [t2].[CreatedAtUtc], [t2].[TicketId], [t2].[UserId], [a1].[Id] AS [Id0], [a1].[AccessFailedCount], [a1].[AltenId], [a1].[Availability], [a1].[AvatarColor], [a1].[ConcurrencyStamp], [a1].[CreatedAt], [a1].[Email], [a1].[EmailConfirmed], [a1].[EmailStellantis], [a1].[FirstName], [a1].[IdStellantis], [a1].[Languages], [a1].[LastName], [a1].[LockoutEnabled], [a1].[LockoutEnd], [a1].[MustChangePassword], [a1].[NormalizedEmail], [a1].[NormalizedUserName], [a1].[PasswordHash], [a1].[PasswordResetCode], [a1].[PasswordResetCodeExpiresAtUtc], [a1].[PhoneNumber], [a1].[PhoneNumberConfirmed], [a1].[ProfilePhotoUrl], [a1].[Role], [a1].[SecurityStamp], [a1].[Status], [a1].[TeamId], [a1].[TwoFactorEnabled], [a1].[UserName]
          FROM [TicketComments] AS [t2]
          INNER JOIN [AspNetUsers] AS [a1] ON [t2].[UserId] = [a1].[Id]
      ) AS [s3] ON [s1].[Id] = [s3].[TicketId]
      ORDER BY [s1].[Id], [s1].[Id0], [s1].[Id1], [s1].[Id2], [s1].[Id3], [s1].[Id4], [t0].[Id], [s2].[Id], [s2].[Id0], [s3].[Id]
info: Microsoft.EntityFrameworkCore.Database.Command[20101]
      Executed DbCommand (61ms) [Parameters=[@ticketId='?' (Size = 255)], CommandType='Text', CommandTimeout='30']
      SELECT [s].[Id], [s].[AiSuggestedRoute], [s].[ApplicantFirstName], [s].[ApplicantId], [s].[ApplicantLastName], [s].[Application], [s].[AssigneeId], [s].[ClosingDate], [s].[CreatedAtUtc], [s].[Description], [s].[DomainId], [s].[EcrNumber], [s].[EnglishAccepted], [s].[JiraLink], [s].[LastSyncDate], [s].[Level], [s].[ModuleId], [s].[PartNumber], [s].[Priority], [s].[ReactivityDuration], [s].[ReferenceKZ], [s].[ReferenceSTLA], [s].[ResolvedAtUtc], [s].[SiteId], [s].[SlaDeadlineUtc], [s].[SourceSystemId], [s].[Status], [s].[SubModule], [s].[Summary], [s].[Title], [s].[Id0], [s].[ClassifiedDomain], [s].[Confidence], [s].[Summary0], [s].[TicketId], [s0].[Id], [s0].[Score], [s0].[SimilarTicketId], [s0].[TicketId], [s0].[Id0], [s0].[AiSuggestedRoute], [s0].[ApplicantFirstName], [s0].[ApplicantId], [s0].[ApplicantLastName], [s0].[Application], [s0].[AssigneeId], [s0].[ClosingDate], [s0].[CreatedAtUtc], [s0].[Description], [s0].[DomainId], [s0].[EcrNumber], [s0].[EnglishAccepted], [s0].[JiraLink], [s0].[LastSyncDate], [s0].[Level], [s0].[ModuleId], [s0].[PartNumber], [s0].[Priority], [s0].[ReactivityDuration], [s0].[ReferenceKZ], [s0].[ReferenceSTLA], [s0].[ResolvedAtUtc], [s0].[SiteId], [s0].[SlaDeadlineUtc], [s0].[SourceSystemId], [s0].[Status], [s0].[SubModule], [s0].[Summary], [s0].[Title], [s0].[Id1], [s0].[CreatedAtUtc0], [s0].[Description0], [s0].[Name], [s1].[Id], [s1].[NeedsVerification], [s1].[Rank], [s1].[SolutionText], [s1].[SourceTicketRefId], [s1].[TicketId], [s1].[Vote], [s1].[Id0], [s1].[AiSuggestedRoute], [s1].[ApplicantFirstName], [s1].[ApplicantId], [s1].[ApplicantLastName], [s1].[Application], [s1].[AssigneeId], [s1].[ClosingDate], [s1].[CreatedAtUtc], [s1].[Description], [s1].[DomainId], [s1].[EcrNumber], [s1].[EnglishAccepted], [s1].[JiraLink], [s1].[LastSyncDate], [s1].[Level], [s1].[ModuleId], [s1].[PartNumber], [s1].[Priority], [s1].[ReactivityDuration], [s1].[ReferenceKZ], [s1].[ReferenceSTLA], [s1].[ResolvedAtUtc], [s1].[SiteId], [s1].[SlaDeadlineUtc], [s1].[SourceSystemId], [s1].[Status], [s1].[SubModule], [s1].[Summary], [s1].[Title], [a1].[Id], [a1].[Message], [a1].[Role], [a1].[TicketId], [a1].[TimestampUtc]
      FROM (
          SELECT TOP(1) [t].[Id], [t].[AiSuggestedRoute], [t].[ApplicantFirstName], [t].[ApplicantId], [t].[ApplicantLastName], [t].[Application], [t].[AssigneeId], [t].[ClosingDate], [t].[CreatedAtUtc], [t].[Description], [t].[DomainId], [t].[EcrNumber], [t].[EnglishAccepted], [t].[JiraLink], [t].[LastSyncDate], [t].[Level], [t].[ModuleId], [t].[PartNumber], [t].[Priority], [t].[ReactivityDuration], [t].[ReferenceKZ], [t].[ReferenceSTLA], [t].[ResolvedAtUtc], [t].[SiteId], [t].[SlaDeadlineUtc], [t].[SourceSystemId], [t].[Status], [t].[SubModule], [t].[Summary], [t].[Title], [t0].[Id] AS [Id0], [t0].[ClassifiedDomain], [t0].[Confidence], [t0].[Summary] AS [Summary0], [t0].[TicketId]
          FROM [Tickets] AS [t]
          LEFT JOIN [TicketAiMetadata] AS [t0] ON [t].[Id] = [t0].[TicketId]
          WHERE [t].[ReferenceKZ] = @ticketId
      ) AS [s]
      LEFT JOIN (
          SELECT [a].[Id], [a].[Score], [a].[SimilarTicketId], [a].[TicketId], [t1].[Id] AS [Id0], [t1].[AiSuggestedRoute], [t1].[ApplicantFirstName], [t1].[ApplicantId], [t1].[ApplicantLastName], [t1].[Application], [t1].[AssigneeId], [t1].[ClosingDate], [t1].[CreatedAtUtc], [t1].[Description], [t1].[DomainId], [t1].[EcrNumber], [t1].[EnglishAccepted], [t1].[JiraLink], [t1].[LastSyncDate], [t1].[Level], [t1].[ModuleId], [t1].[PartNumber], [t1].[Priority], [t1].[ReactivityDuration], [t1].[ReferenceKZ], [t1].[ReferenceSTLA], [t1].[ResolvedAtUtc], [t1].[SiteId], [t1].[SlaDeadlineUtc], [t1].[SourceSystemId], [t1].[Status], [t1].[SubModule], [t1].[Summary], [t1].[Title], [d].[Id] AS [Id1], [d].[CreatedAtUtc] AS [CreatedAtUtc0], [d].[Description] AS [Description0], [d].[Name]
          FROM [AiSimilarTickets] AS [a]
          INNER JOIN [Tickets] AS [t1] ON [a].[SimilarTicketId] = [t1].[Id]
          LEFT JOIN [Domains] AS [d] ON [t1].[DomainId] = [d].[Id]
      ) AS [s0] ON [s].[Id] = [s0].[TicketId]
      LEFT JOIN (
          SELECT [a0].[Id], [a0].[NeedsVerification], [a0].[Rank], [a0].[SolutionText], [a0].[SourceTicketRefId], [a0].[TicketId], [a0].[Vote], [t2].[Id] AS [Id0], [t2].[AiSuggestedRoute], [t2].[ApplicantFirstName], [t2].[ApplicantId], [t2].[ApplicantLastName], [t2].[Application], [t2].[AssigneeId], [t2].[ClosingDate], [t2].[CreatedAtUtc], [t2].[Description], [t2].[DomainId], [t2].[EcrNumber], [t2].[EnglishAccepted], [t2].[JiraLink], [t2].[LastSyncDate], [t2].[Level], [t2].[ModuleId], [t2].[PartNumber], [t2].[Priority], [t2].[ReactivityDuration], [t2].[ReferenceKZ], [t2].[ReferenceSTLA], [t2].[ResolvedAtUtc], [t2].[SiteId], [t2].[SlaDeadlineUtc], [t2].[SourceSystemId], [t2].[Status], [t2].[SubModule], [t2].[Summary], [t2].[Title]
          FROM [AiSuggestedSolutions] AS [a0]
          LEFT JOIN [Tickets] AS [t2] ON [a0].[SourceTicketRefId] = [t2].[Id]
      ) AS [s1] ON [s].[Id] = [s1].[TicketId]
      LEFT JOIN [AiChatMessages] AS [a1] ON [s].[Id] = [a1].[TicketId]
      ORDER BY [s].[Id], [s].[Id0], [s0].[Id], [s0].[Id0], [s0].[Id1], [s1].[Id], [s1].[Id0]
info: Microsoft.EntityFrameworkCore.Database.Command[20101]
      Executed DbCommand (10ms) [Parameters=[@CurrentUserId='?' (DbType = Guid)], CommandType='Text', CommandTimeout='30']
      SELECT COUNT(*)
      FROM [Notifications] AS [n]
      WHERE [n].[UserId] = @CurrentUserId AND [n].[Read] = CAST(0 AS bit)
info: Microsoft.EntityFrameworkCore.Database.Command[20101]
      Executed DbCommand (2ms) [Parameters=[], CommandType='Text', CommandTimeout='30']
      SELECT COUNT(*)
      FROM [Tickets] AS [t]
info: Microsoft.EntityFrameworkCore.Database.Command[20101]
      Executed DbCommand (12ms) [Parameters=[@userId='?' (DbType = Guid), @todayUtc='?' (DbType = DateTime2)], CommandType='Text', CommandTimeout='30']
      SELECT COUNT(*)
      FROM [Tickets] AS [t]
      WHERE [t].[AssigneeId] = @userId AND [t].[ResolvedAtUtc] IS NOT NULL AND CONVERT(date, [t].[ResolvedAtUtc]) = @todayUtc
info: Microsoft.EntityFrameworkCore.Database.Command[20101]
      Executed DbCommand (15ms) [Parameters=[@userId='?' (DbType = Guid)], CommandType='Text', CommandTimeout='30']
      SELECT [t].[Id], [t].[AiSuggestedRoute], [t].[ApplicantFirstName], [t].[ApplicantId], [t].[ApplicantLastName], [t].[Application], [t].[AssigneeId], [t].[ClosingDate], [t].[CreatedAtUtc], [t].[Description], [t].[DomainId], [t].[EcrNumber], [t].[EnglishAccepted], [t].[JiraLink], [t].[LastSyncDate], [t].[Level], [t].[ModuleId], [t].[PartNumber], [t].[Priority], [t].[ReactivityDuration], [t].[ReferenceKZ], [t].[ReferenceSTLA], [t].[ResolvedAtUtc], [t].[SiteId], [t].[SlaDeadlineUtc], [t].[SourceSystemId], [t].[Status], [t].[SubModule], [t].[Summary], [t].[Title], [d].[Id], [d].[CreatedAtUtc], [d].[Description], [d].[Name], [s].[Id], [s].[ApiEndpoint], [s].[CreatedAtUtc], [s].[LastImportDate], [s].[Name]
      FROM [Tickets] AS [t]
      LEFT JOIN [Domains] AS [d] ON [t].[DomainId] = [d].[Id]
      INNER JOIN [SourceSystems] AS [s] ON [t].[SourceSystemId] = [s].[Id]
      WHERE [t].[AssigneeId] = @userId AND [t].[Status] NOT IN (4, 5)
      ORDER BY [t].[CreatedAtUtc] DESC
info: Microsoft.EntityFrameworkCore.Database.Command[20101]
      Executed DbCommand (17ms) [Parameters=[], CommandType='Text', CommandTimeout='30']
      SELECT [t].[Id], [t].[AiSuggestedRoute], [t].[ApplicantFirstName], [t].[ApplicantId], [t].[ApplicantLastName], [t].[Application], [t].[AssigneeId], [t].[ClosingDate], [t].[CreatedAtUtc], [t].[Description], [t].[DomainId], [t].[EcrNumber], [t].[EnglishAccepted], [t].[JiraLink], [t].[LastSyncDate], [t].[Level], [t].[ModuleId], [t].[PartNumber], [t].[Priority], [t].[ReactivityDuration], [t].[ReferenceKZ], [t].[ReferenceSTLA], [t].[ResolvedAtUtc], [t].[SiteId], [t].[SlaDeadlineUtc], [t].[SourceSystemId], [t].[Status], [t].[SubModule], [t].[Summary], [t].[Title], [d].[Id], [d].[CreatedAtUtc], [d].[Description], [d].[Name], [s].[Id], [s].[ApiEndpoint], [s].[CreatedAtUtc], [s].[LastImportDate], [s].[Name]
      FROM [Tickets] AS [t]
      LEFT JOIN [Domains] AS [d] ON [t].[DomainId] = [d].[Id]
      INNER JOIN [SourceSystems] AS [s] ON [t].[SourceSystemId] = [s].[Id]
      WHERE [t].[Status] = 0 AND [t].[AssigneeId] IS NULL
      ORDER BY [t].[CreatedAtUtc] DESC
info: Microsoft.EntityFrameworkCore.Database.Command[20101]
      Executed DbCommand (6ms) [Parameters=[@userId='?' (DbType = Guid)], CommandType='Text', CommandTimeout='30']
      SELECT CAST(DATEDIFF(minute, [t].[CreatedAtUtc], [t].[ResolvedAtUtc]) AS float) / 60.0E0
      FROM [Tickets] AS [t]
      WHERE [t].[AssigneeId] = @userId AND [t].[ResolvedAtUtc] IS NOT NULL
info: Microsoft.EntityFrameworkCore.Database.Command[20101]
      Executed DbCommand (11ms) [Parameters=[@p='?' (DbType = Int32), @p1='?' (DbType = Int32)], CommandType='Text', CommandTimeout='30']
      SELECT [t0].[Id], [t0].[AiSuggestedRoute], [t0].[ApplicantFirstName], [t0].[ApplicantId], [t0].[ApplicantLastName], [t0].[Application], [t0].[AssigneeId], [t0].[ClosingDate], [t0].[CreatedAtUtc], [t0].[Description], [t0].[DomainId], [t0].[EcrNumber], [t0].[EnglishAccepted], [t0].[JiraLink], [t0].[LastSyncDate], [t0].[Level], [t0].[ModuleId], [t0].[PartNumber], [t0].[Priority], [t0].[ReactivityDuration], [t0].[ReferenceKZ], [t0].[ReferenceSTLA], [t0].[ResolvedAtUtc], [t0].[SiteId], [t0].[SlaDeadlineUtc], [t0].[SourceSystemId], [t0].[Status], [t0].[SubModule], [t0].[Summary], [t0].[Title], [d].[Id], [d].[CreatedAtUtc], [d].[Description], [d].[Name], [s].[Id], [s].[ApiEndpoint], [s].[CreatedAtUtc], [s].[LastImportDate], [s].[Name]
      FROM (
          SELECT [t].[Id], [t].[AiSuggestedRoute], [t].[ApplicantFirstName], [t].[ApplicantId], [t].[ApplicantLastName], [t].[Application], [t].[AssigneeId], [t].[ClosingDate], [t].[CreatedAtUtc], [t].[Description], [t].[DomainId], [t].[EcrNumber], [t].[EnglishAccepted], [t].[JiraLink], [t].[LastSyncDate], [t].[Level], [t].[ModuleId], [t].[PartNumber], [t].[Priority], [t].[ReactivityDuration], [t].[ReferenceKZ], [t].[ReferenceSTLA], [t].[ResolvedAtUtc], [t].[SiteId], [t].[SlaDeadlineUtc], [t].[SourceSystemId], [t].[Status], [t].[SubModule], [t].[Summary], [t].[Title]
          FROM [Tickets] AS [t]
          ORDER BY [t].[CreatedAtUtc] DESC
          OFFSET @p ROWS FETCH NEXT @p1 ROWS ONLY
      ) AS [t0]
      LEFT JOIN [Domains] AS [d] ON [t0].[DomainId] = [d].[Id]
      INNER JOIN [SourceSystems] AS [s] ON [t0].[SourceSystemId] = [s].[Id]
      ORDER BY [t0].[CreatedAtUtc] DESC
info: Microsoft.EntityFrameworkCore.Database.Command[20101]
      Executed DbCommand (1ms) [Parameters=[@CurrentUserId='?' (DbType = Guid)], CommandType='Text', CommandTimeout='30']
      SELECT COUNT(*)
      FROM [Notifications] AS [n]
      WHERE [n].[UserId] = @CurrentUserId AND [n].[Read] = CAST(0 AS bit)
info: Microsoft.EntityFrameworkCore.Database.Command[20101]
      Executed DbCommand (2ms) [Parameters=[@CurrentUserId='?' (DbType = Guid)], CommandType='Text', CommandTimeout='30']
      SELECT COUNT(*)
      FROM [Notifications] AS [n]
      WHERE [n].[UserId] = @CurrentUserId AND [n].[Read] = CAST(0 AS bit)
info: Microsoft.EntityFrameworkCore.Database.Command[20101]
      Executed DbCommand (4ms) [Parameters=[], CommandType='Text', CommandTimeout='30']
      SELECT [t].[Id], [t].[AiSuggestedRoute], [t].[ApplicantFirstName], [t].[ApplicantId], [t].[ApplicantLastName], [t].[Application], [t].[AssigneeId], [t].[ClosingDate], [t].[CreatedAtUtc], [t].[Description], [t].[DomainId], [t].[EcrNumber], [t].[EnglishAccepted], [t].[JiraLink], [t].[LastSyncDate], [t].[Level], [t].[ModuleId], [t].[PartNumber], [t].[Priority], [t].[ReactivityDuration], [t].[ReferenceKZ], [t].[ReferenceSTLA], [t].[ResolvedAtUtc], [t].[SiteId], [t].[SlaDeadlineUtc], [t].[SourceSystemId], [t].[Status], [t].[SubModule], [t].[Summary], [t].[Title], [d].[Id], [d].[CreatedAtUtc], [d].[Description], [d].[Name], [s].[Id], [s].[ApiEndpoint], [s].[CreatedAtUtc], [s].[LastImportDate], [s].[Name]
      FROM [Tickets] AS [t]
      LEFT JOIN [Domains] AS [d] ON [t].[DomainId] = [d].[Id]
      INNER JOIN [SourceSystems] AS [s] ON [t].[SourceSystemId] = [s].[Id]
      WHERE [t].[Status] = 0 AND [t].[AssigneeId] IS NULL
      ORDER BY [t].[CreatedAtUtc] DESC
info: Microsoft.EntityFrameworkCore.Database.Command[20101]
      Executed DbCommand (8ms) [Parameters=[@userId='?' (DbType = Guid)], CommandType='Text', CommandTimeout='30']
      SELECT [t].[Status]
      FROM [Tickets] AS [t]
      WHERE [t].[AssigneeId] = @userId
info: Microsoft.EntityFrameworkCore.Database.Command[20101]
      Executed DbCommand (13ms) [Parameters=[@userId='?' (DbType = Guid)], CommandType='Text', CommandTimeout='30']
      SELECT [t].[Id], [t].[AiSuggestedRoute], [t].[ApplicantFirstName], [t].[ApplicantId], [t].[ApplicantLastName], [t].[Application], [t].[AssigneeId], [t].[ClosingDate], [t].[CreatedAtUtc], [t].[Description], [t].[DomainId], [t].[EcrNumber], [t].[EnglishAccepted], [t].[JiraLink], [t].[LastSyncDate], [t].[Level], [t].[ModuleId], [t].[PartNumber], [t].[Priority], [t].[ReactivityDuration], [t].[ReferenceKZ], [t].[ReferenceSTLA], [t].[ResolvedAtUtc], [t].[SiteId], [t].[SlaDeadlineUtc], [t].[SourceSystemId], [t].[Status], [t].[SubModule], [t].[Summary], [t].[Title], [d].[Id], [d].[CreatedAtUtc], [d].[Description], [d].[Name], [s].[Id], [s].[ApiEndpoint], [s].[CreatedAtUtc], [s].[LastImportDate], [s].[Name]
      FROM [Tickets] AS [t]
      LEFT JOIN [Domains] AS [d] ON [t].[DomainId] = [d].[Id]
      INNER JOIN [SourceSystems] AS [s] ON [t].[SourceSystemId] = [s].[Id]
      WHERE [t].[AssigneeId] = @userId
      ORDER BY [t].[CreatedAtUtc] DESC
info: Microsoft.EntityFrameworkCore.Database.Command[20101]
      Executed DbCommand (1ms) [Parameters=[@CurrentUserId='?' (DbType = Guid)], CommandType='Text', CommandTimeout='30']
      SELECT COUNT(*)
      FROM [Notifications] AS [n]
      WHERE [n].[UserId] = @CurrentUserId AND [n].[Read] = CAST(0 AS bit)
info: Microsoft.EntityFrameworkCore.Database.Command[20101]
      Executed DbCommand (2ms) [Parameters=[@userId='?' (DbType = Guid), @todayUtc='?' (DbType = DateTime2)], CommandType='Text', CommandTimeout='30']
      SELECT COUNT(*)
      FROM [Tickets] AS [t]
      WHERE [t].[AssigneeId] = @userId AND [t].[ResolvedAtUtc] IS NOT NULL AND CONVERT(date, [t].[ResolvedAtUtc]) = @todayUtc
info: Microsoft.EntityFrameworkCore.Database.Command[20101]
      Executed DbCommand (2ms) [Parameters=[], CommandType='Text', CommandTimeout='30']
      SELECT [t].[Id], [t].[AiSuggestedRoute], [t].[ApplicantFirstName], [t].[ApplicantId], [t].[ApplicantLastName], [t].[Application], [t].[AssigneeId], [t].[ClosingDate], [t].[CreatedAtUtc], [t].[Description], [t].[DomainId], [t].[EcrNumber], [t].[EnglishAccepted], [t].[JiraLink], [t].[LastSyncDate], [t].[Level], [t].[ModuleId], [t].[PartNumber], [t].[Priority], [t].[ReactivityDuration], [t].[ReferenceKZ], [t].[ReferenceSTLA], [t].[ResolvedAtUtc], [t].[SiteId], [t].[SlaDeadlineUtc], [t].[SourceSystemId], [t].[Status], [t].[SubModule], [t].[Summary], [t].[Title], [d].[Id], [d].[CreatedAtUtc], [d].[Description], [d].[Name], [s].[Id], [s].[ApiEndpoint], [s].[CreatedAtUtc], [s].[LastImportDate], [s].[Name]
      FROM [Tickets] AS [t]
      LEFT JOIN [Domains] AS [d] ON [t].[DomainId] = [d].[Id]
      INNER JOIN [SourceSystems] AS [s] ON [t].[SourceSystemId] = [s].[Id]
      WHERE [t].[Status] = 0 AND [t].[AssigneeId] IS NULL
      ORDER BY [t].[CreatedAtUtc] DESC
info: Microsoft.EntityFrameworkCore.Database.Command[20101]
      Executed DbCommand (2ms) [Parameters=[@userId='?' (DbType = Guid)], CommandType='Text', CommandTimeout='30']
      SELECT [t].[Id], [t].[AiSuggestedRoute], [t].[ApplicantFirstName], [t].[ApplicantId], [t].[ApplicantLastName], [t].[Application], [t].[AssigneeId], [t].[ClosingDate], [t].[CreatedAtUtc], [t].[Description], [t].[DomainId], [t].[EcrNumber], [t].[EnglishAccepted], [t].[JiraLink], [t].[LastSyncDate], [t].[Level], [t].[ModuleId], [t].[PartNumber], [t].[Priority], [t].[ReactivityDuration], [t].[ReferenceKZ], [t].[ReferenceSTLA], [t].[ResolvedAtUtc], [t].[SiteId], [t].[SlaDeadlineUtc], [t].[SourceSystemId], [t].[Status], [t].[SubModule], [t].[Summary], [t].[Title], [d].[Id], [d].[CreatedAtUtc], [d].[Description], [d].[Name], [s].[Id], [s].[ApiEndpoint], [s].[CreatedAtUtc], [s].[LastImportDate], [s].[Name]
      FROM [Tickets] AS [t]
      LEFT JOIN [Domains] AS [d] ON [t].[DomainId] = [d].[Id]
      INNER JOIN [SourceSystems] AS [s] ON [t].[SourceSystemId] = [s].[Id]
      WHERE [t].[AssigneeId] = @userId AND [t].[Status] NOT IN (4, 5)
      ORDER BY [t].[CreatedAtUtc] DESC
info: Microsoft.EntityFrameworkCore.Database.Command[20101]
      Executed DbCommand (1ms) [Parameters=[], CommandType='Text', CommandTimeout='30']
      SELECT COUNT(*)
      FROM [Tickets] AS [t]
info: Microsoft.EntityFrameworkCore.Database.Command[20101]
      Executed DbCommand (1ms) [Parameters=[@userId='?' (DbType = Guid)], CommandType='Text', CommandTimeout='30']
      SELECT CAST(DATEDIFF(minute, [t].[CreatedAtUtc], [t].[ResolvedAtUtc]) AS float) / 60.0E0
      FROM [Tickets] AS [t]
      WHERE [t].[AssigneeId] = @userId AND [t].[ResolvedAtUtc] IS NOT NULL
info: Microsoft.EntityFrameworkCore.Database.Command[20101]
      Executed DbCommand (4ms) [Parameters=[@p='?' (DbType = Int32), @p1='?' (DbType = Int32)], CommandType='Text', CommandTimeout='30']
      SELECT [t0].[Id], [t0].[AiSuggestedRoute], [t0].[ApplicantFirstName], [t0].[ApplicantId], [t0].[ApplicantLastName], [t0].[Application], [t0].[AssigneeId], [t0].[ClosingDate], [t0].[CreatedAtUtc], [t0].[Description], [t0].[DomainId], [t0].[EcrNumber], [t0].[EnglishAccepted], [t0].[JiraLink], [t0].[LastSyncDate], [t0].[Level], [t0].[ModuleId], [t0].[PartNumber], [t0].[Priority], [t0].[ReactivityDuration], [t0].[ReferenceKZ], [t0].[ReferenceSTLA], [t0].[ResolvedAtUtc], [t0].[SiteId], [t0].[SlaDeadlineUtc], [t0].[SourceSystemId], [t0].[Status], [t0].[SubModule], [t0].[Summary], [t0].[Title], [d].[Id], [d].[CreatedAtUtc], [d].[Description], [d].[Name], [s].[Id], [s].[ApiEndpoint], [s].[CreatedAtUtc], [s].[LastImportDate], [s].[Name]
      FROM (
          SELECT [t].[Id], [t].[AiSuggestedRoute], [t].[ApplicantFirstName], [t].[ApplicantId], [t].[ApplicantLastName], [t].[Application], [t].[AssigneeId], [t].[ClosingDate], [t].[CreatedAtUtc], [t].[Description], [t].[DomainId], [t].[EcrNumber], [t].[EnglishAccepted], [t].[JiraLink], [t].[LastSyncDate], [t].[Level], [t].[ModuleId], [t].[PartNumber], [t].[Priority], [t].[ReactivityDuration], [t].[ReferenceKZ], [t].[ReferenceSTLA], [t].[ResolvedAtUtc], [t].[SiteId], [t].[SlaDeadlineUtc], [t].[SourceSystemId], [t].[Status], [t].[SubModule], [t].[Summary], [t].[Title]
          FROM [Tickets] AS [t]
          ORDER BY [t].[CreatedAtUtc] DESC
          OFFSET @p ROWS FETCH NEXT @p1 ROWS ONLY
      ) AS [t0]
      LEFT JOIN [Domains] AS [d] ON [t0].[DomainId] = [d].[Id]
      INNER JOIN [SourceSystems] AS [s] ON [t0].[SourceSystemId] = [s].[Id]
      ORDER BY [t0].[CreatedAtUtc] DESC
info: Microsoft.EntityFrameworkCore.Database.Command[20101]
      Executed DbCommand (1ms) [Parameters=[@CurrentUserId='?' (DbType = Guid)], CommandType='Text', CommandTimeout='30']
      SELECT COUNT(*)
      FROM [Notifications] AS [n]
      WHERE [n].[UserId] = @CurrentUserId AND [n].[Read] = CAST(0 AS bit)
info: Microsoft.EntityFrameworkCore.Database.Command[20101]
      Executed DbCommand (1ms) [Parameters=[@userId='?' (DbType = Guid)], CommandType='Text', CommandTimeout='30']
      SELECT [t].[Status]
      FROM [Tickets] AS [t]
      WHERE [t].[AssigneeId] = @userId
info: Microsoft.EntityFrameworkCore.Database.Command[20101]
      Executed DbCommand (5ms) [Parameters=[], CommandType='Text', CommandTimeout='30']
      SELECT [t].[Id], [t].[AiSuggestedRoute], [t].[ApplicantFirstName], [t].[ApplicantId], [t].[ApplicantLastName], [t].[Application], [t].[AssigneeId], [t].[ClosingDate], [t].[CreatedAtUtc], [t].[Description], [t].[DomainId], [t].[EcrNumber], [t].[EnglishAccepted], [t].[JiraLink], [t].[LastSyncDate], [t].[Level], [t].[ModuleId], [t].[PartNumber], [t].[Priority], [t].[ReactivityDuration], [t].[ReferenceKZ], [t].[ReferenceSTLA], [t].[ResolvedAtUtc], [t].[SiteId], [t].[SlaDeadlineUtc], [t].[SourceSystemId], [t].[Status], [t].[SubModule], [t].[Summary], [t].[Title], [d].[Id], [d].[CreatedAtUtc], [d].[Description], [d].[Name], [s].[Id], [s].[ApiEndpoint], [s].[CreatedAtUtc], [s].[LastImportDate], [s].[Name]
      FROM [Tickets] AS [t]
      LEFT JOIN [Domains] AS [d] ON [t].[DomainId] = [d].[Id]
      INNER JOIN [SourceSystems] AS [s] ON [t].[SourceSystemId] = [s].[Id]
      WHERE [t].[Status] = 0 AND [t].[AssigneeId] IS NULL
      ORDER BY [t].[CreatedAtUtc] DESC
info: Microsoft.EntityFrameworkCore.Database.Command[20101]
      Executed DbCommand (4ms) [Parameters=[@userId='?' (DbType = Guid)], CommandType='Text', CommandTimeout='30']
      SELECT [t].[Id], [t].[AiSuggestedRoute], [t].[ApplicantFirstName], [t].[ApplicantId], [t].[ApplicantLastName], [t].[Application], [t].[AssigneeId], [t].[ClosingDate], [t].[CreatedAtUtc], [t].[Description], [t].[DomainId], [t].[EcrNumber], [t].[EnglishAccepted], [t].[JiraLink], [t].[LastSyncDate], [t].[Level], [t].[ModuleId], [t].[PartNumber], [t].[Priority], [t].[ReactivityDuration], [t].[ReferenceKZ], [t].[ReferenceSTLA], [t].[ResolvedAtUtc], [t].[SiteId], [t].[SlaDeadlineUtc], [t].[SourceSystemId], [t].[Status], [t].[SubModule], [t].[Summary], [t].[Title], [d].[Id], [d].[CreatedAtUtc], [d].[Description], [d].[Name], [s].[Id], [s].[ApiEndpoint], [s].[CreatedAtUtc], [s].[LastImportDate], [s].[Name]
      FROM [Tickets] AS [t]
      LEFT JOIN [Domains] AS [d] ON [t].[DomainId] = [d].[Id]
      INNER JOIN [SourceSystems] AS [s] ON [t].[SourceSystemId] = [s].[Id]
      WHERE [t].[AssigneeId] = @userId
      ORDER BY [t].[CreatedAtUtc] DESC
info: Microsoft.EntityFrameworkCore.Database.Command[20101]
      Executed DbCommand (8,375ms) [Parameters=[@referenceKz='?' (Size = 255)], CommandType='Text', CommandTimeout='30']
      SELECT [s1].[Id], [s1].[AiSuggestedRoute], [s1].[ApplicantFirstName], [s1].[ApplicantId], [s1].[ApplicantLastName], [s1].[Application], [s1].[AssigneeId], [s1].[ClosingDate], [s1].[CreatedAtUtc], [s1].[Description], [s1].[DomainId], [s1].[EcrNumber], [s1].[EnglishAccepted], [s1].[JiraLink], [s1].[LastSyncDate], [s1].[Level], [s1].[ModuleId], [s1].[PartNumber], [s1].[Priority], [s1].[ReactivityDuration], [s1].[ReferenceKZ], [s1].[ReferenceSTLA], [s1].[ResolvedAtUtc], [s1].[SiteId], [s1].[SlaDeadlineUtc], [s1].[SourceSystemId], [s1].[Status], [s1].[SubModule], [s1].[Summary], [s1].[Title], [s1].[Id0], [s1].[AccessFailedCount], [s1].[AltenId], [s1].[Availability], [s1].[AvatarColor], [s1].[ConcurrencyStamp], [s1].[CreatedAt], [s1].[Email], [s1].[EmailConfirmed], [s1].[EmailStellantis], [s1].[FirstName], [s1].[IdStellantis], [s1].[Languages], [s1].[LastName], [s1].[LockoutEnabled], [s1].[LockoutEnd], [s1].[MustChangePassword], [s1].[NormalizedEmail], [s1].[NormalizedUserName], [s1].[PasswordHash], [s1].[PasswordResetCode], [s1].[PasswordResetCodeExpiresAtUtc], [s1].[PhoneNumber], [s1].[PhoneNumberConfirmed], [s1].[ProfilePhotoUrl], [s1].[Role], [s1].[SecurityStamp], [s1].[Status0], [s1].[TeamId], [s1].[TwoFactorEnabled], [s1].[UserName], [s1].[Id1], [s1].[CreatedAtUtc0], [s1].[Description0], [s1].[Name], [s1].[Id2], [s1].[CreatedAtUtc1], [s1].[Location], [s1].[Name0], [s1].[Id3], [s1].[ApiEndpoint], [s1].[CreatedAtUtc2], [s1].[LastImportDate], [s1].[Name1], [s1].[Id4], [s1].[Application0], [s1].[CreatedAtUtc3], [s1].[Name2], [t0].[Id], [t0].[FileName], [t0].[SizeKb], [t0].[TicketId], [t0].[UploadedAtUtc], [t0].[Url], [s2].[Id], [s2].[Action], [s2].[Actor], [s2].[Detail], [s2].[Icon], [s2].[IsAiGenerated], [s2].[TicketId], [s2].[TimestampUtc], [s2].[UserId], [s2].[Id0], [s2].[AccessFailedCount], [s2].[AltenId], [s2].[Availability], [s2].[AvatarColor], [s2].[ConcurrencyStamp], [s2].[CreatedAt], [s2].[Email], [s2].[EmailConfirmed], [s2].[EmailStellantis], [s2].[FirstName], [s2].[IdStellantis], [s2].[Languages], [s2].[LastName], [s2].[LockoutEnabled], [s2].[LockoutEnd], [s2].[MustChangePassword], [s2].[NormalizedEmail], [s2].[NormalizedUserName], [s2].[PasswordHash], [s2].[PasswordResetCode], [s2].[PasswordResetCodeExpiresAtUtc], [s2].[PhoneNumber], [s2].[PhoneNumberConfirmed], [s2].[ProfilePhotoUrl], [s2].[Role], [s2].[SecurityStamp], [s2].[Status], [s2].[TeamId], [s2].[TwoFactorEnabled], [s2].[UserName], [s3].[Id], [s3].[CommentType], [s3].[Content], [s3].[CreatedAtUtc], [s3].[TicketId], [s3].[UserId], [s3].[Id0], [s3].[AccessFailedCount], [s3].[AltenId], [s3].[Availability], [s3].[AvatarColor], [s3].[ConcurrencyStamp], [s3].[CreatedAt], [s3].[Email], [s3].[EmailConfirmed], [s3].[EmailStellantis], [s3].[FirstName], [s3].[IdStellantis], [s3].[Languages], [s3].[LastName], [s3].[LockoutEnabled], [s3].[LockoutEnd], [s3].[MustChangePassword], [s3].[NormalizedEmail], [s3].[NormalizedUserName], [s3].[PasswordHash], [s3].[PasswordResetCode], [s3].[PasswordResetCodeExpiresAtUtc], [s3].[PhoneNumber], [s3].[PhoneNumberConfirmed], [s3].[ProfilePhotoUrl], [s3].[Role], [s3].[SecurityStamp], [s3].[Status], [s3].[TeamId], [s3].[TwoFactorEnabled], [s3].[UserName]
      FROM (
          SELECT TOP(1) [t].[Id], [t].[AiSuggestedRoute], [t].[ApplicantFirstName], [t].[ApplicantId], [t].[ApplicantLastName], [t].[Application], [t].[AssigneeId], [t].[ClosingDate], [t].[CreatedAtUtc], [t].[Description], [t].[DomainId], [t].[EcrNumber], [t].[EnglishAccepted], [t].[JiraLink], [t].[LastSyncDate], [t].[Level], [t].[ModuleId], [t].[PartNumber], [t].[Priority], [t].[ReactivityDuration], [t].[ReferenceKZ], [t].[ReferenceSTLA], [t].[ResolvedAtUtc], [t].[SiteId], [t].[SlaDeadlineUtc], [t].[SourceSystemId], [t].[Status], [t].[SubModule], [t].[Summary], [t].[Title], [a].[Id] AS [Id0], [a].[AccessFailedCount], [a].[AltenId], [a].[Availability], [a].[AvatarColor], [a].[ConcurrencyStamp], [a].[CreatedAt], [a].[Email], [a].[EmailConfirmed], [a].[EmailStellantis], [a].[FirstName], [a].[IdStellantis], [a].[Languages], [a].[LastName], [a].[LockoutEnabled], [a].[LockoutEnd], [a].[MustChangePassword], [a].[NormalizedEmail], [a].[NormalizedUserName], [a].[PasswordHash], [a].[PasswordResetCode], [a].[PasswordResetCodeExpiresAtUtc], [a].[PhoneNumber], [a].[PhoneNumberConfirmed], [a].[ProfilePhotoUrl], [a].[Role], [a].[SecurityStamp], [a].[Status] AS [Status0], [a].[TeamId], [a].[TwoFactorEnabled], [a].[UserName], [d].[Id] AS [Id1], [d].[CreatedAtUtc] AS [CreatedAtUtc0], [d].[Description] AS [Description0], [d].[Name], [s].[Id] AS [Id2], [s].[CreatedAtUtc] AS [CreatedAtUtc1], [s].[Location], [s].[Name] AS [Name0], [s0].[Id] AS [Id3], [s0].[ApiEndpoint], [s0].[CreatedAtUtc] AS [CreatedAtUtc2], [s0].[LastImportDate], [s0].[Name] AS [Name1], [m].[Id] AS [Id4], [m].[Application] AS [Application0], [m].[CreatedAtUtc] AS [CreatedAtUtc3], [m].[Name] AS [Name2]
          FROM [Tickets] AS [t]
          LEFT JOIN [AspNetUsers] AS [a] ON [t].[AssigneeId] = [a].[Id]
          LEFT JOIN [Domains] AS [d] ON [t].[DomainId] = [d].[Id]
          LEFT JOIN [Sites] AS [s] ON [t].[SiteId] = [s].[Id]
          INNER JOIN [SourceSystems] AS [s0] ON [t].[SourceSystemId] = [s0].[Id]
          LEFT JOIN [Modules] AS [m] ON [t].[ModuleId] = [m].[Id]
          WHERE [t].[ReferenceKZ] = @referenceKz
      ) AS [s1]
      LEFT JOIN [TicketAttachments] AS [t0] ON [s1].[Id] = [t0].[TicketId]
      LEFT JOIN (
          SELECT [t1].[Id], [t1].[Action], [t1].[Actor], [t1].[Detail], [t1].[Icon], [t1].[IsAiGenerated], [t1].[TicketId], [t1].[TimestampUtc], [t1].[UserId], [a0].[Id] AS [Id0], [a0].[AccessFailedCount], [a0].[AltenId], [a0].[Availability], [a0].[AvatarColor], [a0].[ConcurrencyStamp], [a0].[CreatedAt], [a0].[Email], [a0].[EmailConfirmed], [a0].[EmailStellantis], [a0].[FirstName], [a0].[IdStellantis], [a0].[Languages], [a0].[LastName], [a0].[LockoutEnabled], [a0].[LockoutEnd], [a0].[MustChangePassword], [a0].[NormalizedEmail], [a0].[NormalizedUserName], [a0].[PasswordHash], [a0].[PasswordResetCode], [a0].[PasswordResetCodeExpiresAtUtc], [a0].[PhoneNumber], [a0].[PhoneNumberConfirmed], [a0].[ProfilePhotoUrl], [a0].[Role], [a0].[SecurityStamp], [a0].[Status], [a0].[TeamId], [a0].[TwoFactorEnabled], [a0].[UserName]
          FROM [TicketHistoryEntries] AS [t1]
          LEFT JOIN [AspNetUsers] AS [a0] ON [t1].[UserId] = [a0].[Id]
      ) AS [s2] ON [s1].[Id] = [s2].[TicketId]
      LEFT JOIN (
          SELECT [t2].[Id], [t2].[CommentType], [t2].[Content], [t2].[CreatedAtUtc], [t2].[TicketId], [t2].[UserId], [a1].[Id] AS [Id0], [a1].[AccessFailedCount], [a1].[AltenId], [a1].[Availability], [a1].[AvatarColor], [a1].[ConcurrencyStamp], [a1].[CreatedAt], [a1].[Email], [a1].[EmailConfirmed], [a1].[EmailStellantis], [a1].[FirstName], [a1].[IdStellantis], [a1].[Languages], [a1].[LastName], [a1].[LockoutEnabled], [a1].[LockoutEnd], [a1].[MustChangePassword], [a1].[NormalizedEmail], [a1].[NormalizedUserName], [a1].[PasswordHash], [a1].[PasswordResetCode], [a1].[PasswordResetCodeExpiresAtUtc], [a1].[PhoneNumber], [a1].[PhoneNumberConfirmed], [a1].[ProfilePhotoUrl], [a1].[Role], [a1].[SecurityStamp], [a1].[Status], [a1].[TeamId], [a1].[TwoFactorEnabled], [a1].[UserName]
          FROM [TicketComments] AS [t2]
          INNER JOIN [AspNetUsers] AS [a1] ON [t2].[UserId] = [a1].[Id]
      ) AS [s3] ON [s1].[Id] = [s3].[TicketId]
      ORDER BY [s1].[Id], [s1].[Id0], [s1].[Id1], [s1].[Id2], [s1].[Id3], [s1].[Id4], [t0].[Id], [s2].[Id], [s2].[Id0], [s3].[Id]
info: Microsoft.EntityFrameworkCore.Database.Command[20101]
      Executed DbCommand (24ms) [Parameters=[@p0='?' (DbType = Guid), @p1='?' (Size = 255), @p2='?' (Size = 255), @p3='?' (Size = 4000), @p4='?' (Size = 255), @p5='?' (DbType = Boolean), @p6='?' (DbType = Guid), @p7='?' (DbType = DateTime2), @p8='?' (DbType = Guid), @p11='?' (DbType = Guid), @p9='?' (DbType = Guid), @p10='?' (DbType = Int32)], CommandType='Text', CommandTimeout='30']
      SET NOCOUNT ON;
      INSERT INTO [TicketHistoryEntries] ([Id], [Action], [Actor], [Detail], [Icon], [IsAiGenerated], [TicketId], [TimestampUtc], [UserId])
      VALUES (@p0, @p1, @p2, @p3, @p4, @p5, @p6, @p7, @p8);
      UPDATE [Tickets] SET [AssigneeId] = @p9, [Status] = @p10
      OUTPUT 1
      WHERE [Id] = @p11;
info: Microsoft.EntityFrameworkCore.Database.Command[20101]
      Executed DbCommand (3ms) [Parameters=[@referenceKz='?' (Size = 255)], CommandType='Text', CommandTimeout='30']
      SELECT [s1].[Id], [s1].[AiSuggestedRoute], [s1].[ApplicantFirstName], [s1].[ApplicantId], [s1].[ApplicantLastName], [s1].[Application], [s1].[AssigneeId], [s1].[ClosingDate], [s1].[CreatedAtUtc], [s1].[Description], [s1].[DomainId], [s1].[EcrNumber], [s1].[EnglishAccepted], [s1].[JiraLink], [s1].[LastSyncDate], [s1].[Level], [s1].[ModuleId], [s1].[PartNumber], [s1].[Priority], [s1].[ReactivityDuration], [s1].[ReferenceKZ], [s1].[ReferenceSTLA], [s1].[ResolvedAtUtc], [s1].[SiteId], [s1].[SlaDeadlineUtc], [s1].[SourceSystemId], [s1].[Status], [s1].[SubModule], [s1].[Summary], [s1].[Title], [s1].[Id0], [s1].[AccessFailedCount], [s1].[AltenId], [s1].[Availability], [s1].[AvatarColor], [s1].[ConcurrencyStamp], [s1].[CreatedAt], [s1].[Email], [s1].[EmailConfirmed], [s1].[EmailStellantis], [s1].[FirstName], [s1].[IdStellantis], [s1].[Languages], [s1].[LastName], [s1].[LockoutEnabled], [s1].[LockoutEnd], [s1].[MustChangePassword], [s1].[NormalizedEmail], [s1].[NormalizedUserName], [s1].[PasswordHash], [s1].[PasswordResetCode], [s1].[PasswordResetCodeExpiresAtUtc], [s1].[PhoneNumber], [s1].[PhoneNumberConfirmed], [s1].[ProfilePhotoUrl], [s1].[Role], [s1].[SecurityStamp], [s1].[Status0], [s1].[TeamId], [s1].[TwoFactorEnabled], [s1].[UserName], [s1].[Id1], [s1].[CreatedAtUtc0], [s1].[Description0], [s1].[Name], [s1].[Id2], [s1].[CreatedAtUtc1], [s1].[Location], [s1].[Name0], [s1].[Id3], [s1].[ApiEndpoint], [s1].[CreatedAtUtc2], [s1].[LastImportDate], [s1].[Name1], [s1].[Id4], [s1].[Application0], [s1].[CreatedAtUtc3], [s1].[Name2], [t0].[Id], [t0].[FileName], [t0].[SizeKb], [t0].[TicketId], [t0].[UploadedAtUtc], [t0].[Url], [s2].[Id], [s2].[Action], [s2].[Actor], [s2].[Detail], [s2].[Icon], [s2].[IsAiGenerated], [s2].[TicketId], [s2].[TimestampUtc], [s2].[UserId], [s2].[Id0], [s2].[AccessFailedCount], [s2].[AltenId], [s2].[Availability], [s2].[AvatarColor], [s2].[ConcurrencyStamp], [s2].[CreatedAt], [s2].[Email], [s2].[EmailConfirmed], [s2].[EmailStellantis], [s2].[FirstName], [s2].[IdStellantis], [s2].[Languages], [s2].[LastName], [s2].[LockoutEnabled], [s2].[LockoutEnd], [s2].[MustChangePassword], [s2].[NormalizedEmail], [s2].[NormalizedUserName], [s2].[PasswordHash], [s2].[PasswordResetCode], [s2].[PasswordResetCodeExpiresAtUtc], [s2].[PhoneNumber], [s2].[PhoneNumberConfirmed], [s2].[ProfilePhotoUrl], [s2].[Role], [s2].[SecurityStamp], [s2].[Status], [s2].[TeamId], [s2].[TwoFactorEnabled], [s2].[UserName], [s3].[Id], [s3].[CommentType], [s3].[Content], [s3].[CreatedAtUtc], [s3].[TicketId], [s3].[UserId], [s3].[Id0], [s3].[AccessFailedCount], [s3].[AltenId], [s3].[Availability], [s3].[AvatarColor], [s3].[ConcurrencyStamp], [s3].[CreatedAt], [s3].[Email], [s3].[EmailConfirmed], [s3].[EmailStellantis], [s3].[FirstName], [s3].[IdStellantis], [s3].[Languages], [s3].[LastName], [s3].[LockoutEnabled], [s3].[LockoutEnd], [s3].[MustChangePassword], [s3].[NormalizedEmail], [s3].[NormalizedUserName], [s3].[PasswordHash], [s3].[PasswordResetCode], [s3].[PasswordResetCodeExpiresAtUtc], [s3].[PhoneNumber], [s3].[PhoneNumberConfirmed], [s3].[ProfilePhotoUrl], [s3].[Role], [s3].[SecurityStamp], [s3].[Status], [s3].[TeamId], [s3].[TwoFactorEnabled], [s3].[UserName]
      FROM (
          SELECT TOP(1) [t].[Id], [t].[AiSuggestedRoute], [t].[ApplicantFirstName], [t].[ApplicantId], [t].[ApplicantLastName], [t].[Application], [t].[AssigneeId], [t].[ClosingDate], [t].[CreatedAtUtc], [t].[Description], [t].[DomainId], [t].[EcrNumber], [t].[EnglishAccepted], [t].[JiraLink], [t].[LastSyncDate], [t].[Level], [t].[ModuleId], [t].[PartNumber], [t].[Priority], [t].[ReactivityDuration], [t].[ReferenceKZ], [t].[ReferenceSTLA], [t].[ResolvedAtUtc], [t].[SiteId], [t].[SlaDeadlineUtc], [t].[SourceSystemId], [t].[Status], [t].[SubModule], [t].[Summary], [t].[Title], [a].[Id] AS [Id0], [a].[AccessFailedCount], [a].[AltenId], [a].[Availability], [a].[AvatarColor], [a].[ConcurrencyStamp], [a].[CreatedAt], [a].[Email], [a].[EmailConfirmed], [a].[EmailStellantis], [a].[FirstName], [a].[IdStellantis], [a].[Languages], [a].[LastName], [a].[LockoutEnabled], [a].[LockoutEnd], [a].[MustChangePassword], [a].[NormalizedEmail], [a].[NormalizedUserName], [a].[PasswordHash], [a].[PasswordResetCode], [a].[PasswordResetCodeExpiresAtUtc], [a].[PhoneNumber], [a].[PhoneNumberConfirmed], [a].[ProfilePhotoUrl], [a].[Role], [a].[SecurityStamp], [a].[Status] AS [Status0], [a].[TeamId], [a].[TwoFactorEnabled], [a].[UserName], [d].[Id] AS [Id1], [d].[CreatedAtUtc] AS [CreatedAtUtc0], [d].[Description] AS [Description0], [d].[Name], [s].[Id] AS [Id2], [s].[CreatedAtUtc] AS [CreatedAtUtc1], [s].[Location], [s].[Name] AS [Name0], [s0].[Id] AS [Id3], [s0].[ApiEndpoint], [s0].[CreatedAtUtc] AS [CreatedAtUtc2], [s0].[LastImportDate], [s0].[Name] AS [Name1], [m].[Id] AS [Id4], [m].[Application] AS [Application0], [m].[CreatedAtUtc] AS [CreatedAtUtc3], [m].[Name] AS [Name2]
          FROM [Tickets] AS [t]
          LEFT JOIN [AspNetUsers] AS [a] ON [t].[AssigneeId] = [a].[Id]
          LEFT JOIN [Domains] AS [d] ON [t].[DomainId] = [d].[Id]
          LEFT JOIN [Sites] AS [s] ON [t].[SiteId] = [s].[Id]
          INNER JOIN [SourceSystems] AS [s0] ON [t].[SourceSystemId] = [s0].[Id]
          LEFT JOIN [Modules] AS [m] ON [t].[ModuleId] = [m].[Id]
          WHERE [t].[ReferenceKZ] = @referenceKz
      ) AS [s1]
      LEFT JOIN [TicketAttachments] AS [t0] ON [s1].[Id] = [t0].[TicketId]
      LEFT JOIN (
          SELECT [t1].[Id], [t1].[Action], [t1].[Actor], [t1].[Detail], [t1].[Icon], [t1].[IsAiGenerated], [t1].[TicketId], [t1].[TimestampUtc], [t1].[UserId], [a0].[Id] AS [Id0], [a0].[AccessFailedCount], [a0].[AltenId], [a0].[Availability], [a0].[AvatarColor], [a0].[ConcurrencyStamp], [a0].[CreatedAt], [a0].[Email], [a0].[EmailConfirmed], [a0].[EmailStellantis], [a0].[FirstName], [a0].[IdStellantis], [a0].[Languages], [a0].[LastName], [a0].[LockoutEnabled], [a0].[LockoutEnd], [a0].[MustChangePassword], [a0].[NormalizedEmail], [a0].[NormalizedUserName], [a0].[PasswordHash], [a0].[PasswordResetCode], [a0].[PasswordResetCodeExpiresAtUtc], [a0].[PhoneNumber], [a0].[PhoneNumberConfirmed], [a0].[ProfilePhotoUrl], [a0].[Role], [a0].[SecurityStamp], [a0].[Status], [a0].[TeamId], [a0].[TwoFactorEnabled], [a0].[UserName]
          FROM [TicketHistoryEntries] AS [t1]
          LEFT JOIN [AspNetUsers] AS [a0] ON [t1].[UserId] = [a0].[Id]
      ) AS [s2] ON [s1].[Id] = [s2].[TicketId]
      LEFT JOIN (
          SELECT [t2].[Id], [t2].[CommentType], [t2].[Content], [t2].[CreatedAtUtc], [t2].[TicketId], [t2].[UserId], [a1].[Id] AS [Id0], [a1].[AccessFailedCount], [a1].[AltenId], [a1].[Availability], [a1].[AvatarColor], [a1].[ConcurrencyStamp], [a1].[CreatedAt], [a1].[Email], [a1].[EmailConfirmed], [a1].[EmailStellantis], [a1].[FirstName], [a1].[IdStellantis], [a1].[Languages], [a1].[LastName], [a1].[LockoutEnabled], [a1].[LockoutEnd], [a1].[MustChangePassword], [a1].[NormalizedEmail], [a1].[NormalizedUserName], [a1].[PasswordHash], [a1].[PasswordResetCode], [a1].[PasswordResetCodeExpiresAtUtc], [a1].[PhoneNumber], [a1].[PhoneNumberConfirmed], [a1].[ProfilePhotoUrl], [a1].[Role], [a1].[SecurityStamp], [a1].[Status], [a1].[TeamId], [a1].[TwoFactorEnabled], [a1].[UserName]
          FROM [TicketComments] AS [t2]
          INNER JOIN [AspNetUsers] AS [a1] ON [t2].[UserId] = [a1].[Id]
      ) AS [s3] ON [s1].[Id] = [s3].[TicketId]
      ORDER BY [s1].[Id], [s1].[Id0], [s1].[Id1], [s1].[Id2], [s1].[Id3], [s1].[Id4], [t0].[Id], [s2].[Id], [s2].[Id0], [s3].[Id]
info: Microsoft.EntityFrameworkCore.Database.Command[20101]
      Executed DbCommand (7ms) [Parameters=[@CurrentUserId='?' (DbType = Guid)], CommandType='Text', CommandTimeout='30']
      SELECT COUNT(*)
      FROM [Notifications] AS [n]
      WHERE [n].[UserId] = @CurrentUserId AND [n].[Read] = CAST(0 AS bit)
info: Microsoft.EntityFrameworkCore.Database.Command[20101]
      Executed DbCommand (37ms) [Parameters=[@ticketId='?' (Size = 255)], CommandType='Text', CommandTimeout='30']
      SELECT [s].[Id], [s].[AiSuggestedRoute], [s].[ApplicantFirstName], [s].[ApplicantId], [s].[ApplicantLastName], [s].[Application], [s].[AssigneeId], [s].[ClosingDate], [s].[CreatedAtUtc], [s].[Description], [s].[DomainId], [s].[EcrNumber], [s].[EnglishAccepted], [s].[JiraLink], [s].[LastSyncDate], [s].[Level], [s].[ModuleId], [s].[PartNumber], [s].[Priority], [s].[ReactivityDuration], [s].[ReferenceKZ], [s].[ReferenceSTLA], [s].[ResolvedAtUtc], [s].[SiteId], [s].[SlaDeadlineUtc], [s].[SourceSystemId], [s].[Status], [s].[SubModule], [s].[Summary], [s].[Title], [s].[Id0], [s].[ClassifiedDomain], [s].[Confidence], [s].[Summary0], [s].[TicketId], [s0].[Id], [s0].[Score], [s0].[SimilarTicketId], [s0].[TicketId], [s0].[Id0], [s0].[AiSuggestedRoute], [s0].[ApplicantFirstName], [s0].[ApplicantId], [s0].[ApplicantLastName], [s0].[Application], [s0].[AssigneeId], [s0].[ClosingDate], [s0].[CreatedAtUtc], [s0].[Description], [s0].[DomainId], [s0].[EcrNumber], [s0].[EnglishAccepted], [s0].[JiraLink], [s0].[LastSyncDate], [s0].[Level], [s0].[ModuleId], [s0].[PartNumber], [s0].[Priority], [s0].[ReactivityDuration], [s0].[ReferenceKZ], [s0].[ReferenceSTLA], [s0].[ResolvedAtUtc], [s0].[SiteId], [s0].[SlaDeadlineUtc], [s0].[SourceSystemId], [s0].[Status], [s0].[SubModule], [s0].[Summary], [s0].[Title], [s0].[Id1], [s0].[CreatedAtUtc0], [s0].[Description0], [s0].[Name], [s1].[Id], [s1].[NeedsVerification], [s1].[Rank], [s1].[SolutionText], [s1].[SourceTicketRefId], [s1].[TicketId], [s1].[Vote], [s1].[Id0], [s1].[AiSuggestedRoute], [s1].[ApplicantFirstName], [s1].[ApplicantId], [s1].[ApplicantLastName], [s1].[Application], [s1].[AssigneeId], [s1].[ClosingDate], [s1].[CreatedAtUtc], [s1].[Description], [s1].[DomainId], [s1].[EcrNumber], [s1].[EnglishAccepted], [s1].[JiraLink], [s1].[LastSyncDate], [s1].[Level], [s1].[ModuleId], [s1].[PartNumber], [s1].[Priority], [s1].[ReactivityDuration], [s1].[ReferenceKZ], [s1].[ReferenceSTLA], [s1].[ResolvedAtUtc], [s1].[SiteId], [s1].[SlaDeadlineUtc], [s1].[SourceSystemId], [s1].[Status], [s1].[SubModule], [s1].[Summary], [s1].[Title], [a1].[Id], [a1].[Message], [a1].[Role], [a1].[TicketId], [a1].[TimestampUtc]
      FROM (
          SELECT TOP(1) [t].[Id], [t].[AiSuggestedRoute], [t].[ApplicantFirstName], [t].[ApplicantId], [t].[ApplicantLastName], [t].[Application], [t].[AssigneeId], [t].[ClosingDate], [t].[CreatedAtUtc], [t].[Description], [t].[DomainId], [t].[EcrNumber], [t].[EnglishAccepted], [t].[JiraLink], [t].[LastSyncDate], [t].[Level], [t].[ModuleId], [t].[PartNumber], [t].[Priority], [t].[ReactivityDuration], [t].[ReferenceKZ], [t].[ReferenceSTLA], [t].[ResolvedAtUtc], [t].[SiteId], [t].[SlaDeadlineUtc], [t].[SourceSystemId], [t].[Status], [t].[SubModule], [t].[Summary], [t].[Title], [t0].[Id] AS [Id0], [t0].[ClassifiedDomain], [t0].[Confidence], [t0].[Summary] AS [Summary0], [t0].[TicketId]
          FROM [Tickets] AS [t]
          LEFT JOIN [TicketAiMetadata] AS [t0] ON [t].[Id] = [t0].[TicketId]
          WHERE [t].[ReferenceKZ] = @ticketId
      ) AS [s]
      LEFT JOIN (
          SELECT [a].[Id], [a].[Score], [a].[SimilarTicketId], [a].[TicketId], [t1].[Id] AS [Id0], [t1].[AiSuggestedRoute], [t1].[ApplicantFirstName], [t1].[ApplicantId], [t1].[ApplicantLastName], [t1].[Application], [t1].[AssigneeId], [t1].[ClosingDate], [t1].[CreatedAtUtc], [t1].[Description], [t1].[DomainId], [t1].[EcrNumber], [t1].[EnglishAccepted], [t1].[JiraLink], [t1].[LastSyncDate], [t1].[Level], [t1].[ModuleId], [t1].[PartNumber], [t1].[Priority], [t1].[ReactivityDuration], [t1].[ReferenceKZ], [t1].[ReferenceSTLA], [t1].[ResolvedAtUtc], [t1].[SiteId], [t1].[SlaDeadlineUtc], [t1].[SourceSystemId], [t1].[Status], [t1].[SubModule], [t1].[Summary], [t1].[Title], [d].[Id] AS [Id1], [d].[CreatedAtUtc] AS [CreatedAtUtc0], [d].[Description] AS [Description0], [d].[Name]
          FROM [AiSimilarTickets] AS [a]
          INNER JOIN [Tickets] AS [t1] ON [a].[SimilarTicketId] = [t1].[Id]
          LEFT JOIN [Domains] AS [d] ON [t1].[DomainId] = [d].[Id]
      ) AS [s0] ON [s].[Id] = [s0].[TicketId]
      LEFT JOIN (
          SELECT [a0].[Id], [a0].[NeedsVerification], [a0].[Rank], [a0].[SolutionText], [a0].[SourceTicketRefId], [a0].[TicketId], [a0].[Vote], [t2].[Id] AS [Id0], [t2].[AiSuggestedRoute], [t2].[ApplicantFirstName], [t2].[ApplicantId], [t2].[ApplicantLastName], [t2].[Application], [t2].[AssigneeId], [t2].[ClosingDate], [t2].[CreatedAtUtc], [t2].[Description], [t2].[DomainId], [t2].[EcrNumber], [t2].[EnglishAccepted], [t2].[JiraLink], [t2].[LastSyncDate], [t2].[Level], [t2].[ModuleId], [t2].[PartNumber], [t2].[Priority], [t2].[ReactivityDuration], [t2].[ReferenceKZ], [t2].[ReferenceSTLA], [t2].[ResolvedAtUtc], [t2].[SiteId], [t2].[SlaDeadlineUtc], [t2].[SourceSystemId], [t2].[Status], [t2].[SubModule], [t2].[Summary], [t2].[Title]
          FROM [AiSuggestedSolutions] AS [a0]
          LEFT JOIN [Tickets] AS [t2] ON [a0].[SourceTicketRefId] = [t2].[Id]
      ) AS [s1] ON [s].[Id] = [s1].[TicketId]
      LEFT JOIN [AiChatMessages] AS [a1] ON [s].[Id] = [a1].[TicketId]
      ORDER BY [s].[Id], [s].[Id0], [s0].[Id], [s0].[Id0], [s0].[Id1], [s1].[Id], [s1].[Id0]
info: Microsoft.EntityFrameworkCore.Database.Command[20101]
      Executed DbCommand (127ms) [Parameters=[@warningCutoff='?' (DbType = DateTime2)], CommandType='Text', CommandTimeout='30']
      SELECT [t].[Id], [t].[AiSuggestedRoute], [t].[ApplicantFirstName], [t].[ApplicantId], [t].[ApplicantLastName], [t].[Application], [t].[AssigneeId], [t].[ClosingDate], [t].[CreatedAtUtc], [t].[Description], [t].[DomainId], [t].[EcrNumber], [t].[EnglishAccepted], [t].[JiraLink], [t].[LastSyncDate], [t].[Level], [t].[ModuleId], [t].[PartNumber], [t].[Priority], [t].[ReactivityDuration], [t].[ReferenceKZ], [t].[ReferenceSTLA], [t].[ResolvedAtUtc], [t].[SiteId], [t].[SlaDeadlineUtc], [t].[SourceSystemId], [t].[Status], [t].[SubModule], [t].[Summary], [t].[Title]
      FROM [Tickets] AS [t]
      WHERE [t].[AssigneeId] IS NOT NULL AND [t].[Status] IN (1, 2) AND [t].[SlaDeadlineUtc] <= @warningCutoff
info: Microsoft.EntityFrameworkCore.Database.Command[20101]
      Executed DbCommand (4ms) [Parameters=[@_8__locals1_ticket_Id='?' (DbType = Guid), @_8__locals1_ticket_AssigneeId='?' (DbType = Guid), @type='?' (Size = 255)], CommandType='Text', CommandTimeout='30']
      SELECT CASE
          WHEN EXISTS (
              SELECT 1
              FROM [Notifications] AS [n]
              WHERE [n].[TicketId] = @_8__locals1_ticket_Id AND [n].[UserId] = @_8__locals1_ticket_AssigneeId AND [n].[Type] = @type) THEN CAST(1 AS bit)
          ELSE CAST(0 AS bit)
      END
info: Microsoft.EntityFrameworkCore.Database.Command[20101]
      Executed DbCommand (0ms) [Parameters=[@_8__locals1_ticket_Id='?' (DbType = Guid), @_8__locals1_ticket_AssigneeId='?' (DbType = Guid), @type='?' (Size = 255)], CommandType='Text', CommandTimeout='30']
      SELECT CASE
          WHEN EXISTS (
              SELECT 1
              FROM [Notifications] AS [n]
              WHERE [n].[TicketId] = @_8__locals1_ticket_Id AND [n].[UserId] = @_8__locals1_ticket_AssigneeId AND [n].[Type] = @type) THEN CAST(1 AS bit)
          ELSE CAST(0 AS bit)
      END
info: Microsoft.EntityFrameworkCore.Database.Command[20101]
      Executed DbCommand (0ms) [Parameters=[@_8__locals1_ticket_Id='?' (DbType = Guid), @_8__locals1_ticket_AssigneeId='?' (DbType = Guid), @type='?' (Size = 255)], CommandType='Text', CommandTimeout='30']
      SELECT CASE
          WHEN EXISTS (
              SELECT 1
              FROM [Notifications] AS [n]
              WHERE [n].[TicketId] = @_8__locals1_ticket_Id AND [n].[UserId] = @_8__locals1_ticket_AssigneeId AND [n].[Type] = @type) THEN CAST(1 AS bit)
          ELSE CAST(0 AS bit)
      END
info: Microsoft.EntityFrameworkCore.Database.Command[20101]
      Executed DbCommand (0ms) [Parameters=[@_8__locals1_ticket_Id='?' (DbType = Guid), @_8__locals1_ticket_AssigneeId='?' (DbType = Guid), @type='?' (Size = 255)], CommandType='Text', CommandTimeout='30']
      SELECT CASE
          WHEN EXISTS (
              SELECT 1
              FROM [Notifications] AS [n]
              WHERE [n].[TicketId] = @_8__locals1_ticket_Id AND [n].[UserId] = @_8__locals1_ticket_AssigneeId AND [n].[Type] = @type) THEN CAST(1 AS bit)
          ELSE CAST(0 AS bit)
      END
info: Microsoft.EntityFrameworkCore.Database.Command[20101]
      Executed DbCommand (0ms) [Parameters=[@_8__locals1_ticket_Id='?' (DbType = Guid), @_8__locals1_ticket_AssigneeId='?' (DbType = Guid), @type='?' (Size = 255)], CommandType='Text', CommandTimeout='30']
      SELECT CASE
          WHEN EXISTS (
              SELECT 1
              FROM [Notifications] AS [n]
              WHERE [n].[TicketId] = @_8__locals1_ticket_Id AND [n].[UserId] = @_8__locals1_ticket_AssigneeId AND [n].[Type] = @type) THEN CAST(1 AS bit)
          ELSE CAST(0 AS bit)
      END
info: Microsoft.EntityFrameworkCore.Database.Command[20101]
      Executed DbCommand (0ms) [Parameters=[@_8__locals1_ticket_Id='?' (DbType = Guid), @_8__locals1_ticket_AssigneeId='?' (DbType = Guid), @type='?' (Size = 255)], CommandType='Text', CommandTimeout='30']
      SELECT CASE
          WHEN EXISTS (
              SELECT 1
              FROM [Notifications] AS [n]
              WHERE [n].[TicketId] = @_8__locals1_ticket_Id AND [n].[UserId] = @_8__locals1_ticket_AssigneeId AND [n].[Type] = @type) THEN CAST(1 AS bit)
          ELSE CAST(0 AS bit)
      END
info: Microsoft.EntityFrameworkCore.Database.Command[20101]
      Executed DbCommand (0ms) [Parameters=[@_8__locals1_ticket_Id='?' (DbType = Guid), @_8__locals1_ticket_AssigneeId='?' (DbType = Guid), @type='?' (Size = 255)], CommandType='Text', CommandTimeout='30']
      SELECT CASE
          WHEN EXISTS (
              SELECT 1
              FROM [Notifications] AS [n]
              WHERE [n].[TicketId] = @_8__locals1_ticket_Id AND [n].[UserId] = @_8__locals1_ticket_AssigneeId AND [n].[Type] = @type) THEN CAST(1 AS bit)
          ELSE CAST(0 AS bit)
      END
info: Microsoft.EntityFrameworkCore.Database.Command[20101]
      Executed DbCommand (0ms) [Parameters=[@_8__locals1_ticket_Id='?' (DbType = Guid), @_8__locals1_ticket_AssigneeId='?' (DbType = Guid), @type='?' (Size = 255)], CommandType='Text', CommandTimeout='30']
      SELECT CASE
          WHEN EXISTS (
              SELECT 1
              FROM [Notifications] AS [n]
              WHERE [n].[TicketId] = @_8__locals1_ticket_Id AND [n].[UserId] = @_8__locals1_ticket_AssigneeId AND [n].[Type] = @type) THEN CAST(1 AS bit)
          ELSE CAST(0 AS bit)
      END
info: Microsoft.EntityFrameworkCore.Database.Command[20101]
      Executed DbCommand (0ms) [Parameters=[@_8__locals1_ticket_Id='?' (DbType = Guid), @_8__locals1_ticket_AssigneeId='?' (DbType = Guid), @type='?' (Size = 255)], CommandType='Text', CommandTimeout='30']
      SELECT CASE
          WHEN EXISTS (
              SELECT 1
              FROM [Notifications] AS [n]
              WHERE [n].[TicketId] = @_8__locals1_ticket_Id AND [n].[UserId] = @_8__locals1_ticket_AssigneeId AND [n].[Type] = @type) THEN CAST(1 AS bit)
          ELSE CAST(0 AS bit)
      END
info: Microsoft.EntityFrameworkCore.Database.Command[20101]
      Executed DbCommand (0ms) [Parameters=[@_8__locals1_ticket_Id='?' (DbType = Guid), @_8__locals1_ticket_AssigneeId='?' (DbType = Guid), @type='?' (Size = 255)], CommandType='Text', CommandTimeout='30']
      SELECT CASE
          WHEN EXISTS (
              SELECT 1
              FROM [Notifications] AS [n]
              WHERE [n].[TicketId] = @_8__locals1_ticket_Id AND [n].[UserId] = @_8__locals1_ticket_AssigneeId AND [n].[Type] = @type) THEN CAST(1 AS bit)
          ELSE CAST(0 AS bit)
      END
info: Microsoft.EntityFrameworkCore.Database.Command[20101]
      Executed DbCommand (0ms) [Parameters=[@_8__locals1_ticket_Id='?' (DbType = Guid), @_8__locals1_ticket_AssigneeId='?' (DbType = Guid), @type='?' (Size = 255)], CommandType='Text', CommandTimeout='30']
      SELECT CASE
          WHEN EXISTS (
              SELECT 1
              FROM [Notifications] AS [n]
              WHERE [n].[TicketId] = @_8__locals1_ticket_Id AND [n].[UserId] = @_8__locals1_ticket_AssigneeId AND [n].[Type] = @type) THEN CAST(1 AS bit)
          ELSE CAST(0 AS bit)
      END
info: Microsoft.EntityFrameworkCore.Database.Command[20101]
      Executed DbCommand (0ms) [Parameters=[@_8__locals1_ticket_Id='?' (DbType = Guid), @_8__locals1_ticket_AssigneeId='?' (DbType = Guid), @type='?' (Size = 255)], CommandType='Text', CommandTimeout='30']
      SELECT CASE
          WHEN EXISTS (
              SELECT 1
              FROM [Notifications] AS [n]
              WHERE [n].[TicketId] = @_8__locals1_ticket_Id AND [n].[UserId] = @_8__locals1_ticket_AssigneeId AND [n].[Type] = @type) THEN CAST(1 AS bit)
          ELSE CAST(0 AS bit)
      END
info: Microsoft.EntityFrameworkCore.Database.Command[20101]
      Executed DbCommand (0ms) [Parameters=[@_8__locals1_ticket_Id='?' (DbType = Guid), @_8__locals1_ticket_AssigneeId='?' (DbType = Guid), @type='?' (Size = 255)], CommandType='Text', CommandTimeout='30']
      SELECT CASE
          WHEN EXISTS (
              SELECT 1
              FROM [Notifications] AS [n]
              WHERE [n].[TicketId] = @_8__locals1_ticket_Id AND [n].[UserId] = @_8__locals1_ticket_AssigneeId AND [n].[Type] = @type) THEN CAST(1 AS bit)
          ELSE CAST(0 AS bit)
      END
info: Microsoft.EntityFrameworkCore.Database.Command[20101]
      Executed DbCommand (0ms) [Parameters=[@_8__locals1_ticket_Id='?' (DbType = Guid), @_8__locals1_ticket_AssigneeId='?' (DbType = Guid), @type='?' (Size = 255)], CommandType='Text', CommandTimeout='30']
      SELECT CASE
          WHEN EXISTS (
              SELECT 1
              FROM [Notifications] AS [n]
              WHERE [n].[TicketId] = @_8__locals1_ticket_Id AND [n].[UserId] = @_8__locals1_ticket_AssigneeId AND [n].[Type] = @type) THEN CAST(1 AS bit)
          ELSE CAST(0 AS bit)
      END
info: Microsoft.EntityFrameworkCore.Database.Command[20101]
      Executed DbCommand (0ms) [Parameters=[@_8__locals1_ticket_Id='?' (DbType = Guid), @_8__locals1_ticket_AssigneeId='?' (DbType = Guid), @type='?' (Size = 255)], CommandType='Text', CommandTimeout='30']
      SELECT CASE
          WHEN EXISTS (
              SELECT 1
              FROM [Notifications] AS [n]
              WHERE [n].[TicketId] = @_8__locals1_ticket_Id AND [n].[UserId] = @_8__locals1_ticket_AssigneeId AND [n].[Type] = @type) THEN CAST(1 AS bit)
          ELSE CAST(0 AS bit)
      END
info: Microsoft.EntityFrameworkCore.Database.Command[20101]
      Executed DbCommand (0ms) [Parameters=[@_8__locals1_ticket_Id='?' (DbType = Guid), @_8__locals1_ticket_AssigneeId='?' (DbType = Guid), @type='?' (Size = 255)], CommandType='Text', CommandTimeout='30']
      SELECT CASE
          WHEN EXISTS (
              SELECT 1
              FROM [Notifications] AS [n]
              WHERE [n].[TicketId] = @_8__locals1_ticket_Id AND [n].[UserId] = @_8__locals1_ticket_AssigneeId AND [n].[Type] = @type) THEN CAST(1 AS bit)
          ELSE CAST(0 AS bit)
      END
info: Microsoft.EntityFrameworkCore.Database.Command[20101]
      Executed DbCommand (0ms) [Parameters=[@_8__locals1_ticket_Id='?' (DbType = Guid), @_8__locals1_ticket_AssigneeId='?' (DbType = Guid), @type='?' (Size = 255)], CommandType='Text', CommandTimeout='30']
      SELECT CASE
          WHEN EXISTS (
              SELECT 1
              FROM [Notifications] AS [n]
              WHERE [n].[TicketId] = @_8__locals1_ticket_Id AND [n].[UserId] = @_8__locals1_ticket_AssigneeId AND [n].[Type] = @type) THEN CAST(1 AS bit)
          ELSE CAST(0 AS bit)
      END
info: Microsoft.EntityFrameworkCore.Database.Command[20101]
      Executed DbCommand (0ms) [Parameters=[@_8__locals1_ticket_Id='?' (DbType = Guid), @_8__locals1_ticket_AssigneeId='?' (DbType = Guid), @type='?' (Size = 255)], CommandType='Text', CommandTimeout='30']
      SELECT CASE
          WHEN EXISTS (
              SELECT 1
              FROM [Notifications] AS [n]
              WHERE [n].[TicketId] = @_8__locals1_ticket_Id AND [n].[UserId] = @_8__locals1_ticket_AssigneeId AND [n].[Type] = @type) THEN CAST(1 AS bit)
          ELSE CAST(0 AS bit)
      END
info: Microsoft.EntityFrameworkCore.Database.Command[20101]
      Executed DbCommand (0ms) [Parameters=[@_8__locals1_ticket_Id='?' (DbType = Guid), @_8__locals1_ticket_AssigneeId='?' (DbType = Guid), @type='?' (Size = 255)], CommandType='Text', CommandTimeout='30']
      SELECT CASE
          WHEN EXISTS (
              SELECT 1
              FROM [Notifications] AS [n]
              WHERE [n].[TicketId] = @_8__locals1_ticket_Id AND [n].[UserId] = @_8__locals1_ticket_AssigneeId AND [n].[Type] = @type) THEN CAST(1 AS bit)
          ELSE CAST(0 AS bit)
      END
info: Microsoft.EntityFrameworkCore.Database.Command[20101]
      Executed DbCommand (0ms) [Parameters=[@_8__locals1_ticket_Id='?' (DbType = Guid), @_8__locals1_ticket_AssigneeId='?' (DbType = Guid), @type='?' (Size = 255)], CommandType='Text', CommandTimeout='30']
      SELECT CASE
          WHEN EXISTS (
              SELECT 1
              FROM [Notifications] AS [n]
              WHERE [n].[TicketId] = @_8__locals1_ticket_Id AND [n].[UserId] = @_8__locals1_ticket_AssigneeId AND [n].[Type] = @type) THEN CAST(1 AS bit)
          ELSE CAST(0 AS bit)
      END
info: Microsoft.EntityFrameworkCore.Database.Command[20101]
      Executed DbCommand (0ms) [Parameters=[@_8__locals1_ticket_Id='?' (DbType = Guid), @_8__locals1_ticket_AssigneeId='?' (DbType = Guid), @type='?' (Size = 255)], CommandType='Text', CommandTimeout='30']
      SELECT CASE
          WHEN EXISTS (
              SELECT 1
              FROM [Notifications] AS [n]
              WHERE [n].[TicketId] = @_8__locals1_ticket_Id AND [n].[UserId] = @_8__locals1_ticket_AssigneeId AND [n].[Type] = @type) THEN CAST(1 AS bit)
          ELSE CAST(0 AS bit)
      END
info: Microsoft.EntityFrameworkCore.Database.Command[20101]
      Executed DbCommand (0ms) [Parameters=[@_8__locals1_ticket_Id='?' (DbType = Guid), @_8__locals1_ticket_AssigneeId='?' (DbType = Guid), @type='?' (Size = 255)], CommandType='Text', CommandTimeout='30']
      SELECT CASE
          WHEN EXISTS (
              SELECT 1
              FROM [Notifications] AS [n]
              WHERE [n].[TicketId] = @_8__locals1_ticket_Id AND [n].[UserId] = @_8__locals1_ticket_AssigneeId AND [n].[Type] = @type) THEN CAST(1 AS bit)
          ELSE CAST(0 AS bit)
      END
info: Microsoft.EntityFrameworkCore.Database.Command[20101]
      Executed DbCommand (0ms) [Parameters=[@_8__locals1_ticket_Id='?' (DbType = Guid), @_8__locals1_ticket_AssigneeId='?' (DbType = Guid), @type='?' (Size = 255)], CommandType='Text', CommandTimeout='30']
      SELECT CASE
          WHEN EXISTS (
              SELECT 1
              FROM [Notifications] AS [n]
              WHERE [n].[TicketId] = @_8__locals1_ticket_Id AND [n].[UserId] = @_8__locals1_ticket_AssigneeId AND [n].[Type] = @type) THEN CAST(1 AS bit)
          ELSE CAST(0 AS bit)
      END
info: Microsoft.EntityFrameworkCore.Database.Command[20101]
      Executed DbCommand (10ms) [Parameters=[@p0='?' (DbType = Guid), @p1='?' (DbType = DateTime2), @p2='?' (Size = 4000), @p3='?' (DbType = Boolean), @p4='?' (DbType = Guid), @p5='?' (Size = 255), @p6='?' (DbType = Guid)], CommandType='Text', CommandTimeout='30']
      SET IMPLICIT_TRANSACTIONS OFF;
      SET NOCOUNT ON;
      INSERT INTO [Notifications] ([Id], [CreatedAtUtc], [Message], [Read], [TicketId], [Type], [UserId])
      VALUES (@p0, @p1, @p2, @p3, @p4, @p5, @p6);
info: Sparks.Api.Services.SlaMonitorService[0]
      SLA monitor created 1 notification(s).
info: Microsoft.EntityFrameworkCore.Database.Command[20101]
      Executed DbCommand (14ms) [Parameters=[@CurrentUserId='?' (DbType = Guid)], CommandType='Text', CommandTimeout='30']
      SELECT COUNT(*)
      FROM [Notifications] AS [n]
      WHERE [n].[UserId] = @CurrentUserId AND [n].[Read] = CAST(0 AS bit)
info: Microsoft.EntityFrameworkCore.Database.Command[20101]
      Executed DbCommand (12ms) [Parameters=[@userId='?' (DbType = Guid), @todayUtc='?' (DbType = DateTime2)], CommandType='Text', CommandTimeout='30']
      SELECT COUNT(*)
      FROM [Tickets] AS [t]
      WHERE [t].[AssigneeId] = @userId AND [t].[ResolvedAtUtc] IS NOT NULL AND CONVERT(date, [t].[ResolvedAtUtc]) = @todayUtc
info: Microsoft.EntityFrameworkCore.Database.Command[20101]
      Executed DbCommand (18ms) [Parameters=[], CommandType='Text', CommandTimeout='30']
      SELECT [t].[Id], [t].[AiSuggestedRoute], [t].[ApplicantFirstName], [t].[ApplicantId], [t].[ApplicantLastName], [t].[Application], [t].[AssigneeId], [t].[ClosingDate], [t].[CreatedAtUtc], [t].[Description], [t].[DomainId], [t].[EcrNumber], [t].[EnglishAccepted], [t].[JiraLink], [t].[LastSyncDate], [t].[Level], [t].[ModuleId], [t].[PartNumber], [t].[Priority], [t].[ReactivityDuration], [t].[ReferenceKZ], [t].[ReferenceSTLA], [t].[ResolvedAtUtc], [t].[SiteId], [t].[SlaDeadlineUtc], [t].[SourceSystemId], [t].[Status], [t].[SubModule], [t].[Summary], [t].[Title], [d].[Id], [d].[CreatedAtUtc], [d].[Description], [d].[Name], [s].[Id], [s].[ApiEndpoint], [s].[CreatedAtUtc], [s].[LastImportDate], [s].[Name]
      FROM [Tickets] AS [t]
      LEFT JOIN [Domains] AS [d] ON [t].[DomainId] = [d].[Id]
      INNER JOIN [SourceSystems] AS [s] ON [t].[SourceSystemId] = [s].[Id]
      WHERE [t].[Status] = 0 AND [t].[AssigneeId] IS NULL
      ORDER BY [t].[CreatedAtUtc] DESC
info: Microsoft.EntityFrameworkCore.Database.Command[20101]
      Executed DbCommand (15ms) [Parameters=[@userId='?' (DbType = Guid)], CommandType='Text', CommandTimeout='30']
      SELECT [t].[Id], [t].[AiSuggestedRoute], [t].[ApplicantFirstName], [t].[ApplicantId], [t].[ApplicantLastName], [t].[Application], [t].[AssigneeId], [t].[ClosingDate], [t].[CreatedAtUtc], [t].[Description], [t].[DomainId], [t].[EcrNumber], [t].[EnglishAccepted], [t].[JiraLink], [t].[LastSyncDate], [t].[Level], [t].[ModuleId], [t].[PartNumber], [t].[Priority], [t].[ReactivityDuration], [t].[ReferenceKZ], [t].[ReferenceSTLA], [t].[ResolvedAtUtc], [t].[SiteId], [t].[SlaDeadlineUtc], [t].[SourceSystemId], [t].[Status], [t].[SubModule], [t].[Summary], [t].[Title], [d].[Id], [d].[CreatedAtUtc], [d].[Description], [d].[Name], [s].[Id], [s].[ApiEndpoint], [s].[CreatedAtUtc], [s].[LastImportDate], [s].[Name]
      FROM [Tickets] AS [t]
      LEFT JOIN [Domains] AS [d] ON [t].[DomainId] = [d].[Id]
      INNER JOIN [SourceSystems] AS [s] ON [t].[SourceSystemId] = [s].[Id]
      WHERE [t].[AssigneeId] = @userId AND [t].[Status] NOT IN (4, 5)
      ORDER BY [t].[CreatedAtUtc] DESC
info: Microsoft.EntityFrameworkCore.Database.Command[20101]
      Executed DbCommand (8ms) [Parameters=[], CommandType='Text', CommandTimeout='30']
      SELECT COUNT(*)
      FROM [Tickets] AS [t]
info: Microsoft.EntityFrameworkCore.Database.Command[20101]
      Executed DbCommand (9ms) [Parameters=[@userId='?' (DbType = Guid)], CommandType='Text', CommandTimeout='30']
      SELECT CAST(DATEDIFF(minute, [t].[CreatedAtUtc], [t].[ResolvedAtUtc]) AS float) / 60.0E0
      FROM [Tickets] AS [t]
      WHERE [t].[AssigneeId] = @userId AND [t].[ResolvedAtUtc] IS NOT NULL
info: Microsoft.EntityFrameworkCore.Database.Command[20101]
      Executed DbCommand (10ms) [Parameters=[@p='?' (DbType = Int32), @p1='?' (DbType = Int32)], CommandType='Text', CommandTimeout='30']
      SELECT [t0].[Id], [t0].[AiSuggestedRoute], [t0].[ApplicantFirstName], [t0].[ApplicantId], [t0].[ApplicantLastName], [t0].[Application], [t0].[AssigneeId], [t0].[ClosingDate], [t0].[CreatedAtUtc], [t0].[Description], [t0].[DomainId], [t0].[EcrNumber], [t0].[EnglishAccepted], [t0].[JiraLink], [t0].[LastSyncDate], [t0].[Level], [t0].[ModuleId], [t0].[PartNumber], [t0].[Priority], [t0].[ReactivityDuration], [t0].[ReferenceKZ], [t0].[ReferenceSTLA], [t0].[ResolvedAtUtc], [t0].[SiteId], [t0].[SlaDeadlineUtc], [t0].[SourceSystemId], [t0].[Status], [t0].[SubModule], [t0].[Summary], [t0].[Title], [d].[Id], [d].[CreatedAtUtc], [d].[Description], [d].[Name], [s].[Id], [s].[ApiEndpoint], [s].[CreatedAtUtc], [s].[LastImportDate], [s].[Name]
      FROM (
          SELECT [t].[Id], [t].[AiSuggestedRoute], [t].[ApplicantFirstName], [t].[ApplicantId], [t].[ApplicantLastName], [t].[Application], [t].[AssigneeId], [t].[ClosingDate], [t].[CreatedAtUtc], [t].[Description], [t].[DomainId], [t].[EcrNumber], [t].[EnglishAccepted], [t].[JiraLink], [t].[LastSyncDate], [t].[Level], [t].[ModuleId], [t].[PartNumber], [t].[Priority], [t].[ReactivityDuration], [t].[ReferenceKZ], [t].[ReferenceSTLA], [t].[ResolvedAtUtc], [t].[SiteId], [t].[SlaDeadlineUtc], [t].[SourceSystemId], [t].[Status], [t].[SubModule], [t].[Summary], [t].[Title]
          FROM [Tickets] AS [t]
          ORDER BY [t].[CreatedAtUtc] DESC
          OFFSET @p ROWS FETCH NEXT @p1 ROWS ONLY
      ) AS [t0]
      LEFT JOIN [Domains] AS [d] ON [t0].[DomainId] = [d].[Id]
      INNER JOIN [SourceSystems] AS [s] ON [t0].[SourceSystemId] = [s].[Id]
      ORDER BY [t0].[CreatedAtUtc] DESC
info: Microsoft.EntityFrameworkCore.Database.Command[20101]
      Executed DbCommand (4ms) [Parameters=[@CurrentUserId='?' (DbType = Guid)], CommandType='Text', CommandTimeout='30']
      SELECT COUNT(*)
      FROM [Notifications] AS [n]
      WHERE [n].[UserId] = @CurrentUserId AND [n].[Read] = CAST(0 AS bit)
info: Microsoft.EntityFrameworkCore.Database.Command[20101]
      Executed DbCommand (1ms) [Parameters=[@CurrentUserId='?' (DbType = Guid)], CommandType='Text', CommandTimeout='30']
      SELECT COUNT(*)
      FROM [Notifications] AS [n]
      WHERE [n].[UserId] = @CurrentUserId AND [n].[Read] = CAST(0 AS bit)
info: Microsoft.EntityFrameworkCore.Database.Command[20101]
      Executed DbCommand (6ms) [Parameters=[@p='?' (DbType = Int32), @CurrentUserId='?' (DbType = Guid)], CommandType='Text', CommandTimeout='30']
      SELECT [n0].[Id], [n0].[CreatedAtUtc], [n0].[Message], [n0].[Read], [n0].[TicketId], [n0].[Type], [n0].[UserId], [t].[Id], [t].[AiSuggestedRoute], [t].[ApplicantFirstName], [t].[ApplicantId], [t].[ApplicantLastName], [t].[Application], [t].[AssigneeId], [t].[ClosingDate], [t].[CreatedAtUtc], [t].[Description], [t].[DomainId], [t].[EcrNumber], [t].[EnglishAccepted], [t].[JiraLink], [t].[LastSyncDate], [t].[Level], [t].[ModuleId], [t].[PartNumber], [t].[Priority], [t].[ReactivityDuration], [t].[ReferenceKZ], [t].[ReferenceSTLA], [t].[ResolvedAtUtc], [t].[SiteId], [t].[SlaDeadlineUtc], [t].[SourceSystemId], [t].[Status], [t].[SubModule], [t].[Summary], [t].[Title]
      FROM (
          SELECT TOP(@p) [n].[Id], [n].[CreatedAtUtc], [n].[Message], [n].[Read], [n].[TicketId], [n].[Type], [n].[UserId]
          FROM [Notifications] AS [n]
          WHERE [n].[UserId] = @CurrentUserId
          ORDER BY [n].[CreatedAtUtc] DESC
      ) AS [n0]
      LEFT JOIN [Tickets] AS [t] ON [n0].[TicketId] = [t].[Id]
      ORDER BY [n0].[CreatedAtUtc] DESC
info: Microsoft.EntityFrameworkCore.Database.Command[20101]
      Executed DbCommand (1ms) [Parameters=[@CurrentUserId='?' (DbType = Guid)], CommandType='Text', CommandTimeout='30']
      SELECT COUNT(*)
      FROM [Notifications] AS [n]
      WHERE [n].[UserId] = @CurrentUserId AND [n].[Read] = CAST(0 AS bit)
info: Microsoft.EntityFrameworkCore.Database.Command[20101]
      Executed DbCommand (10ms) [Parameters=[@userId='?' (DbType = Guid)], CommandType='Text', CommandTimeout='30']
      SELECT [t].[Id], [t].[AiSuggestedRoute], [t].[ApplicantFirstName], [t].[ApplicantId], [t].[ApplicantLastName], [t].[Application], [t].[AssigneeId], [t].[ClosingDate], [t].[CreatedAtUtc], [t].[Description], [t].[DomainId], [t].[EcrNumber], [t].[EnglishAccepted], [t].[JiraLink], [t].[LastSyncDate], [t].[Level], [t].[ModuleId], [t].[PartNumber], [t].[Priority], [t].[ReactivityDuration], [t].[ReferenceKZ], [t].[ReferenceSTLA], [t].[ResolvedAtUtc], [t].[SiteId], [t].[SlaDeadlineUtc], [t].[SourceSystemId], [t].[Status], [t].[SubModule], [t].[Summary], [t].[Title], [d].[Id], [d].[CreatedAtUtc], [d].[Description], [d].[Name], [s].[Id], [s].[ApiEndpoint], [s].[CreatedAtUtc], [s].[LastImportDate], [s].[Name]
      FROM [Tickets] AS [t]
      LEFT JOIN [Domains] AS [d] ON [t].[DomainId] = [d].[Id]
      INNER JOIN [SourceSystems] AS [s] ON [t].[SourceSystemId] = [s].[Id]
      WHERE [t].[AssigneeId] = @userId
      ORDER BY [t].[CreatedAtUtc] DESC
info: Microsoft.EntityFrameworkCore.Database.Command[20101]
      Executed DbCommand (14ms) [Parameters=[@userId='?' (DbType = Guid)], CommandType='Text', CommandTimeout='30']
      SELECT [t].[Status]
      FROM [Tickets] AS [t]
      WHERE [t].[AssigneeId] = @userId
info: Microsoft.EntityFrameworkCore.Database.Command[20101]
      Executed DbCommand (14ms) [Parameters=[], CommandType='Text', CommandTimeout='30']
      SELECT [t].[Id], [t].[AiSuggestedRoute], [t].[ApplicantFirstName], [t].[ApplicantId], [t].[ApplicantLastName], [t].[Application], [t].[AssigneeId], [t].[ClosingDate], [t].[CreatedAtUtc], [t].[Description], [t].[DomainId], [t].[EcrNumber], [t].[EnglishAccepted], [t].[JiraLink], [t].[LastSyncDate], [t].[Level], [t].[ModuleId], [t].[PartNumber], [t].[Priority], [t].[ReactivityDuration], [t].[ReferenceKZ], [t].[ReferenceSTLA], [t].[ResolvedAtUtc], [t].[SiteId], [t].[SlaDeadlineUtc], [t].[SourceSystemId], [t].[Status], [t].[SubModule], [t].[Summary], [t].[Title], [d].[Id], [d].[CreatedAtUtc], [d].[Description], [d].[Name], [s].[Id], [s].[ApiEndpoint], [s].[CreatedAtUtc], [s].[LastImportDate], [s].[Name]
      FROM [Tickets] AS [t]
      LEFT JOIN [Domains] AS [d] ON [t].[DomainId] = [d].[Id]
      INNER JOIN [SourceSystems] AS [s] ON [t].[SourceSystemId] = [s].[Id]
      WHERE [t].[Status] = 0 AND [t].[AssigneeId] IS NULL
      ORDER BY [t].[CreatedAtUtc] DESC
info: Microsoft.EntityFrameworkCore.Database.Command[20101]
      Executed DbCommand (7ms) [Parameters=[@CurrentUserId='?' (DbType = Guid)], CommandType='Text', CommandTimeout='30']
      SELECT COUNT(*)
      FROM [Notifications] AS [n]
      WHERE [n].[UserId] = @CurrentUserId AND [n].[Read] = CAST(0 AS bit)
info: Microsoft.EntityFrameworkCore.Database.Command[20101]
      Executed DbCommand (4ms) [Parameters=[], CommandType='Text', CommandTimeout='30']
      SELECT COUNT(*)
      FROM [Tickets] AS [t]
info: Microsoft.EntityFrameworkCore.Database.Command[20101]
      Executed DbCommand (16ms) [Parameters=[@userId='?' (DbType = Guid), @todayUtc='?' (DbType = DateTime2)], CommandType='Text', CommandTimeout='30']
      SELECT COUNT(*)
      FROM [Tickets] AS [t]
      WHERE [t].[AssigneeId] = @userId AND [t].[ResolvedAtUtc] IS NOT NULL AND CONVERT(date, [t].[ResolvedAtUtc]) = @todayUtc
info: Microsoft.EntityFrameworkCore.Database.Command[20101]
      Executed DbCommand (5ms) [Parameters=[@userId='?' (DbType = Guid)], CommandType='Text', CommandTimeout='30']
      SELECT CAST(DATEDIFF(minute, [t].[CreatedAtUtc], [t].[ResolvedAtUtc]) AS float) / 60.0E0
      FROM [Tickets] AS [t]
      WHERE [t].[AssigneeId] = @userId AND [t].[ResolvedAtUtc] IS NOT NULL
info: Microsoft.EntityFrameworkCore.Database.Command[20101]
      Executed DbCommand (9ms) [Parameters=[@p='?' (DbType = Int32), @p1='?' (DbType = Int32)], CommandType='Text', CommandTimeout='30']
      SELECT [t0].[Id], [t0].[AiSuggestedRoute], [t0].[ApplicantFirstName], [t0].[ApplicantId], [t0].[ApplicantLastName], [t0].[Application], [t0].[AssigneeId], [t0].[ClosingDate], [t0].[CreatedAtUtc], [t0].[Description], [t0].[DomainId], [t0].[EcrNumber], [t0].[EnglishAccepted], [t0].[JiraLink], [t0].[LastSyncDate], [t0].[Level], [t0].[ModuleId], [t0].[PartNumber], [t0].[Priority], [t0].[ReactivityDuration], [t0].[ReferenceKZ], [t0].[ReferenceSTLA], [t0].[ResolvedAtUtc], [t0].[SiteId], [t0].[SlaDeadlineUtc], [t0].[SourceSystemId], [t0].[Status], [t0].[SubModule], [t0].[Summary], [t0].[Title], [d].[Id], [d].[CreatedAtUtc], [d].[Description], [d].[Name], [s].[Id], [s].[ApiEndpoint], [s].[CreatedAtUtc], [s].[LastImportDate], [s].[Name]
      FROM (
          SELECT [t].[Id], [t].[AiSuggestedRoute], [t].[ApplicantFirstName], [t].[ApplicantId], [t].[ApplicantLastName], [t].[Application], [t].[AssigneeId], [t].[ClosingDate], [t].[CreatedAtUtc], [t].[Description], [t].[DomainId], [t].[EcrNumber], [t].[EnglishAccepted], [t].[JiraLink], [t].[LastSyncDate], [t].[Level], [t].[ModuleId], [t].[PartNumber], [t].[Priority], [t].[ReactivityDuration], [t].[ReferenceKZ], [t].[ReferenceSTLA], [t].[ResolvedAtUtc], [t].[SiteId], [t].[SlaDeadlineUtc], [t].[SourceSystemId], [t].[Status], [t].[SubModule], [t].[Summary], [t].[Title]
          FROM [Tickets] AS [t]
          ORDER BY [t].[CreatedAtUtc] DESC
          OFFSET @p ROWS FETCH NEXT @p1 ROWS ONLY
      ) AS [t0]
      LEFT JOIN [Domains] AS [d] ON [t0].[DomainId] = [d].[Id]
      INNER JOIN [SourceSystems] AS [s] ON [t0].[SourceSystemId] = [s].[Id]
      ORDER BY [t0].[CreatedAtUtc] DESC
info: Microsoft.EntityFrameworkCore.Database.Command[20101]
      Executed DbCommand (32ms) [Parameters=[@userId='?' (DbType = Guid)], CommandType='Text', CommandTimeout='30']
      SELECT [t].[Id], [t].[AiSuggestedRoute], [t].[ApplicantFirstName], [t].[ApplicantId], [t].[ApplicantLastName], [t].[Application], [t].[AssigneeId], [t].[ClosingDate], [t].[CreatedAtUtc], [t].[Description], [t].[DomainId], [t].[EcrNumber], [t].[EnglishAccepted], [t].[JiraLink], [t].[LastSyncDate], [t].[Level], [t].[ModuleId], [t].[PartNumber], [t].[Priority], [t].[ReactivityDuration], [t].[ReferenceKZ], [t].[ReferenceSTLA], [t].[ResolvedAtUtc], [t].[SiteId], [t].[SlaDeadlineUtc], [t].[SourceSystemId], [t].[Status], [t].[SubModule], [t].[Summary], [t].[Title], [d].[Id], [d].[CreatedAtUtc], [d].[Description], [d].[Name], [s].[Id], [s].[ApiEndpoint], [s].[CreatedAtUtc], [s].[LastImportDate], [s].[Name]
      FROM [Tickets] AS [t]
      LEFT JOIN [Domains] AS [d] ON [t].[DomainId] = [d].[Id]
      INNER JOIN [SourceSystems] AS [s] ON [t].[SourceSystemId] = [s].[Id]
      WHERE [t].[AssigneeId] = @userId AND [t].[Status] NOT IN (4, 5)
      ORDER BY [t].[CreatedAtUtc] DESC
info: Microsoft.EntityFrameworkCore.Database.Command[20101]
      Executed DbCommand (33ms) [Parameters=[], CommandType='Text', CommandTimeout='30']
      SELECT [t].[Id], [t].[AiSuggestedRoute], [t].[ApplicantFirstName], [t].[ApplicantId], [t].[ApplicantLastName], [t].[Application], [t].[AssigneeId], [t].[ClosingDate], [t].[CreatedAtUtc], [t].[Description], [t].[DomainId], [t].[EcrNumber], [t].[EnglishAccepted], [t].[JiraLink], [t].[LastSyncDate], [t].[Level], [t].[ModuleId], [t].[PartNumber], [t].[Priority], [t].[ReactivityDuration], [t].[ReferenceKZ], [t].[ReferenceSTLA], [t].[ResolvedAtUtc], [t].[SiteId], [t].[SlaDeadlineUtc], [t].[SourceSystemId], [t].[Status], [t].[SubModule], [t].[Summary], [t].[Title], [d].[Id], [d].[CreatedAtUtc], [d].[Description], [d].[Name], [s].[Id], [s].[ApiEndpoint], [s].[CreatedAtUtc], [s].[LastImportDate], [s].[Name]
      FROM [Tickets] AS [t]
      LEFT JOIN [Domains] AS [d] ON [t].[DomainId] = [d].[Id]
      INNER JOIN [SourceSystems] AS [s] ON [t].[SourceSystemId] = [s].[Id]
      WHERE [t].[Status] = 0 AND [t].[AssigneeId] IS NULL
      ORDER BY [t].[CreatedAtUtc] DESC
info: Microsoft.EntityFrameworkCore.Database.Command[20101]
      Executed DbCommand (34ms) [Parameters=[@warningCutoff='?' (DbType = DateTime2)], CommandType='Text', CommandTimeout='30']
      SELECT [t].[Id], [t].[AiSuggestedRoute], [t].[ApplicantFirstName], [t].[ApplicantId], [t].[ApplicantLastName], [t].[Application], [t].[AssigneeId], [t].[ClosingDate], [t].[CreatedAtUtc], [t].[Description], [t].[DomainId], [t].[EcrNumber], [t].[EnglishAccepted], [t].[JiraLink], [t].[LastSyncDate], [t].[Level], [t].[ModuleId], [t].[PartNumber], [t].[Priority], [t].[ReactivityDuration], [t].[ReferenceKZ], [t].[ReferenceSTLA], [t].[ResolvedAtUtc], [t].[SiteId], [t].[SlaDeadlineUtc], [t].[SourceSystemId], [t].[Status], [t].[SubModule], [t].[Summary], [t].[Title]
      FROM [Tickets] AS [t]
      WHERE [t].[AssigneeId] IS NOT NULL AND [t].[Status] IN (1, 2) AND [t].[SlaDeadlineUtc] <= @warningCutoff
info: Microsoft.EntityFrameworkCore.Database.Command[20101]
      Executed DbCommand (10ms) [Parameters=[@_8__locals1_ticket_Id='?' (DbType = Guid), @_8__locals1_ticket_AssigneeId='?' (DbType = Guid), @type='?' (Size = 255)], CommandType='Text', CommandTimeout='30']
      SELECT CASE
          WHEN EXISTS (
              SELECT 1
              FROM [Notifications] AS [n]
              WHERE [n].[TicketId] = @_8__locals1_ticket_Id AND [n].[UserId] = @_8__locals1_ticket_AssigneeId AND [n].[Type] = @type) THEN CAST(1 AS bit)
          ELSE CAST(0 AS bit)
      END
info: Microsoft.EntityFrameworkCore.Database.Command[20101]
      Executed DbCommand (1ms) [Parameters=[@_8__locals1_ticket_Id='?' (DbType = Guid), @_8__locals1_ticket_AssigneeId='?' (DbType = Guid), @type='?' (Size = 255)], CommandType='Text', CommandTimeout='30']
      SELECT CASE
          WHEN EXISTS (
              SELECT 1
              FROM [Notifications] AS [n]
              WHERE [n].[TicketId] = @_8__locals1_ticket_Id AND [n].[UserId] = @_8__locals1_ticket_AssigneeId AND [n].[Type] = @type) THEN CAST(1 AS bit)
          ELSE CAST(0 AS bit)
      END
info: Microsoft.EntityFrameworkCore.Database.Command[20101]
      Executed DbCommand (0ms) [Parameters=[@_8__locals1_ticket_Id='?' (DbType = Guid), @_8__locals1_ticket_AssigneeId='?' (DbType = Guid), @type='?' (Size = 255)], CommandType='Text', CommandTimeout='30']
      SELECT CASE
          WHEN EXISTS (
              SELECT 1
              FROM [Notifications] AS [n]
              WHERE [n].[TicketId] = @_8__locals1_ticket_Id AND [n].[UserId] = @_8__locals1_ticket_AssigneeId AND [n].[Type] = @type) THEN CAST(1 AS bit)
          ELSE CAST(0 AS bit)
      END
info: Microsoft.EntityFrameworkCore.Database.Command[20101]
      Executed DbCommand (0ms) [Parameters=[@_8__locals1_ticket_Id='?' (DbType = Guid), @_8__locals1_ticket_AssigneeId='?' (DbType = Guid), @type='?' (Size = 255)], CommandType='Text', CommandTimeout='30']
      SELECT CASE
          WHEN EXISTS (
              SELECT 1
              FROM [Notifications] AS [n]
              WHERE [n].[TicketId] = @_8__locals1_ticket_Id AND [n].[UserId] = @_8__locals1_ticket_AssigneeId AND [n].[Type] = @type) THEN CAST(1 AS bit)
          ELSE CAST(0 AS bit)
      END
info: Microsoft.EntityFrameworkCore.Database.Command[20101]
      Executed DbCommand (0ms) [Parameters=[@_8__locals1_ticket_Id='?' (DbType = Guid), @_8__locals1_ticket_AssigneeId='?' (DbType = Guid), @type='?' (Size = 255)], CommandType='Text', CommandTimeout='30']
      SELECT CASE
          WHEN EXISTS (
              SELECT 1
              FROM [Notifications] AS [n]
              WHERE [n].[TicketId] = @_8__locals1_ticket_Id AND [n].[UserId] = @_8__locals1_ticket_AssigneeId AND [n].[Type] = @type) THEN CAST(1 AS bit)
          ELSE CAST(0 AS bit)
      END
info: Microsoft.EntityFrameworkCore.Database.Command[20101]
      Executed DbCommand (0ms) [Parameters=[@_8__locals1_ticket_Id='?' (DbType = Guid), @_8__locals1_ticket_AssigneeId='?' (DbType = Guid), @type='?' (Size = 255)], CommandType='Text', CommandTimeout='30']
      SELECT CASE
          WHEN EXISTS (
              SELECT 1
              FROM [Notifications] AS [n]
              WHERE [n].[TicketId] = @_8__locals1_ticket_Id AND [n].[UserId] = @_8__locals1_ticket_AssigneeId AND [n].[Type] = @type) THEN CAST(1 AS bit)
          ELSE CAST(0 AS bit)
      END
info: Microsoft.EntityFrameworkCore.Database.Command[20101]
      Executed DbCommand (0ms) [Parameters=[@_8__locals1_ticket_Id='?' (DbType = Guid), @_8__locals1_ticket_AssigneeId='?' (DbType = Guid), @type='?' (Size = 255)], CommandType='Text', CommandTimeout='30']
      SELECT CASE
          WHEN EXISTS (
              SELECT 1
              FROM [Notifications] AS [n]
              WHERE [n].[TicketId] = @_8__locals1_ticket_Id AND [n].[UserId] = @_8__locals1_ticket_AssigneeId AND [n].[Type] = @type) THEN CAST(1 AS bit)
          ELSE CAST(0 AS bit)
      END
info: Microsoft.EntityFrameworkCore.Database.Command[20101]
      Executed DbCommand (0ms) [Parameters=[@_8__locals1_ticket_Id='?' (DbType = Guid), @_8__locals1_ticket_AssigneeId='?' (DbType = Guid), @type='?' (Size = 255)], CommandType='Text', CommandTimeout='30']
      SELECT CASE
          WHEN EXISTS (
              SELECT 1
              FROM [Notifications] AS [n]
              WHERE [n].[TicketId] = @_8__locals1_ticket_Id AND [n].[UserId] = @_8__locals1_ticket_AssigneeId AND [n].[Type] = @type) THEN CAST(1 AS bit)
          ELSE CAST(0 AS bit)
      END
info: Microsoft.EntityFrameworkCore.Database.Command[20101]
      Executed DbCommand (0ms) [Parameters=[@_8__locals1_ticket_Id='?' (DbType = Guid), @_8__locals1_ticket_AssigneeId='?' (DbType = Guid), @type='?' (Size = 255)], CommandType='Text', CommandTimeout='30']
      SELECT CASE
          WHEN EXISTS (
              SELECT 1
              FROM [Notifications] AS [n]
              WHERE [n].[TicketId] = @_8__locals1_ticket_Id AND [n].[UserId] = @_8__locals1_ticket_AssigneeId AND [n].[Type] = @type) THEN CAST(1 AS bit)
          ELSE CAST(0 AS bit)
      END
info: Microsoft.EntityFrameworkCore.Database.Command[20101]
      Executed DbCommand (0ms) [Parameters=[@_8__locals1_ticket_Id='?' (DbType = Guid), @_8__locals1_ticket_AssigneeId='?' (DbType = Guid), @type='?' (Size = 255)], CommandType='Text', CommandTimeout='30']
      SELECT CASE
          WHEN EXISTS (
              SELECT 1
              FROM [Notifications] AS [n]
              WHERE [n].[TicketId] = @_8__locals1_ticket_Id AND [n].[UserId] = @_8__locals1_ticket_AssigneeId AND [n].[Type] = @type) THEN CAST(1 AS bit)
          ELSE CAST(0 AS bit)
      END
info: Microsoft.EntityFrameworkCore.Database.Command[20101]
      Executed DbCommand (1ms) [Parameters=[@_8__locals1_ticket_Id='?' (DbType = Guid), @_8__locals1_ticket_AssigneeId='?' (DbType = Guid), @type='?' (Size = 255)], CommandType='Text', CommandTimeout='30']
      SELECT CASE
          WHEN EXISTS (
              SELECT 1
              FROM [Notifications] AS [n]
              WHERE [n].[TicketId] = @_8__locals1_ticket_Id AND [n].[UserId] = @_8__locals1_ticket_AssigneeId AND [n].[Type] = @type) THEN CAST(1 AS bit)
          ELSE CAST(0 AS bit)
      END
info: Microsoft.EntityFrameworkCore.Database.Command[20101]
      Executed DbCommand (1ms) [Parameters=[@_8__locals1_ticket_Id='?' (DbType = Guid), @_8__locals1_ticket_AssigneeId='?' (DbType = Guid), @type='?' (Size = 255)], CommandType='Text', CommandTimeout='30']
      SELECT CASE
          WHEN EXISTS (
              SELECT 1
              FROM [Notifications] AS [n]
              WHERE [n].[TicketId] = @_8__locals1_ticket_Id AND [n].[UserId] = @_8__locals1_ticket_AssigneeId AND [n].[Type] = @type) THEN CAST(1 AS bit)
          ELSE CAST(0 AS bit)
      END
info: Microsoft.EntityFrameworkCore.Database.Command[20101]
      Executed DbCommand (1ms) [Parameters=[@_8__locals1_ticket_Id='?' (DbType = Guid), @_8__locals1_ticket_AssigneeId='?' (DbType = Guid), @type='?' (Size = 255)], CommandType='Text', CommandTimeout='30']
      SELECT CASE
          WHEN EXISTS (
              SELECT 1
              FROM [Notifications] AS [n]
              WHERE [n].[TicketId] = @_8__locals1_ticket_Id AND [n].[UserId] = @_8__locals1_ticket_AssigneeId AND [n].[Type] = @type) THEN CAST(1 AS bit)
          ELSE CAST(0 AS bit)
      END
info: Microsoft.EntityFrameworkCore.Database.Command[20101]
      Executed DbCommand (1ms) [Parameters=[@_8__locals1_ticket_Id='?' (DbType = Guid), @_8__locals1_ticket_AssigneeId='?' (DbType = Guid), @type='?' (Size = 255)], CommandType='Text', CommandTimeout='30']
      SELECT CASE
          WHEN EXISTS (
              SELECT 1
              FROM [Notifications] AS [n]
              WHERE [n].[TicketId] = @_8__locals1_ticket_Id AND [n].[UserId] = @_8__locals1_ticket_AssigneeId AND [n].[Type] = @type) THEN CAST(1 AS bit)
          ELSE CAST(0 AS bit)
      END
info: Microsoft.EntityFrameworkCore.Database.Command[20101]
      Executed DbCommand (0ms) [Parameters=[@_8__locals1_ticket_Id='?' (DbType = Guid), @_8__locals1_ticket_AssigneeId='?' (DbType = Guid), @type='?' (Size = 255)], CommandType='Text', CommandTimeout='30']
      SELECT CASE
          WHEN EXISTS (
              SELECT 1
              FROM [Notifications] AS [n]
              WHERE [n].[TicketId] = @_8__locals1_ticket_Id AND [n].[UserId] = @_8__locals1_ticket_AssigneeId AND [n].[Type] = @type) THEN CAST(1 AS bit)
          ELSE CAST(0 AS bit)
      END
info: Microsoft.EntityFrameworkCore.Database.Command[20101]
      Executed DbCommand (1ms) [Parameters=[@_8__locals1_ticket_Id='?' (DbType = Guid), @_8__locals1_ticket_AssigneeId='?' (DbType = Guid), @type='?' (Size = 255)], CommandType='Text', CommandTimeout='30']
      SELECT CASE
          WHEN EXISTS (
              SELECT 1
              FROM [Notifications] AS [n]
              WHERE [n].[TicketId] = @_8__locals1_ticket_Id AND [n].[UserId] = @_8__locals1_ticket_AssigneeId AND [n].[Type] = @type) THEN CAST(1 AS bit)
          ELSE CAST(0 AS bit)
      END
info: Microsoft.EntityFrameworkCore.Database.Command[20101]
      Executed DbCommand (2ms) [Parameters=[@_8__locals1_ticket_Id='?' (DbType = Guid), @_8__locals1_ticket_AssigneeId='?' (DbType = Guid), @type='?' (Size = 255)], CommandType='Text', CommandTimeout='30']
      SELECT CASE
          WHEN EXISTS (
              SELECT 1
              FROM [Notifications] AS [n]
              WHERE [n].[TicketId] = @_8__locals1_ticket_Id AND [n].[UserId] = @_8__locals1_ticket_AssigneeId AND [n].[Type] = @type) THEN CAST(1 AS bit)
          ELSE CAST(0 AS bit)
      END
info: Microsoft.EntityFrameworkCore.Database.Command[20101]
      Executed DbCommand (1ms) [Parameters=[@_8__locals1_ticket_Id='?' (DbType = Guid), @_8__locals1_ticket_AssigneeId='?' (DbType = Guid), @type='?' (Size = 255)], CommandType='Text', CommandTimeout='30']
      SELECT CASE
          WHEN EXISTS (
              SELECT 1
              FROM [Notifications] AS [n]
              WHERE [n].[TicketId] = @_8__locals1_ticket_Id AND [n].[UserId] = @_8__locals1_ticket_AssigneeId AND [n].[Type] = @type) THEN CAST(1 AS bit)
          ELSE CAST(0 AS bit)
      END
info: Microsoft.EntityFrameworkCore.Database.Command[20101]
      Executed DbCommand (0ms) [Parameters=[@_8__locals1_ticket_Id='?' (DbType = Guid), @_8__locals1_ticket_AssigneeId='?' (DbType = Guid), @type='?' (Size = 255)], CommandType='Text', CommandTimeout='30']
      SELECT CASE
          WHEN EXISTS (
              SELECT 1
              FROM [Notifications] AS [n]
              WHERE [n].[TicketId] = @_8__locals1_ticket_Id AND [n].[UserId] = @_8__locals1_ticket_AssigneeId AND [n].[Type] = @type) THEN CAST(1 AS bit)
          ELSE CAST(0 AS bit)
      END
info: Microsoft.EntityFrameworkCore.Database.Command[20101]
      Executed DbCommand (0ms) [Parameters=[@_8__locals1_ticket_Id='?' (DbType = Guid), @_8__locals1_ticket_AssigneeId='?' (DbType = Guid), @type='?' (Size = 255)], CommandType='Text', CommandTimeout='30']
      SELECT CASE
          WHEN EXISTS (
              SELECT 1
              FROM [Notifications] AS [n]
              WHERE [n].[TicketId] = @_8__locals1_ticket_Id AND [n].[UserId] = @_8__locals1_ticket_AssigneeId AND [n].[Type] = @type) THEN CAST(1 AS bit)
          ELSE CAST(0 AS bit)
      END
info: Microsoft.EntityFrameworkCore.Database.Command[20101]
      Executed DbCommand (0ms) [Parameters=[@_8__locals1_ticket_Id='?' (DbType = Guid), @_8__locals1_ticket_AssigneeId='?' (DbType = Guid), @type='?' (Size = 255)], CommandType='Text', CommandTimeout='30']
      SELECT CASE
          WHEN EXISTS (
              SELECT 1
              FROM [Notifications] AS [n]
              WHERE [n].[TicketId] = @_8__locals1_ticket_Id AND [n].[UserId] = @_8__locals1_ticket_AssigneeId AND [n].[Type] = @type) THEN CAST(1 AS bit)
          ELSE CAST(0 AS bit)
      END
info: Microsoft.EntityFrameworkCore.Database.Command[20101]
      Executed DbCommand (0ms) [Parameters=[@_8__locals1_ticket_Id='?' (DbType = Guid), @_8__locals1_ticket_AssigneeId='?' (DbType = Guid), @type='?' (Size = 255)], CommandType='Text', CommandTimeout='30']
      SELECT CASE
          WHEN EXISTS (
              SELECT 1
              FROM [Notifications] AS [n]
              WHERE [n].[TicketId] = @_8__locals1_ticket_Id AND [n].[UserId] = @_8__locals1_ticket_AssigneeId AND [n].[Type] = @type) THEN CAST(1 AS bit)
          ELSE CAST(0 AS bit)
      END
info: Microsoft.EntityFrameworkCore.Database.Command[20101]
      Executed DbCommand (0ms) [Parameters=[@_8__locals1_ticket_Id='?' (DbType = Guid), @_8__locals1_ticket_AssigneeId='?' (DbType = Guid), @type='?' (Size = 255)], CommandType='Text', CommandTimeout='30']
      SELECT CASE
          WHEN EXISTS (
              SELECT 1
              FROM [Notifications] AS [n]
              WHERE [n].[TicketId] = @_8__locals1_ticket_Id AND [n].[UserId] = @_8__locals1_ticket_AssigneeId AND [n].[Type] = @type) THEN CAST(1 AS bit)
          ELSE CAST(0 AS bit)
      END
info: Microsoft.EntityFrameworkCore.Database.Command[20101]
      Executed DbCommand (21ms) [Parameters=[@warningCutoff='?' (DbType = DateTime2)], CommandType='Text', CommandTimeout='30']
      SELECT [t].[Id], [t].[AiSuggestedRoute], [t].[ApplicantFirstName], [t].[ApplicantId], [t].[ApplicantLastName], [t].[Application], [t].[AssigneeId], [t].[ClosingDate], [t].[CreatedAtUtc], [t].[Description], [t].[DomainId], [t].[EcrNumber], [t].[EnglishAccepted], [t].[JiraLink], [t].[LastSyncDate], [t].[Level], [t].[ModuleId], [t].[PartNumber], [t].[Priority], [t].[ReactivityDuration], [t].[ReferenceKZ], [t].[ReferenceSTLA], [t].[ResolvedAtUtc], [t].[SiteId], [t].[SlaDeadlineUtc], [t].[SourceSystemId], [t].[Status], [t].[SubModule], [t].[Summary], [t].[Title]
      FROM [Tickets] AS [t]
      WHERE [t].[AssigneeId] IS NOT NULL AND [t].[Status] IN (1, 2) AND [t].[SlaDeadlineUtc] <= @warningCutoff
info: Microsoft.EntityFrameworkCore.Database.Command[20101]
      Executed DbCommand (7ms) [Parameters=[@_8__locals1_ticket_Id='?' (DbType = Guid), @_8__locals1_ticket_AssigneeId='?' (DbType = Guid), @type='?' (Size = 255)], CommandType='Text', CommandTimeout='30']
      SELECT CASE
          WHEN EXISTS (
              SELECT 1
              FROM [Notifications] AS [n]
              WHERE [n].[TicketId] = @_8__locals1_ticket_Id AND [n].[UserId] = @_8__locals1_ticket_AssigneeId AND [n].[Type] = @type) THEN CAST(1 AS bit)
          ELSE CAST(0 AS bit)
      END
info: Microsoft.EntityFrameworkCore.Database.Command[20101]
      Executed DbCommand (1ms) [Parameters=[@_8__locals1_ticket_Id='?' (DbType = Guid), @_8__locals1_ticket_AssigneeId='?' (DbType = Guid), @type='?' (Size = 255)], CommandType='Text', CommandTimeout='30']
      SELECT CASE
          WHEN EXISTS (
              SELECT 1
              FROM [Notifications] AS [n]
              WHERE [n].[TicketId] = @_8__locals1_ticket_Id AND [n].[UserId] = @_8__locals1_ticket_AssigneeId AND [n].[Type] = @type) THEN CAST(1 AS bit)
          ELSE CAST(0 AS bit)
      END
info: Microsoft.EntityFrameworkCore.Database.Command[20101]
      Executed DbCommand (0ms) [Parameters=[@_8__locals1_ticket_Id='?' (DbType = Guid), @_8__locals1_ticket_AssigneeId='?' (DbType = Guid), @type='?' (Size = 255)], CommandType='Text', CommandTimeout='30']
      SELECT CASE
          WHEN EXISTS (
              SELECT 1
              FROM [Notifications] AS [n]
              WHERE [n].[TicketId] = @_8__locals1_ticket_Id AND [n].[UserId] = @_8__locals1_ticket_AssigneeId AND [n].[Type] = @type) THEN CAST(1 AS bit)
          ELSE CAST(0 AS bit)
      END
info: Microsoft.EntityFrameworkCore.Database.Command[20101]
      Executed DbCommand (0ms) [Parameters=[@_8__locals1_ticket_Id='?' (DbType = Guid), @_8__locals1_ticket_AssigneeId='?' (DbType = Guid), @type='?' (Size = 255)], CommandType='Text', CommandTimeout='30']
      SELECT CASE
          WHEN EXISTS (
              SELECT 1
              FROM [Notifications] AS [n]
              WHERE [n].[TicketId] = @_8__locals1_ticket_Id AND [n].[UserId] = @_8__locals1_ticket_AssigneeId AND [n].[Type] = @type) THEN CAST(1 AS bit)
          ELSE CAST(0 AS bit)
      END
info: Microsoft.EntityFrameworkCore.Database.Command[20101]
      Executed DbCommand (0ms) [Parameters=[@_8__locals1_ticket_Id='?' (DbType = Guid), @_8__locals1_ticket_AssigneeId='?' (DbType = Guid), @type='?' (Size = 255)], CommandType='Text', CommandTimeout='30']
      SELECT CASE
          WHEN EXISTS (
              SELECT 1
              FROM [Notifications] AS [n]
              WHERE [n].[TicketId] = @_8__locals1_ticket_Id AND [n].[UserId] = @_8__locals1_ticket_AssigneeId AND [n].[Type] = @type) THEN CAST(1 AS bit)
          ELSE CAST(0 AS bit)
      END
info: Microsoft.EntityFrameworkCore.Database.Command[20101]
      Executed DbCommand (0ms) [Parameters=[@_8__locals1_ticket_Id='?' (DbType = Guid), @_8__locals1_ticket_AssigneeId='?' (DbType = Guid), @type='?' (Size = 255)], CommandType='Text', CommandTimeout='30']
      SELECT CASE
          WHEN EXISTS (
              SELECT 1
              FROM [Notifications] AS [n]
              WHERE [n].[TicketId] = @_8__locals1_ticket_Id AND [n].[UserId] = @_8__locals1_ticket_AssigneeId AND [n].[Type] = @type) THEN CAST(1 AS bit)
          ELSE CAST(0 AS bit)
      END
info: Microsoft.EntityFrameworkCore.Database.Command[20101]
      Executed DbCommand (0ms) [Parameters=[@_8__locals1_ticket_Id='?' (DbType = Guid), @_8__locals1_ticket_AssigneeId='?' (DbType = Guid), @type='?' (Size = 255)], CommandType='Text', CommandTimeout='30']
      SELECT CASE
          WHEN EXISTS (
              SELECT 1
              FROM [Notifications] AS [n]
              WHERE [n].[TicketId] = @_8__locals1_ticket_Id AND [n].[UserId] = @_8__locals1_ticket_AssigneeId AND [n].[Type] = @type) THEN CAST(1 AS bit)
          ELSE CAST(0 AS bit)
      END
info: Microsoft.EntityFrameworkCore.Database.Command[20101]
      Executed DbCommand (0ms) [Parameters=[@_8__locals1_ticket_Id='?' (DbType = Guid), @_8__locals1_ticket_AssigneeId='?' (DbType = Guid), @type='?' (Size = 255)], CommandType='Text', CommandTimeout='30']
      SELECT CASE
          WHEN EXISTS (
              SELECT 1
              FROM [Notifications] AS [n]
              WHERE [n].[TicketId] = @_8__locals1_ticket_Id AND [n].[UserId] = @_8__locals1_ticket_AssigneeId AND [n].[Type] = @type) THEN CAST(1 AS bit)
          ELSE CAST(0 AS bit)
      END
info: Microsoft.EntityFrameworkCore.Database.Command[20101]
      Executed DbCommand (0ms) [Parameters=[@_8__locals1_ticket_Id='?' (DbType = Guid), @_8__locals1_ticket_AssigneeId='?' (DbType = Guid), @type='?' (Size = 255)], CommandType='Text', CommandTimeout='30']
      SELECT CASE
          WHEN EXISTS (
              SELECT 1
              FROM [Notifications] AS [n]
              WHERE [n].[TicketId] = @_8__locals1_ticket_Id AND [n].[UserId] = @_8__locals1_ticket_AssigneeId AND [n].[Type] = @type) THEN CAST(1 AS bit)
          ELSE CAST(0 AS bit)
      END
info: Microsoft.EntityFrameworkCore.Database.Command[20101]
      Executed DbCommand (0ms) [Parameters=[@_8__locals1_ticket_Id='?' (DbType = Guid), @_8__locals1_ticket_AssigneeId='?' (DbType = Guid), @type='?' (Size = 255)], CommandType='Text', CommandTimeout='30']
      SELECT CASE
          WHEN EXISTS (
              SELECT 1
              FROM [Notifications] AS [n]
              WHERE [n].[TicketId] = @_8__locals1_ticket_Id AND [n].[UserId] = @_8__locals1_ticket_AssigneeId AND [n].[Type] = @type) THEN CAST(1 AS bit)
          ELSE CAST(0 AS bit)
      END
info: Microsoft.EntityFrameworkCore.Database.Command[20101]
      Executed DbCommand (0ms) [Parameters=[@_8__locals1_ticket_Id='?' (DbType = Guid), @_8__locals1_ticket_AssigneeId='?' (DbType = Guid), @type='?' (Size = 255)], CommandType='Text', CommandTimeout='30']
      SELECT CASE
          WHEN EXISTS (
              SELECT 1
              FROM [Notifications] AS [n]
              WHERE [n].[TicketId] = @_8__locals1_ticket_Id AND [n].[UserId] = @_8__locals1_ticket_AssigneeId AND [n].[Type] = @type) THEN CAST(1 AS bit)
          ELSE CAST(0 AS bit)
      END
info: Microsoft.EntityFrameworkCore.Database.Command[20101]
      Executed DbCommand (0ms) [Parameters=[@_8__locals1_ticket_Id='?' (DbType = Guid), @_8__locals1_ticket_AssigneeId='?' (DbType = Guid), @type='?' (Size = 255)], CommandType='Text', CommandTimeout='30']
      SELECT CASE
          WHEN EXISTS (
              SELECT 1
              FROM [Notifications] AS [n]
              WHERE [n].[TicketId] = @_8__locals1_ticket_Id AND [n].[UserId] = @_8__locals1_ticket_AssigneeId AND [n].[Type] = @type) THEN CAST(1 AS bit)
          ELSE CAST(0 AS bit)
      END
info: Microsoft.EntityFrameworkCore.Database.Command[20101]
      Executed DbCommand (0ms) [Parameters=[@_8__locals1_ticket_Id='?' (DbType = Guid), @_8__locals1_ticket_AssigneeId='?' (DbType = Guid), @type='?' (Size = 255)], CommandType='Text', CommandTimeout='30']
      SELECT CASE
          WHEN EXISTS (
              SELECT 1
              FROM [Notifications] AS [n]
              WHERE [n].[TicketId] = @_8__locals1_ticket_Id AND [n].[UserId] = @_8__locals1_ticket_AssigneeId AND [n].[Type] = @type) THEN CAST(1 AS bit)
          ELSE CAST(0 AS bit)
      END
info: Microsoft.EntityFrameworkCore.Database.Command[20101]
      Executed DbCommand (0ms) [Parameters=[@_8__locals1_ticket_Id='?' (DbType = Guid), @_8__locals1_ticket_AssigneeId='?' (DbType = Guid), @type='?' (Size = 255)], CommandType='Text', CommandTimeout='30']
      SELECT CASE
          WHEN EXISTS (
              SELECT 1
              FROM [Notifications] AS [n]
              WHERE [n].[TicketId] = @_8__locals1_ticket_Id AND [n].[UserId] = @_8__locals1_ticket_AssigneeId AND [n].[Type] = @type) THEN CAST(1 AS bit)
          ELSE CAST(0 AS bit)
      END
info: Microsoft.EntityFrameworkCore.Database.Command[20101]
      Executed DbCommand (0ms) [Parameters=[@_8__locals1_ticket_Id='?' (DbType = Guid), @_8__locals1_ticket_AssigneeId='?' (DbType = Guid), @type='?' (Size = 255)], CommandType='Text', CommandTimeout='30']
      SELECT CASE
          WHEN EXISTS (
              SELECT 1
              FROM [Notifications] AS [n]
              WHERE [n].[TicketId] = @_8__locals1_ticket_Id AND [n].[UserId] = @_8__locals1_ticket_AssigneeId AND [n].[Type] = @type) THEN CAST(1 AS bit)
          ELSE CAST(0 AS bit)
      END
info: Microsoft.EntityFrameworkCore.Database.Command[20101]
      Executed DbCommand (0ms) [Parameters=[@_8__locals1_ticket_Id='?' (DbType = Guid), @_8__locals1_ticket_AssigneeId='?' (DbType = Guid), @type='?' (Size = 255)], CommandType='Text', CommandTimeout='30']
      SELECT CASE
          WHEN EXISTS (
              SELECT 1
              FROM [Notifications] AS [n]
              WHERE [n].[TicketId] = @_8__locals1_ticket_Id AND [n].[UserId] = @_8__locals1_ticket_AssigneeId AND [n].[Type] = @type) THEN CAST(1 AS bit)
          ELSE CAST(0 AS bit)
      END
info: Microsoft.EntityFrameworkCore.Database.Command[20101]
      Executed DbCommand (0ms) [Parameters=[@_8__locals1_ticket_Id='?' (DbType = Guid), @_8__locals1_ticket_AssigneeId='?' (DbType = Guid), @type='?' (Size = 255)], CommandType='Text', CommandTimeout='30']
      SELECT CASE
          WHEN EXISTS (
              SELECT 1
              FROM [Notifications] AS [n]
              WHERE [n].[TicketId] = @_8__locals1_ticket_Id AND [n].[UserId] = @_8__locals1_ticket_AssigneeId AND [n].[Type] = @type) THEN CAST(1 AS bit)
          ELSE CAST(0 AS bit)
      END
info: Microsoft.EntityFrameworkCore.Database.Command[20101]
      Executed DbCommand (0ms) [Parameters=[@_8__locals1_ticket_Id='?' (DbType = Guid), @_8__locals1_ticket_AssigneeId='?' (DbType = Guid), @type='?' (Size = 255)], CommandType='Text', CommandTimeout='30']
      SELECT CASE
          WHEN EXISTS (
              SELECT 1
              FROM [Notifications] AS [n]
              WHERE [n].[TicketId] = @_8__locals1_ticket_Id AND [n].[UserId] = @_8__locals1_ticket_AssigneeId AND [n].[Type] = @type) THEN CAST(1 AS bit)
          ELSE CAST(0 AS bit)
      END
info: Microsoft.EntityFrameworkCore.Database.Command[20101]
      Executed DbCommand (0ms) [Parameters=[@_8__locals1_ticket_Id='?' (DbType = Guid), @_8__locals1_ticket_AssigneeId='?' (DbType = Guid), @type='?' (Size = 255)], CommandType='Text', CommandTimeout='30']
      SELECT CASE
          WHEN EXISTS (
              SELECT 1
              FROM [Notifications] AS [n]
              WHERE [n].[TicketId] = @_8__locals1_ticket_Id AND [n].[UserId] = @_8__locals1_ticket_AssigneeId AND [n].[Type] = @type) THEN CAST(1 AS bit)
          ELSE CAST(0 AS bit)
      END
info: Microsoft.EntityFrameworkCore.Database.Command[20101]
      Executed DbCommand (0ms) [Parameters=[@_8__locals1_ticket_Id='?' (DbType = Guid), @_8__locals1_ticket_AssigneeId='?' (DbType = Guid), @type='?' (Size = 255)], CommandType='Text', CommandTimeout='30']
      SELECT CASE
          WHEN EXISTS (
              SELECT 1
              FROM [Notifications] AS [n]
              WHERE [n].[TicketId] = @_8__locals1_ticket_Id AND [n].[UserId] = @_8__locals1_ticket_AssigneeId AND [n].[Type] = @type) THEN CAST(1 AS bit)
          ELSE CAST(0 AS bit)
      END
info: Microsoft.EntityFrameworkCore.Database.Command[20101]
      Executed DbCommand (0ms) [Parameters=[@_8__locals1_ticket_Id='?' (DbType = Guid), @_8__locals1_ticket_AssigneeId='?' (DbType = Guid), @type='?' (Size = 255)], CommandType='Text', CommandTimeout='30']
      SELECT CASE
          WHEN EXISTS (
              SELECT 1
              FROM [Notifications] AS [n]
              WHERE [n].[TicketId] = @_8__locals1_ticket_Id AND [n].[UserId] = @_8__locals1_ticket_AssigneeId AND [n].[Type] = @type) THEN CAST(1 AS bit)
          ELSE CAST(0 AS bit)
      END
info: Microsoft.EntityFrameworkCore.Database.Command[20101]
      Executed DbCommand (0ms) [Parameters=[@_8__locals1_ticket_Id='?' (DbType = Guid), @_8__locals1_ticket_AssigneeId='?' (DbType = Guid), @type='?' (Size = 255)], CommandType='Text', CommandTimeout='30']
      SELECT CASE
          WHEN EXISTS (
              SELECT 1
              FROM [Notifications] AS [n]
              WHERE [n].[TicketId] = @_8__locals1_ticket_Id AND [n].[UserId] = @_8__locals1_ticket_AssigneeId AND [n].[Type] = @type) THEN CAST(1 AS bit)
          ELSE CAST(0 AS bit)
      END
info: Microsoft.EntityFrameworkCore.Database.Command[20101]
      Executed DbCommand (0ms) [Parameters=[@_8__locals1_ticket_Id='?' (DbType = Guid), @_8__locals1_ticket_AssigneeId='?' (DbType = Guid), @type='?' (Size = 255)], CommandType='Text', CommandTimeout='30']
      SELECT CASE
          WHEN EXISTS (
              SELECT 1
              FROM [Notifications] AS [n]
              WHERE [n].[TicketId] = @_8__locals1_ticket_Id AND [n].[UserId] = @_8__locals1_ticket_AssigneeId AND [n].[Type] = @type) THEN CAST(1 AS bit)
          ELSE CAST(0 AS bit)
      END
info: Microsoft.EntityFrameworkCore.Database.Command[20101]
      Executed DbCommand (30ms) [Parameters=[@warningCutoff='?' (DbType = DateTime2)], CommandType='Text', CommandTimeout='30']
      SELECT [t].[Id], [t].[AiSuggestedRoute], [t].[ApplicantFirstName], [t].[ApplicantId], [t].[ApplicantLastName], [t].[Application], [t].[AssigneeId], [t].[ClosingDate], [t].[CreatedAtUtc], [t].[Description], [t].[DomainId], [t].[EcrNumber], [t].[EnglishAccepted], [t].[JiraLink], [t].[LastSyncDate], [t].[Level], [t].[ModuleId], [t].[PartNumber], [t].[Priority], [t].[ReactivityDuration], [t].[ReferenceKZ], [t].[ReferenceSTLA], [t].[ResolvedAtUtc], [t].[SiteId], [t].[SlaDeadlineUtc], [t].[SourceSystemId], [t].[Status], [t].[SubModule], [t].[Summary], [t].[Title]
      FROM [Tickets] AS [t]
      WHERE [t].[AssigneeId] IS NOT NULL AND [t].[Status] IN (1, 2) AND [t].[SlaDeadlineUtc] <= @warningCutoff
info: Microsoft.EntityFrameworkCore.Database.Command[20101]
      Executed DbCommand (101ms) [Parameters=[@_8__locals1_ticket_Id='?' (DbType = Guid), @_8__locals1_ticket_AssigneeId='?' (DbType = Guid), @type='?' (Size = 255)], CommandType='Text', CommandTimeout='30']
      SELECT CASE
          WHEN EXISTS (
              SELECT 1
              FROM [Notifications] AS [n]
              WHERE [n].[TicketId] = @_8__locals1_ticket_Id AND [n].[UserId] = @_8__locals1_ticket_AssigneeId AND [n].[Type] = @type) THEN CAST(1 AS bit)
          ELSE CAST(0 AS bit)
      END
info: Microsoft.EntityFrameworkCore.Database.Command[20101]
      Executed DbCommand (1ms) [Parameters=[@_8__locals1_ticket_Id='?' (DbType = Guid), @_8__locals1_ticket_AssigneeId='?' (DbType = Guid), @type='?' (Size = 255)], CommandType='Text', CommandTimeout='30']
      SELECT CASE
          WHEN EXISTS (
              SELECT 1
              FROM [Notifications] AS [n]
              WHERE [n].[TicketId] = @_8__locals1_ticket_Id AND [n].[UserId] = @_8__locals1_ticket_AssigneeId AND [n].[Type] = @type) THEN CAST(1 AS bit)
          ELSE CAST(0 AS bit)
      END
info: Microsoft.EntityFrameworkCore.Database.Command[20101]
      Executed DbCommand (0ms) [Parameters=[@_8__locals1_ticket_Id='?' (DbType = Guid), @_8__locals1_ticket_AssigneeId='?' (DbType = Guid), @type='?' (Size = 255)], CommandType='Text', CommandTimeout='30']
      SELECT CASE
          WHEN EXISTS (
              SELECT 1
              FROM [Notifications] AS [n]
              WHERE [n].[TicketId] = @_8__locals1_ticket_Id AND [n].[UserId] = @_8__locals1_ticket_AssigneeId AND [n].[Type] = @type) THEN CAST(1 AS bit)
          ELSE CAST(0 AS bit)
      END
info: Microsoft.EntityFrameworkCore.Database.Command[20101]
      Executed DbCommand (0ms) [Parameters=[@_8__locals1_ticket_Id='?' (DbType = Guid), @_8__locals1_ticket_AssigneeId='?' (DbType = Guid), @type='?' (Size = 255)], CommandType='Text', CommandTimeout='30']
      SELECT CASE
          WHEN EXISTS (
              SELECT 1
              FROM [Notifications] AS [n]
              WHERE [n].[TicketId] = @_8__locals1_ticket_Id AND [n].[UserId] = @_8__locals1_ticket_AssigneeId AND [n].[Type] = @type) THEN CAST(1 AS bit)
          ELSE CAST(0 AS bit)
      END
info: Microsoft.EntityFrameworkCore.Database.Command[20101]
      Executed DbCommand (1ms) [Parameters=[@_8__locals1_ticket_Id='?' (DbType = Guid), @_8__locals1_ticket_AssigneeId='?' (DbType = Guid), @type='?' (Size = 255)], CommandType='Text', CommandTimeout='30']
      SELECT CASE
          WHEN EXISTS (
              SELECT 1
              FROM [Notifications] AS [n]
              WHERE [n].[TicketId] = @_8__locals1_ticket_Id AND [n].[UserId] = @_8__locals1_ticket_AssigneeId AND [n].[Type] = @type) THEN CAST(1 AS bit)
          ELSE CAST(0 AS bit)
      END
info: Microsoft.EntityFrameworkCore.Database.Command[20101]
      Executed DbCommand (1ms) [Parameters=[@_8__locals1_ticket_Id='?' (DbType = Guid), @_8__locals1_ticket_AssigneeId='?' (DbType = Guid), @type='?' (Size = 255)], CommandType='Text', CommandTimeout='30']
      SELECT CASE
          WHEN EXISTS (
              SELECT 1
              FROM [Notifications] AS [n]
              WHERE [n].[TicketId] = @_8__locals1_ticket_Id AND [n].[UserId] = @_8__locals1_ticket_AssigneeId AND [n].[Type] = @type) THEN CAST(1 AS bit)
          ELSE CAST(0 AS bit)
      END
info: Microsoft.EntityFrameworkCore.Database.Command[20101]
      Executed DbCommand (1ms) [Parameters=[@_8__locals1_ticket_Id='?' (DbType = Guid), @_8__locals1_ticket_AssigneeId='?' (DbType = Guid), @type='?' (Size = 255)], CommandType='Text', CommandTimeout='30']
      SELECT CASE
          WHEN EXISTS (
              SELECT 1
              FROM [Notifications] AS [n]
              WHERE [n].[TicketId] = @_8__locals1_ticket_Id AND [n].[UserId] = @_8__locals1_ticket_AssigneeId AND [n].[Type] = @type) THEN CAST(1 AS bit)
          ELSE CAST(0 AS bit)
      END
info: Microsoft.EntityFrameworkCore.Database.Command[20101]
      Executed DbCommand (0ms) [Parameters=[@_8__locals1_ticket_Id='?' (DbType = Guid), @_8__locals1_ticket_AssigneeId='?' (DbType = Guid), @type='?' (Size = 255)], CommandType='Text', CommandTimeout='30']
      SELECT CASE
          WHEN EXISTS (
              SELECT 1
              FROM [Notifications] AS [n]
              WHERE [n].[TicketId] = @_8__locals1_ticket_Id AND [n].[UserId] = @_8__locals1_ticket_AssigneeId AND [n].[Type] = @type) THEN CAST(1 AS bit)
          ELSE CAST(0 AS bit)
      END
info: Microsoft.EntityFrameworkCore.Database.Command[20101]
      Executed DbCommand (0ms) [Parameters=[@_8__locals1_ticket_Id='?' (DbType = Guid), @_8__locals1_ticket_AssigneeId='?' (DbType = Guid), @type='?' (Size = 255)], CommandType='Text', CommandTimeout='30']
      SELECT CASE
          WHEN EXISTS (
              SELECT 1
              FROM [Notifications] AS [n]
              WHERE [n].[TicketId] = @_8__locals1_ticket_Id AND [n].[UserId] = @_8__locals1_ticket_AssigneeId AND [n].[Type] = @type) THEN CAST(1 AS bit)
          ELSE CAST(0 AS bit)
      END
info: Microsoft.EntityFrameworkCore.Database.Command[20101]
      Executed DbCommand (0ms) [Parameters=[@_8__locals1_ticket_Id='?' (DbType = Guid), @_8__locals1_ticket_AssigneeId='?' (DbType = Guid), @type='?' (Size = 255)], CommandType='Text', CommandTimeout='30']
      SELECT CASE
          WHEN EXISTS (
              SELECT 1
              FROM [Notifications] AS [n]
              WHERE [n].[TicketId] = @_8__locals1_ticket_Id AND [n].[UserId] = @_8__locals1_ticket_AssigneeId AND [n].[Type] = @type) THEN CAST(1 AS bit)
          ELSE CAST(0 AS bit)
      END
info: Microsoft.EntityFrameworkCore.Database.Command[20101]
      Executed DbCommand (1ms) [Parameters=[@_8__locals1_ticket_Id='?' (DbType = Guid), @_8__locals1_ticket_AssigneeId='?' (DbType = Guid), @type='?' (Size = 255)], CommandType='Text', CommandTimeout='30']
      SELECT CASE
          WHEN EXISTS (
              SELECT 1
              FROM [Notifications] AS [n]
              WHERE [n].[TicketId] = @_8__locals1_ticket_Id AND [n].[UserId] = @_8__locals1_ticket_AssigneeId AND [n].[Type] = @type) THEN CAST(1 AS bit)
          ELSE CAST(0 AS bit)
      END
info: Microsoft.EntityFrameworkCore.Database.Command[20101]
      Executed DbCommand (1ms) [Parameters=[@_8__locals1_ticket_Id='?' (DbType = Guid), @_8__locals1_ticket_AssigneeId='?' (DbType = Guid), @type='?' (Size = 255)], CommandType='Text', CommandTimeout='30']
      SELECT CASE
          WHEN EXISTS (
              SELECT 1
              FROM [Notifications] AS [n]
              WHERE [n].[TicketId] = @_8__locals1_ticket_Id AND [n].[UserId] = @_8__locals1_ticket_AssigneeId AND [n].[Type] = @type) THEN CAST(1 AS bit)
          ELSE CAST(0 AS bit)
      END
info: Microsoft.EntityFrameworkCore.Database.Command[20101]
      Executed DbCommand (1ms) [Parameters=[@_8__locals1_ticket_Id='?' (DbType = Guid), @_8__locals1_ticket_AssigneeId='?' (DbType = Guid), @type='?' (Size = 255)], CommandType='Text', CommandTimeout='30']
      SELECT CASE
          WHEN EXISTS (
              SELECT 1
              FROM [Notifications] AS [n]
              WHERE [n].[TicketId] = @_8__locals1_ticket_Id AND [n].[UserId] = @_8__locals1_ticket_AssigneeId AND [n].[Type] = @type) THEN CAST(1 AS bit)
          ELSE CAST(0 AS bit)
      END
info: Microsoft.EntityFrameworkCore.Database.Command[20101]
      Executed DbCommand (0ms) [Parameters=[@_8__locals1_ticket_Id='?' (DbType = Guid), @_8__locals1_ticket_AssigneeId='?' (DbType = Guid), @type='?' (Size = 255)], CommandType='Text', CommandTimeout='30']
      SELECT CASE
          WHEN EXISTS (
              SELECT 1
              FROM [Notifications] AS [n]
              WHERE [n].[TicketId] = @_8__locals1_ticket_Id AND [n].[UserId] = @_8__locals1_ticket_AssigneeId AND [n].[Type] = @type) THEN CAST(1 AS bit)
          ELSE CAST(0 AS bit)
      END
info: Microsoft.EntityFrameworkCore.Database.Command[20101]
      Executed DbCommand (1ms) [Parameters=[@_8__locals1_ticket_Id='?' (DbType = Guid), @_8__locals1_ticket_AssigneeId='?' (DbType = Guid), @type='?' (Size = 255)], CommandType='Text', CommandTimeout='30']
      SELECT CASE
          WHEN EXISTS (
              SELECT 1
              FROM [Notifications] AS [n]
              WHERE [n].[TicketId] = @_8__locals1_ticket_Id AND [n].[UserId] = @_8__locals1_ticket_AssigneeId AND [n].[Type] = @type) THEN CAST(1 AS bit)
          ELSE CAST(0 AS bit)
      END
info: Microsoft.EntityFrameworkCore.Database.Command[20101]
      Executed DbCommand (1ms) [Parameters=[@_8__locals1_ticket_Id='?' (DbType = Guid), @_8__locals1_ticket_AssigneeId='?' (DbType = Guid), @type='?' (Size = 255)], CommandType='Text', CommandTimeout='30']
      SELECT CASE
          WHEN EXISTS (
              SELECT 1
              FROM [Notifications] AS [n]
              WHERE [n].[TicketId] = @_8__locals1_ticket_Id AND [n].[UserId] = @_8__locals1_ticket_AssigneeId AND [n].[Type] = @type) THEN CAST(1 AS bit)
          ELSE CAST(0 AS bit)
      END
info: Microsoft.EntityFrameworkCore.Database.Command[20101]
      Executed DbCommand (0ms) [Parameters=[@_8__locals1_ticket_Id='?' (DbType = Guid), @_8__locals1_ticket_AssigneeId='?' (DbType = Guid), @type='?' (Size = 255)], CommandType='Text', CommandTimeout='30']
      SELECT CASE
          WHEN EXISTS (
              SELECT 1
              FROM [Notifications] AS [n]
              WHERE [n].[TicketId] = @_8__locals1_ticket_Id AND [n].[UserId] = @_8__locals1_ticket_AssigneeId AND [n].[Type] = @type) THEN CAST(1 AS bit)
          ELSE CAST(0 AS bit)
      END
info: Microsoft.EntityFrameworkCore.Database.Command[20101]
      Executed DbCommand (0ms) [Parameters=[@_8__locals1_ticket_Id='?' (DbType = Guid), @_8__locals1_ticket_AssigneeId='?' (DbType = Guid), @type='?' (Size = 255)], CommandType='Text', CommandTimeout='30']
      SELECT CASE
          WHEN EXISTS (
              SELECT 1
              FROM [Notifications] AS [n]
              WHERE [n].[TicketId] = @_8__locals1_ticket_Id AND [n].[UserId] = @_8__locals1_ticket_AssigneeId AND [n].[Type] = @type) THEN CAST(1 AS bit)
          ELSE CAST(0 AS bit)
      END
info: Microsoft.EntityFrameworkCore.Database.Command[20101]
      Executed DbCommand (0ms) [Parameters=[@_8__locals1_ticket_Id='?' (DbType = Guid), @_8__locals1_ticket_AssigneeId='?' (DbType = Guid), @type='?' (Size = 255)], CommandType='Text', CommandTimeout='30']
      SELECT CASE
          WHEN EXISTS (
              SELECT 1
              FROM [Notifications] AS [n]
              WHERE [n].[TicketId] = @_8__locals1_ticket_Id AND [n].[UserId] = @_8__locals1_ticket_AssigneeId AND [n].[Type] = @type) THEN CAST(1 AS bit)
          ELSE CAST(0 AS bit)
      END
info: Microsoft.EntityFrameworkCore.Database.Command[20101]
      Executed DbCommand (0ms) [Parameters=[@_8__locals1_ticket_Id='?' (DbType = Guid), @_8__locals1_ticket_AssigneeId='?' (DbType = Guid), @type='?' (Size = 255)], CommandType='Text', CommandTimeout='30']
      SELECT CASE
          WHEN EXISTS (
              SELECT 1
              FROM [Notifications] AS [n]
              WHERE [n].[TicketId] = @_8__locals1_ticket_Id AND [n].[UserId] = @_8__locals1_ticket_AssigneeId AND [n].[Type] = @type) THEN CAST(1 AS bit)
          ELSE CAST(0 AS bit)
      END
info: Microsoft.EntityFrameworkCore.Database.Command[20101]
      Executed DbCommand (0ms) [Parameters=[@_8__locals1_ticket_Id='?' (DbType = Guid), @_8__locals1_ticket_AssigneeId='?' (DbType = Guid), @type='?' (Size = 255)], CommandType='Text', CommandTimeout='30']
      SELECT CASE
          WHEN EXISTS (
              SELECT 1
              FROM [Notifications] AS [n]
              WHERE [n].[TicketId] = @_8__locals1_ticket_Id AND [n].[UserId] = @_8__locals1_ticket_AssigneeId AND [n].[Type] = @type) THEN CAST(1 AS bit)
          ELSE CAST(0 AS bit)
      END
info: Microsoft.EntityFrameworkCore.Database.Command[20101]
      Executed DbCommand (0ms) [Parameters=[@_8__locals1_ticket_Id='?' (DbType = Guid), @_8__locals1_ticket_AssigneeId='?' (DbType = Guid), @type='?' (Size = 255)], CommandType='Text', CommandTimeout='30']
      SELECT CASE
          WHEN EXISTS (
              SELECT 1
              FROM [Notifications] AS [n]
              WHERE [n].[TicketId] = @_8__locals1_ticket_Id AND [n].[UserId] = @_8__locals1_ticket_AssigneeId AND [n].[Type] = @type) THEN CAST(1 AS bit)
          ELSE CAST(0 AS bit)
      END
info: Microsoft.EntityFrameworkCore.Database.Command[20101]
      Executed DbCommand (0ms) [Parameters=[@_8__locals1_ticket_Id='?' (DbType = Guid), @_8__locals1_ticket_AssigneeId='?' (DbType = Guid), @type='?' (Size = 255)], CommandType='Text', CommandTimeout='30']
      SELECT CASE
          WHEN EXISTS (
              SELECT 1
              FROM [Notifications] AS [n]
              WHERE [n].[TicketId] = @_8__locals1_ticket_Id AND [n].[UserId] = @_8__locals1_ticket_AssigneeId AND [n].[Type] = @type) THEN CAST(1 AS bit)
          ELSE CAST(0 AS bit)
      END
info: Microsoft.EntityFrameworkCore.Database.Command[20101]
      Executed DbCommand (43ms) [Parameters=[@warningCutoff='?' (DbType = DateTime2)], CommandType='Text', CommandTimeout='30']
      SELECT [t].[Id], [t].[AiSuggestedRoute], [t].[ApplicantFirstName], [t].[ApplicantId], [t].[ApplicantLastName], [t].[Application], [t].[AssigneeId], [t].[ClosingDate], [t].[CreatedAtUtc], [t].[Description], [t].[DomainId], [t].[EcrNumber], [t].[EnglishAccepted], [t].[JiraLink], [t].[LastSyncDate], [t].[Level], [t].[ModuleId], [t].[PartNumber], [t].[Priority], [t].[ReactivityDuration], [t].[ReferenceKZ], [t].[ReferenceSTLA], [t].[ResolvedAtUtc], [t].[SiteId], [t].[SlaDeadlineUtc], [t].[SourceSystemId], [t].[Status], [t].[SubModule], [t].[Summary], [t].[Title]
      FROM [Tickets] AS [t]
      WHERE [t].[AssigneeId] IS NOT NULL AND [t].[Status] IN (1, 2) AND [t].[SlaDeadlineUtc] <= @warningCutoff
info: Microsoft.EntityFrameworkCore.Database.Command[20101]
      Executed DbCommand (18ms) [Parameters=[@_8__locals1_ticket_Id='?' (DbType = Guid), @_8__locals1_ticket_AssigneeId='?' (DbType = Guid), @type='?' (Size = 255)], CommandType='Text', CommandTimeout='30']
      SELECT CASE
          WHEN EXISTS (
              SELECT 1
              FROM [Notifications] AS [n]
              WHERE [n].[TicketId] = @_8__locals1_ticket_Id AND [n].[UserId] = @_8__locals1_ticket_AssigneeId AND [n].[Type] = @type) THEN CAST(1 AS bit)
          ELSE CAST(0 AS bit)
      END
info: Microsoft.EntityFrameworkCore.Database.Command[20101]
      Executed DbCommand (2ms) [Parameters=[@_8__locals1_ticket_Id='?' (DbType = Guid), @_8__locals1_ticket_AssigneeId='?' (DbType = Guid), @type='?' (Size = 255)], CommandType='Text', CommandTimeout='30']
      SELECT CASE
          WHEN EXISTS (
              SELECT 1
              FROM [Notifications] AS [n]
              WHERE [n].[TicketId] = @_8__locals1_ticket_Id AND [n].[UserId] = @_8__locals1_ticket_AssigneeId AND [n].[Type] = @type) THEN CAST(1 AS bit)
          ELSE CAST(0 AS bit)
      END
info: Microsoft.EntityFrameworkCore.Database.Command[20101]
      Executed DbCommand (1ms) [Parameters=[@_8__locals1_ticket_Id='?' (DbType = Guid), @_8__locals1_ticket_AssigneeId='?' (DbType = Guid), @type='?' (Size = 255)], CommandType='Text', CommandTimeout='30']
      SELECT CASE
          WHEN EXISTS (
              SELECT 1
              FROM [Notifications] AS [n]
              WHERE [n].[TicketId] = @_8__locals1_ticket_Id AND [n].[UserId] = @_8__locals1_ticket_AssigneeId AND [n].[Type] = @type) THEN CAST(1 AS bit)
          ELSE CAST(0 AS bit)
      END
info: Microsoft.EntityFrameworkCore.Database.Command[20101]
      Executed DbCommand (1ms) [Parameters=[@_8__locals1_ticket_Id='?' (DbType = Guid), @_8__locals1_ticket_AssigneeId='?' (DbType = Guid), @type='?' (Size = 255)], CommandType='Text', CommandTimeout='30']
      SELECT CASE
          WHEN EXISTS (
              SELECT 1
              FROM [Notifications] AS [n]
              WHERE [n].[TicketId] = @_8__locals1_ticket_Id AND [n].[UserId] = @_8__locals1_ticket_AssigneeId AND [n].[Type] = @type) THEN CAST(1 AS bit)
          ELSE CAST(0 AS bit)
      END
info: Microsoft.EntityFrameworkCore.Database.Command[20101]
      Executed DbCommand (1ms) [Parameters=[@_8__locals1_ticket_Id='?' (DbType = Guid), @_8__locals1_ticket_AssigneeId='?' (DbType = Guid), @type='?' (Size = 255)], CommandType='Text', CommandTimeout='30']
      SELECT CASE
          WHEN EXISTS (
              SELECT 1
              FROM [Notifications] AS [n]
              WHERE [n].[TicketId] = @_8__locals1_ticket_Id AND [n].[UserId] = @_8__locals1_ticket_AssigneeId AND [n].[Type] = @type) THEN CAST(1 AS bit)
          ELSE CAST(0 AS bit)
      END
info: Microsoft.EntityFrameworkCore.Database.Command[20101]
      Executed DbCommand (1ms) [Parameters=[@_8__locals1_ticket_Id='?' (DbType = Guid), @_8__locals1_ticket_AssigneeId='?' (DbType = Guid), @type='?' (Size = 255)], CommandType='Text', CommandTimeout='30']
      SELECT CASE
          WHEN EXISTS (
              SELECT 1
              FROM [Notifications] AS [n]
              WHERE [n].[TicketId] = @_8__locals1_ticket_Id AND [n].[UserId] = @_8__locals1_ticket_AssigneeId AND [n].[Type] = @type) THEN CAST(1 AS bit)
          ELSE CAST(0 AS bit)
      END
info: Microsoft.EntityFrameworkCore.Database.Command[20101]
      Executed DbCommand (1ms) [Parameters=[@_8__locals1_ticket_Id='?' (DbType = Guid), @_8__locals1_ticket_AssigneeId='?' (DbType = Guid), @type='?' (Size = 255)], CommandType='Text', CommandTimeout='30']
      SELECT CASE
          WHEN EXISTS (
              SELECT 1
              FROM [Notifications] AS [n]
              WHERE [n].[TicketId] = @_8__locals1_ticket_Id AND [n].[UserId] = @_8__locals1_ticket_AssigneeId AND [n].[Type] = @type) THEN CAST(1 AS bit)
          ELSE CAST(0 AS bit)
      END
info: Microsoft.EntityFrameworkCore.Database.Command[20101]
      Executed DbCommand (1ms) [Parameters=[@_8__locals1_ticket_Id='?' (DbType = Guid), @_8__locals1_ticket_AssigneeId='?' (DbType = Guid), @type='?' (Size = 255)], CommandType='Text', CommandTimeout='30']
      SELECT CASE
          WHEN EXISTS (
              SELECT 1
              FROM [Notifications] AS [n]
              WHERE [n].[TicketId] = @_8__locals1_ticket_Id AND [n].[UserId] = @_8__locals1_ticket_AssigneeId AND [n].[Type] = @type) THEN CAST(1 AS bit)
          ELSE CAST(0 AS bit)
      END
info: Microsoft.EntityFrameworkCore.Database.Command[20101]
      Executed DbCommand (1ms) [Parameters=[@_8__locals1_ticket_Id='?' (DbType = Guid), @_8__locals1_ticket_AssigneeId='?' (DbType = Guid), @type='?' (Size = 255)], CommandType='Text', CommandTimeout='30']
      SELECT CASE
          WHEN EXISTS (
              SELECT 1
              FROM [Notifications] AS [n]
              WHERE [n].[TicketId] = @_8__locals1_ticket_Id AND [n].[UserId] = @_8__locals1_ticket_AssigneeId AND [n].[Type] = @type) THEN CAST(1 AS bit)
          ELSE CAST(0 AS bit)
      END
info: Microsoft.EntityFrameworkCore.Database.Command[20101]
      Executed DbCommand (1ms) [Parameters=[@_8__locals1_ticket_Id='?' (DbType = Guid), @_8__locals1_ticket_AssigneeId='?' (DbType = Guid), @type='?' (Size = 255)], CommandType='Text', CommandTimeout='30']
      SELECT CASE
          WHEN EXISTS (
              SELECT 1
              FROM [Notifications] AS [n]
              WHERE [n].[TicketId] = @_8__locals1_ticket_Id AND [n].[UserId] = @_8__locals1_ticket_AssigneeId AND [n].[Type] = @type) THEN CAST(1 AS bit)
          ELSE CAST(0 AS bit)
      END
info: Microsoft.EntityFrameworkCore.Database.Command[20101]
      Executed DbCommand (1ms) [Parameters=[@_8__locals1_ticket_Id='?' (DbType = Guid), @_8__locals1_ticket_AssigneeId='?' (DbType = Guid), @type='?' (Size = 255)], CommandType='Text', CommandTimeout='30']
      SELECT CASE
          WHEN EXISTS (
              SELECT 1
              FROM [Notifications] AS [n]
              WHERE [n].[TicketId] = @_8__locals1_ticket_Id AND [n].[UserId] = @_8__locals1_ticket_AssigneeId AND [n].[Type] = @type) THEN CAST(1 AS bit)
          ELSE CAST(0 AS bit)
      END
info: Microsoft.EntityFrameworkCore.Database.Command[20101]
      Executed DbCommand (1ms) [Parameters=[@_8__locals1_ticket_Id='?' (DbType = Guid), @_8__locals1_ticket_AssigneeId='?' (DbType = Guid), @type='?' (Size = 255)], CommandType='Text', CommandTimeout='30']
      SELECT CASE
          WHEN EXISTS (
              SELECT 1
              FROM [Notifications] AS [n]
              WHERE [n].[TicketId] = @_8__locals1_ticket_Id AND [n].[UserId] = @_8__locals1_ticket_AssigneeId AND [n].[Type] = @type) THEN CAST(1 AS bit)
          ELSE CAST(0 AS bit)
      END
info: Microsoft.EntityFrameworkCore.Database.Command[20101]
      Executed DbCommand (1ms) [Parameters=[@_8__locals1_ticket_Id='?' (DbType = Guid), @_8__locals1_ticket_AssigneeId='?' (DbType = Guid), @type='?' (Size = 255)], CommandType='Text', CommandTimeout='30']
      SELECT CASE
          WHEN EXISTS (
              SELECT 1
              FROM [Notifications] AS [n]
              WHERE [n].[TicketId] = @_8__locals1_ticket_Id AND [n].[UserId] = @_8__locals1_ticket_AssigneeId AND [n].[Type] = @type) THEN CAST(1 AS bit)
          ELSE CAST(0 AS bit)
      END
info: Microsoft.EntityFrameworkCore.Database.Command[20101]
      Executed DbCommand (1ms) [Parameters=[@_8__locals1_ticket_Id='?' (DbType = Guid), @_8__locals1_ticket_AssigneeId='?' (DbType = Guid), @type='?' (Size = 255)], CommandType='Text', CommandTimeout='30']
      SELECT CASE
          WHEN EXISTS (
              SELECT 1
              FROM [Notifications] AS [n]
              WHERE [n].[TicketId] = @_8__locals1_ticket_Id AND [n].[UserId] = @_8__locals1_ticket_AssigneeId AND [n].[Type] = @type) THEN CAST(1 AS bit)
          ELSE CAST(0 AS bit)
      END
info: Microsoft.EntityFrameworkCore.Database.Command[20101]
      Executed DbCommand (1ms) [Parameters=[@_8__locals1_ticket_Id='?' (DbType = Guid), @_8__locals1_ticket_AssigneeId='?' (DbType = Guid), @type='?' (Size = 255)], CommandType='Text', CommandTimeout='30']
      SELECT CASE
          WHEN EXISTS (
              SELECT 1
              FROM [Notifications] AS [n]
              WHERE [n].[TicketId] = @_8__locals1_ticket_Id AND [n].[UserId] = @_8__locals1_ticket_AssigneeId AND [n].[Type] = @type) THEN CAST(1 AS bit)
          ELSE CAST(0 AS bit)
      END
info: Microsoft.EntityFrameworkCore.Database.Command[20101]
      Executed DbCommand (1ms) [Parameters=[@_8__locals1_ticket_Id='?' (DbType = Guid), @_8__locals1_ticket_AssigneeId='?' (DbType = Guid), @type='?' (Size = 255)], CommandType='Text', CommandTimeout='30']
      SELECT CASE
          WHEN EXISTS (
              SELECT 1
              FROM [Notifications] AS [n]
              WHERE [n].[TicketId] = @_8__locals1_ticket_Id AND [n].[UserId] = @_8__locals1_ticket_AssigneeId AND [n].[Type] = @type) THEN CAST(1 AS bit)
          ELSE CAST(0 AS bit)
      END
info: Microsoft.EntityFrameworkCore.Database.Command[20101]
      Executed DbCommand (1ms) [Parameters=[@_8__locals1_ticket_Id='?' (DbType = Guid), @_8__locals1_ticket_AssigneeId='?' (DbType = Guid), @type='?' (Size = 255)], CommandType='Text', CommandTimeout='30']
      SELECT CASE
          WHEN EXISTS (
              SELECT 1
              FROM [Notifications] AS [n]
              WHERE [n].[TicketId] = @_8__locals1_ticket_Id AND [n].[UserId] = @_8__locals1_ticket_AssigneeId AND [n].[Type] = @type) THEN CAST(1 AS bit)
          ELSE CAST(0 AS bit)
      END
info: Microsoft.EntityFrameworkCore.Database.Command[20101]
      Executed DbCommand (1ms) [Parameters=[@_8__locals1_ticket_Id='?' (DbType = Guid), @_8__locals1_ticket_AssigneeId='?' (DbType = Guid), @type='?' (Size = 255)], CommandType='Text', CommandTimeout='30']
      SELECT CASE
          WHEN EXISTS (
              SELECT 1
              FROM [Notifications] AS [n]
              WHERE [n].[TicketId] = @_8__locals1_ticket_Id AND [n].[UserId] = @_8__locals1_ticket_AssigneeId AND [n].[Type] = @type) THEN CAST(1 AS bit)
          ELSE CAST(0 AS bit)
      END
info: Microsoft.EntityFrameworkCore.Database.Command[20101]
      Executed DbCommand (1ms) [Parameters=[@_8__locals1_ticket_Id='?' (DbType = Guid), @_8__locals1_ticket_AssigneeId='?' (DbType = Guid), @type='?' (Size = 255)], CommandType='Text', CommandTimeout='30']
      SELECT CASE
          WHEN EXISTS (
              SELECT 1
              FROM [Notifications] AS [n]
              WHERE [n].[TicketId] = @_8__locals1_ticket_Id AND [n].[UserId] = @_8__locals1_ticket_AssigneeId AND [n].[Type] = @type) THEN CAST(1 AS bit)
          ELSE CAST(0 AS bit)
      END
info: Microsoft.EntityFrameworkCore.Database.Command[20101]
      Executed DbCommand (1ms) [Parameters=[@_8__locals1_ticket_Id='?' (DbType = Guid), @_8__locals1_ticket_AssigneeId='?' (DbType = Guid), @type='?' (Size = 255)], CommandType='Text', CommandTimeout='30']
      SELECT CASE
          WHEN EXISTS (
              SELECT 1
              FROM [Notifications] AS [n]
              WHERE [n].[TicketId] = @_8__locals1_ticket_Id AND [n].[UserId] = @_8__locals1_ticket_AssigneeId AND [n].[Type] = @type) THEN CAST(1 AS bit)
          ELSE CAST(0 AS bit)
      END
info: Microsoft.EntityFrameworkCore.Database.Command[20101]
      Executed DbCommand (1ms) [Parameters=[@_8__locals1_ticket_Id='?' (DbType = Guid), @_8__locals1_ticket_AssigneeId='?' (DbType = Guid), @type='?' (Size = 255)], CommandType='Text', CommandTimeout='30']
      SELECT CASE
          WHEN EXISTS (
              SELECT 1
              FROM [Notifications] AS [n]
              WHERE [n].[TicketId] = @_8__locals1_ticket_Id AND [n].[UserId] = @_8__locals1_ticket_AssigneeId AND [n].[Type] = @type) THEN CAST(1 AS bit)
          ELSE CAST(0 AS bit)
      END
info: Microsoft.EntityFrameworkCore.Database.Command[20101]
      Executed DbCommand (1ms) [Parameters=[@_8__locals1_ticket_Id='?' (DbType = Guid), @_8__locals1_ticket_AssigneeId='?' (DbType = Guid), @type='?' (Size = 255)], CommandType='Text', CommandTimeout='30']
      SELECT CASE
          WHEN EXISTS (
              SELECT 1
              FROM [Notifications] AS [n]
              WHERE [n].[TicketId] = @_8__locals1_ticket_Id AND [n].[UserId] = @_8__locals1_ticket_AssigneeId AND [n].[Type] = @type) THEN CAST(1 AS bit)
          ELSE CAST(0 AS bit)
      END
info: Microsoft.EntityFrameworkCore.Database.Command[20101]
      Executed DbCommand (1ms) [Parameters=[@_8__locals1_ticket_Id='?' (DbType = Guid), @_8__locals1_ticket_AssigneeId='?' (DbType = Guid), @type='?' (Size = 255)], CommandType='Text', CommandTimeout='30']
      SELECT CASE
          WHEN EXISTS (
              SELECT 1
              FROM [Notifications] AS [n]
              WHERE [n].[TicketId] = @_8__locals1_ticket_Id AND [n].[UserId] = @_8__locals1_ticket_AssigneeId AND [n].[Type] = @type) THEN CAST(1 AS bit)
          ELSE CAST(0 AS bit)
      END
info: Microsoft.EntityFrameworkCore.Database.Command[20101]
      Executed DbCommand (37ms) [Parameters=[@warningCutoff='?' (DbType = DateTime2)], CommandType='Text', CommandTimeout='30']
      SELECT [t].[Id], [t].[AiSuggestedRoute], [t].[ApplicantFirstName], [t].[ApplicantId], [t].[ApplicantLastName], [t].[Application], [t].[AssigneeId], [t].[ClosingDate], [t].[CreatedAtUtc], [t].[Description], [t].[DomainId], [t].[EcrNumber], [t].[EnglishAccepted], [t].[JiraLink], [t].[LastSyncDate], [t].[Level], [t].[ModuleId], [t].[PartNumber], [t].[Priority], [t].[ReactivityDuration], [t].[ReferenceKZ], [t].[ReferenceSTLA], [t].[ResolvedAtUtc], [t].[SiteId], [t].[SlaDeadlineUtc], [t].[SourceSystemId], [t].[Status], [t].[SubModule], [t].[Summary], [t].[Title]
      FROM [Tickets] AS [t]
      WHERE [t].[AssigneeId] IS NOT NULL AND [t].[Status] IN (1, 2) AND [t].[SlaDeadlineUtc] <= @warningCutoff
info: Microsoft.EntityFrameworkCore.Database.Command[20101]
      Executed DbCommand (7ms) [Parameters=[@_8__locals1_ticket_Id='?' (DbType = Guid), @_8__locals1_ticket_AssigneeId='?' (DbType = Guid), @type='?' (Size = 255)], CommandType='Text', CommandTimeout='30']
      SELECT CASE
          WHEN EXISTS (
              SELECT 1
              FROM [Notifications] AS [n]
              WHERE [n].[TicketId] = @_8__locals1_ticket_Id AND [n].[UserId] = @_8__locals1_ticket_AssigneeId AND [n].[Type] = @type) THEN CAST(1 AS bit)
          ELSE CAST(0 AS bit)
      END
info: Microsoft.EntityFrameworkCore.Database.Command[20101]
      Executed DbCommand (0ms) [Parameters=[@_8__locals1_ticket_Id='?' (DbType = Guid), @_8__locals1_ticket_AssigneeId='?' (DbType = Guid), @type='?' (Size = 255)], CommandType='Text', CommandTimeout='30']
      SELECT CASE
          WHEN EXISTS (
              SELECT 1
              FROM [Notifications] AS [n]
              WHERE [n].[TicketId] = @_8__locals1_ticket_Id AND [n].[UserId] = @_8__locals1_ticket_AssigneeId AND [n].[Type] = @type) THEN CAST(1 AS bit)
          ELSE CAST(0 AS bit)
      END
info: Microsoft.EntityFrameworkCore.Database.Command[20101]
      Executed DbCommand (0ms) [Parameters=[@_8__locals1_ticket_Id='?' (DbType = Guid), @_8__locals1_ticket_AssigneeId='?' (DbType = Guid), @type='?' (Size = 255)], CommandType='Text', CommandTimeout='30']
      SELECT CASE
          WHEN EXISTS (
              SELECT 1
              FROM [Notifications] AS [n]
              WHERE [n].[TicketId] = @_8__locals1_ticket_Id AND [n].[UserId] = @_8__locals1_ticket_AssigneeId AND [n].[Type] = @type) THEN CAST(1 AS bit)
          ELSE CAST(0 AS bit)
      END
info: Microsoft.EntityFrameworkCore.Database.Command[20101]
      Executed DbCommand (0ms) [Parameters=[@_8__locals1_ticket_Id='?' (DbType = Guid), @_8__locals1_ticket_AssigneeId='?' (DbType = Guid), @type='?' (Size = 255)], CommandType='Text', CommandTimeout='30']
      SELECT CASE
          WHEN EXISTS (
              SELECT 1
              FROM [Notifications] AS [n]
              WHERE [n].[TicketId] = @_8__locals1_ticket_Id AND [n].[UserId] = @_8__locals1_ticket_AssigneeId AND [n].[Type] = @type) THEN CAST(1 AS bit)
          ELSE CAST(0 AS bit)
      END
info: Microsoft.EntityFrameworkCore.Database.Command[20101]
      Executed DbCommand (0ms) [Parameters=[@_8__locals1_ticket_Id='?' (DbType = Guid), @_8__locals1_ticket_AssigneeId='?' (DbType = Guid), @type='?' (Size = 255)], CommandType='Text', CommandTimeout='30']
      SELECT CASE
          WHEN EXISTS (
              SELECT 1
              FROM [Notifications] AS [n]
              WHERE [n].[TicketId] = @_8__locals1_ticket_Id AND [n].[UserId] = @_8__locals1_ticket_AssigneeId AND [n].[Type] = @type) THEN CAST(1 AS bit)
          ELSE CAST(0 AS bit)
      END
info: Microsoft.EntityFrameworkCore.Database.Command[20101]
      Executed DbCommand (0ms) [Parameters=[@_8__locals1_ticket_Id='?' (DbType = Guid), @_8__locals1_ticket_AssigneeId='?' (DbType = Guid), @type='?' (Size = 255)], CommandType='Text', CommandTimeout='30']
      SELECT CASE
          WHEN EXISTS (
              SELECT 1
              FROM [Notifications] AS [n]
              WHERE [n].[TicketId] = @_8__locals1_ticket_Id AND [n].[UserId] = @_8__locals1_ticket_AssigneeId AND [n].[Type] = @type) THEN CAST(1 AS bit)
          ELSE CAST(0 AS bit)
      END
info: Microsoft.EntityFrameworkCore.Database.Command[20101]
      Executed DbCommand (0ms) [Parameters=[@_8__locals1_ticket_Id='?' (DbType = Guid), @_8__locals1_ticket_AssigneeId='?' (DbType = Guid), @type='?' (Size = 255)], CommandType='Text', CommandTimeout='30']
      SELECT CASE
          WHEN EXISTS (
              SELECT 1
              FROM [Notifications] AS [n]
              WHERE [n].[TicketId] = @_8__locals1_ticket_Id AND [n].[UserId] = @_8__locals1_ticket_AssigneeId AND [n].[Type] = @type) THEN CAST(1 AS bit)
          ELSE CAST(0 AS bit)
      END
info: Microsoft.EntityFrameworkCore.Database.Command[20101]
      Executed DbCommand (0ms) [Parameters=[@_8__locals1_ticket_Id='?' (DbType = Guid), @_8__locals1_ticket_AssigneeId='?' (DbType = Guid), @type='?' (Size = 255)], CommandType='Text', CommandTimeout='30']
      SELECT CASE
          WHEN EXISTS (
              SELECT 1
              FROM [Notifications] AS [n]
              WHERE [n].[TicketId] = @_8__locals1_ticket_Id AND [n].[UserId] = @_8__locals1_ticket_AssigneeId AND [n].[Type] = @type) THEN CAST(1 AS bit)
          ELSE CAST(0 AS bit)
      END
info: Microsoft.EntityFrameworkCore.Database.Command[20101]
      Executed DbCommand (0ms) [Parameters=[@_8__locals1_ticket_Id='?' (DbType = Guid), @_8__locals1_ticket_AssigneeId='?' (DbType = Guid), @type='?' (Size = 255)], CommandType='Text', CommandTimeout='30']
      SELECT CASE
          WHEN EXISTS (
              SELECT 1
              FROM [Notifications] AS [n]
              WHERE [n].[TicketId] = @_8__locals1_ticket_Id AND [n].[UserId] = @_8__locals1_ticket_AssigneeId AND [n].[Type] = @type) THEN CAST(1 AS bit)
          ELSE CAST(0 AS bit)
      END
info: Microsoft.EntityFrameworkCore.Database.Command[20101]
      Executed DbCommand (0ms) [Parameters=[@_8__locals1_ticket_Id='?' (DbType = Guid), @_8__locals1_ticket_AssigneeId='?' (DbType = Guid), @type='?' (Size = 255)], CommandType='Text', CommandTimeout='30']
      SELECT CASE
          WHEN EXISTS (
              SELECT 1
              FROM [Notifications] AS [n]
              WHERE [n].[TicketId] = @_8__locals1_ticket_Id AND [n].[UserId] = @_8__locals1_ticket_AssigneeId AND [n].[Type] = @type) THEN CAST(1 AS bit)
          ELSE CAST(0 AS bit)
      END
info: Microsoft.EntityFrameworkCore.Database.Command[20101]
      Executed DbCommand (0ms) [Parameters=[@_8__locals1_ticket_Id='?' (DbType = Guid), @_8__locals1_ticket_AssigneeId='?' (DbType = Guid), @type='?' (Size = 255)], CommandType='Text', CommandTimeout='30']
      SELECT CASE
          WHEN EXISTS (
              SELECT 1
              FROM [Notifications] AS [n]
              WHERE [n].[TicketId] = @_8__locals1_ticket_Id AND [n].[UserId] = @_8__locals1_ticket_AssigneeId AND [n].[Type] = @type) THEN CAST(1 AS bit)
          ELSE CAST(0 AS bit)
      END
info: Microsoft.EntityFrameworkCore.Database.Command[20101]
      Executed DbCommand (0ms) [Parameters=[@_8__locals1_ticket_Id='?' (DbType = Guid), @_8__locals1_ticket_AssigneeId='?' (DbType = Guid), @type='?' (Size = 255)], CommandType='Text', CommandTimeout='30']
      SELECT CASE
          WHEN EXISTS (
              SELECT 1
              FROM [Notifications] AS [n]
              WHERE [n].[TicketId] = @_8__locals1_ticket_Id AND [n].[UserId] = @_8__locals1_ticket_AssigneeId AND [n].[Type] = @type) THEN CAST(1 AS bit)
          ELSE CAST(0 AS bit)
      END
info: Microsoft.EntityFrameworkCore.Database.Command[20101]
      Executed DbCommand (0ms) [Parameters=[@_8__locals1_ticket_Id='?' (DbType = Guid), @_8__locals1_ticket_AssigneeId='?' (DbType = Guid), @type='?' (Size = 255)], CommandType='Text', CommandTimeout='30']
      SELECT CASE
          WHEN EXISTS (
              SELECT 1
              FROM [Notifications] AS [n]
              WHERE [n].[TicketId] = @_8__locals1_ticket_Id AND [n].[UserId] = @_8__locals1_ticket_AssigneeId AND [n].[Type] = @type) THEN CAST(1 AS bit)
          ELSE CAST(0 AS bit)
      END
info: Microsoft.EntityFrameworkCore.Database.Command[20101]
      Executed DbCommand (0ms) [Parameters=[@_8__locals1_ticket_Id='?' (DbType = Guid), @_8__locals1_ticket_AssigneeId='?' (DbType = Guid), @type='?' (Size = 255)], CommandType='Text', CommandTimeout='30']
      SELECT CASE
          WHEN EXISTS (
              SELECT 1
              FROM [Notifications] AS [n]
              WHERE [n].[TicketId] = @_8__locals1_ticket_Id AND [n].[UserId] = @_8__locals1_ticket_AssigneeId AND [n].[Type] = @type) THEN CAST(1 AS bit)
          ELSE CAST(0 AS bit)
      END
info: Microsoft.EntityFrameworkCore.Database.Command[20101]
      Executed DbCommand (0ms) [Parameters=[@_8__locals1_ticket_Id='?' (DbType = Guid), @_8__locals1_ticket_AssigneeId='?' (DbType = Guid), @type='?' (Size = 255)], CommandType='Text', CommandTimeout='30']
      SELECT CASE
          WHEN EXISTS (
              SELECT 1
              FROM [Notifications] AS [n]
              WHERE [n].[TicketId] = @_8__locals1_ticket_Id AND [n].[UserId] = @_8__locals1_ticket_AssigneeId AND [n].[Type] = @type) THEN CAST(1 AS bit)
          ELSE CAST(0 AS bit)
      END
info: Microsoft.EntityFrameworkCore.Database.Command[20101]
      Executed DbCommand (0ms) [Parameters=[@_8__locals1_ticket_Id='?' (DbType = Guid), @_8__locals1_ticket_AssigneeId='?' (DbType = Guid), @type='?' (Size = 255)], CommandType='Text', CommandTimeout='30']
      SELECT CASE
          WHEN EXISTS (
              SELECT 1
              FROM [Notifications] AS [n]
              WHERE [n].[TicketId] = @_8__locals1_ticket_Id AND [n].[UserId] = @_8__locals1_ticket_AssigneeId AND [n].[Type] = @type) THEN CAST(1 AS bit)
          ELSE CAST(0 AS bit)
      END
info: Microsoft.EntityFrameworkCore.Database.Command[20101]
      Executed DbCommand (0ms) [Parameters=[@_8__locals1_ticket_Id='?' (DbType = Guid), @_8__locals1_ticket_AssigneeId='?' (DbType = Guid), @type='?' (Size = 255)], CommandType='Text', CommandTimeout='30']
      SELECT CASE
          WHEN EXISTS (
              SELECT 1
              FROM [Notifications] AS [n]
              WHERE [n].[TicketId] = @_8__locals1_ticket_Id AND [n].[UserId] = @_8__locals1_ticket_AssigneeId AND [n].[Type] = @type) THEN CAST(1 AS bit)
          ELSE CAST(0 AS bit)
      END
info: Microsoft.EntityFrameworkCore.Database.Command[20101]
      Executed DbCommand (0ms) [Parameters=[@_8__locals1_ticket_Id='?' (DbType = Guid), @_8__locals1_ticket_AssigneeId='?' (DbType = Guid), @type='?' (Size = 255)], CommandType='Text', CommandTimeout='30']
      SELECT CASE
          WHEN EXISTS (
              SELECT 1
              FROM [Notifications] AS [n]
              WHERE [n].[TicketId] = @_8__locals1_ticket_Id AND [n].[UserId] = @_8__locals1_ticket_AssigneeId AND [n].[Type] = @type) THEN CAST(1 AS bit)
          ELSE CAST(0 AS bit)
      END
info: Microsoft.EntityFrameworkCore.Database.Command[20101]
      Executed DbCommand (0ms) [Parameters=[@_8__locals1_ticket_Id='?' (DbType = Guid), @_8__locals1_ticket_AssigneeId='?' (DbType = Guid), @type='?' (Size = 255)], CommandType='Text', CommandTimeout='30']
      SELECT CASE
          WHEN EXISTS (
              SELECT 1
              FROM [Notifications] AS [n]
              WHERE [n].[TicketId] = @_8__locals1_ticket_Id AND [n].[UserId] = @_8__locals1_ticket_AssigneeId AND [n].[Type] = @type) THEN CAST(1 AS bit)
          ELSE CAST(0 AS bit)
      END
info: Microsoft.EntityFrameworkCore.Database.Command[20101]
      Executed DbCommand (0ms) [Parameters=[@_8__locals1_ticket_Id='?' (DbType = Guid), @_8__locals1_ticket_AssigneeId='?' (DbType = Guid), @type='?' (Size = 255)], CommandType='Text', CommandTimeout='30']
      SELECT CASE
          WHEN EXISTS (
              SELECT 1
              FROM [Notifications] AS [n]
              WHERE [n].[TicketId] = @_8__locals1_ticket_Id AND [n].[UserId] = @_8__locals1_ticket_AssigneeId AND [n].[Type] = @type) THEN CAST(1 AS bit)
          ELSE CAST(0 AS bit)
      END
info: Microsoft.EntityFrameworkCore.Database.Command[20101]
      Executed DbCommand (0ms) [Parameters=[@_8__locals1_ticket_Id='?' (DbType = Guid), @_8__locals1_ticket_AssigneeId='?' (DbType = Guid), @type='?' (Size = 255)], CommandType='Text', CommandTimeout='30']
      SELECT CASE
          WHEN EXISTS (
              SELECT 1
              FROM [Notifications] AS [n]
              WHERE [n].[TicketId] = @_8__locals1_ticket_Id AND [n].[UserId] = @_8__locals1_ticket_AssigneeId AND [n].[Type] = @type) THEN CAST(1 AS bit)
          ELSE CAST(0 AS bit)
      END
info: Microsoft.EntityFrameworkCore.Database.Command[20101]
      Executed DbCommand (0ms) [Parameters=[@_8__locals1_ticket_Id='?' (DbType = Guid), @_8__locals1_ticket_AssigneeId='?' (DbType = Guid), @type='?' (Size = 255)], CommandType='Text', CommandTimeout='30']
      SELECT CASE
          WHEN EXISTS (
              SELECT 1
              FROM [Notifications] AS [n]
              WHERE [n].[TicketId] = @_8__locals1_ticket_Id AND [n].[UserId] = @_8__locals1_ticket_AssigneeId AND [n].[Type] = @type) THEN CAST(1 AS bit)
          ELSE CAST(0 AS bit)
      END
info: Microsoft.EntityFrameworkCore.Database.Command[20101]
      Executed DbCommand (0ms) [Parameters=[@_8__locals1_ticket_Id='?' (DbType = Guid), @_8__locals1_ticket_AssigneeId='?' (DbType = Guid), @type='?' (Size = 255)], CommandType='Text', CommandTimeout='30']
      SELECT CASE
          WHEN EXISTS (
              SELECT 1
              FROM [Notifications] AS [n]
              WHERE [n].[TicketId] = @_8__locals1_ticket_Id AND [n].[UserId] = @_8__locals1_ticket_AssigneeId AND [n].[Type] = @type) THEN CAST(1 AS bit)
          ELSE CAST(0 AS bit)
      END
info: Microsoft.EntityFrameworkCore.Database.Command[20101]
      Executed DbCommand (55ms) [Parameters=[@warningCutoff='?' (DbType = DateTime2)], CommandType='Text', CommandTimeout='30']
      SELECT [t].[Id], [t].[AiSuggestedRoute], [t].[ApplicantFirstName], [t].[ApplicantId], [t].[ApplicantLastName], [t].[Application], [t].[AssigneeId], [t].[ClosingDate], [t].[CreatedAtUtc], [t].[Description], [t].[DomainId], [t].[EcrNumber], [t].[EnglishAccepted], [t].[JiraLink], [t].[LastSyncDate], [t].[Level], [t].[ModuleId], [t].[PartNumber], [t].[Priority], [t].[ReactivityDuration], [t].[ReferenceKZ], [t].[ReferenceSTLA], [t].[ResolvedAtUtc], [t].[SiteId], [t].[SlaDeadlineUtc], [t].[SourceSystemId], [t].[Status], [t].[SubModule], [t].[Summary], [t].[Title]
      FROM [Tickets] AS [t]
      WHERE [t].[AssigneeId] IS NOT NULL AND [t].[Status] IN (1, 2) AND [t].[SlaDeadlineUtc] <= @warningCutoff
info: Microsoft.EntityFrameworkCore.Database.Command[20101]
      Executed DbCommand (20ms) [Parameters=[@_8__locals1_ticket_Id='?' (DbType = Guid), @_8__locals1_ticket_AssigneeId='?' (DbType = Guid), @type='?' (Size = 255)], CommandType='Text', CommandTimeout='30']
      SELECT CASE
          WHEN EXISTS (
              SELECT 1
              FROM [Notifications] AS [n]
              WHERE [n].[TicketId] = @_8__locals1_ticket_Id AND [n].[UserId] = @_8__locals1_ticket_AssigneeId AND [n].[Type] = @type) THEN CAST(1 AS bit)
          ELSE CAST(0 AS bit)
      END
info: Microsoft.EntityFrameworkCore.Database.Command[20101]
      Executed DbCommand (1ms) [Parameters=[@_8__locals1_ticket_Id='?' (DbType = Guid), @_8__locals1_ticket_AssigneeId='?' (DbType = Guid), @type='?' (Size = 255)], CommandType='Text', CommandTimeout='30']
      SELECT CASE
          WHEN EXISTS (
              SELECT 1
              FROM [Notifications] AS [n]
              WHERE [n].[TicketId] = @_8__locals1_ticket_Id AND [n].[UserId] = @_8__locals1_ticket_AssigneeId AND [n].[Type] = @type) THEN CAST(1 AS bit)
          ELSE CAST(0 AS bit)
      END
info: Microsoft.EntityFrameworkCore.Database.Command[20101]
      Executed DbCommand (1ms) [Parameters=[@_8__locals1_ticket_Id='?' (DbType = Guid), @_8__locals1_ticket_AssigneeId='?' (DbType = Guid), @type='?' (Size = 255)], CommandType='Text', CommandTimeout='30']
      SELECT CASE
          WHEN EXISTS (
              SELECT 1
              FROM [Notifications] AS [n]
              WHERE [n].[TicketId] = @_8__locals1_ticket_Id AND [n].[UserId] = @_8__locals1_ticket_AssigneeId AND [n].[Type] = @type) THEN CAST(1 AS bit)
          ELSE CAST(0 AS bit)
      END
info: Microsoft.EntityFrameworkCore.Database.Command[20101]
      Executed DbCommand (1ms) [Parameters=[@_8__locals1_ticket_Id='?' (DbType = Guid), @_8__locals1_ticket_AssigneeId='?' (DbType = Guid), @type='?' (Size = 255)], CommandType='Text', CommandTimeout='30']
      SELECT CASE
          WHEN EXISTS (
              SELECT 1
              FROM [Notifications] AS [n]
              WHERE [n].[TicketId] = @_8__locals1_ticket_Id AND [n].[UserId] = @_8__locals1_ticket_AssigneeId AND [n].[Type] = @type) THEN CAST(1 AS bit)
          ELSE CAST(0 AS bit)
      END
info: Microsoft.EntityFrameworkCore.Database.Command[20101]
      Executed DbCommand (1ms) [Parameters=[@_8__locals1_ticket_Id='?' (DbType = Guid), @_8__locals1_ticket_AssigneeId='?' (DbType = Guid), @type='?' (Size = 255)], CommandType='Text', CommandTimeout='30']
      SELECT CASE
          WHEN EXISTS (
              SELECT 1
              FROM [Notifications] AS [n]
              WHERE [n].[TicketId] = @_8__locals1_ticket_Id AND [n].[UserId] = @_8__locals1_ticket_AssigneeId AND [n].[Type] = @type) THEN CAST(1 AS bit)
          ELSE CAST(0 AS bit)
      END
info: Microsoft.EntityFrameworkCore.Database.Command[20101]
      Executed DbCommand (1ms) [Parameters=[@_8__locals1_ticket_Id='?' (DbType = Guid), @_8__locals1_ticket_AssigneeId='?' (DbType = Guid), @type='?' (Size = 255)], CommandType='Text', CommandTimeout='30']
      SELECT CASE
          WHEN EXISTS (
              SELECT 1
              FROM [Notifications] AS [n]
              WHERE [n].[TicketId] = @_8__locals1_ticket_Id AND [n].[UserId] = @_8__locals1_ticket_AssigneeId AND [n].[Type] = @type) THEN CAST(1 AS bit)
          ELSE CAST(0 AS bit)
      END
info: Microsoft.EntityFrameworkCore.Database.Command[20101]
      Executed DbCommand (1ms) [Parameters=[@_8__locals1_ticket_Id='?' (DbType = Guid), @_8__locals1_ticket_AssigneeId='?' (DbType = Guid), @type='?' (Size = 255)], CommandType='Text', CommandTimeout='30']
      SELECT CASE
          WHEN EXISTS (
              SELECT 1
              FROM [Notifications] AS [n]
              WHERE [n].[TicketId] = @_8__locals1_ticket_Id AND [n].[UserId] = @_8__locals1_ticket_AssigneeId AND [n].[Type] = @type) THEN CAST(1 AS bit)
          ELSE CAST(0 AS bit)
      END
info: Microsoft.EntityFrameworkCore.Database.Command[20101]
      Executed DbCommand (1ms) [Parameters=[@_8__locals1_ticket_Id='?' (DbType = Guid), @_8__locals1_ticket_AssigneeId='?' (DbType = Guid), @type='?' (Size = 255)], CommandType='Text', CommandTimeout='30']
      SELECT CASE
          WHEN EXISTS (
              SELECT 1
              FROM [Notifications] AS [n]
              WHERE [n].[TicketId] = @_8__locals1_ticket_Id AND [n].[UserId] = @_8__locals1_ticket_AssigneeId AND [n].[Type] = @type) THEN CAST(1 AS bit)
          ELSE CAST(0 AS bit)
      END
info: Microsoft.EntityFrameworkCore.Database.Command[20101]
      Executed DbCommand (1ms) [Parameters=[@_8__locals1_ticket_Id='?' (DbType = Guid), @_8__locals1_ticket_AssigneeId='?' (DbType = Guid), @type='?' (Size = 255)], CommandType='Text', CommandTimeout='30']
      SELECT CASE
          WHEN EXISTS (
              SELECT 1
              FROM [Notifications] AS [n]
              WHERE [n].[TicketId] = @_8__locals1_ticket_Id AND [n].[UserId] = @_8__locals1_ticket_AssigneeId AND [n].[Type] = @type) THEN CAST(1 AS bit)
          ELSE CAST(0 AS bit)
      END
info: Microsoft.EntityFrameworkCore.Database.Command[20101]
      Executed DbCommand (1ms) [Parameters=[@_8__locals1_ticket_Id='?' (DbType = Guid), @_8__locals1_ticket_AssigneeId='?' (DbType = Guid), @type='?' (Size = 255)], CommandType='Text', CommandTimeout='30']
      SELECT CASE
          WHEN EXISTS (
              SELECT 1
              FROM [Notifications] AS [n]
              WHERE [n].[TicketId] = @_8__locals1_ticket_Id AND [n].[UserId] = @_8__locals1_ticket_AssigneeId AND [n].[Type] = @type) THEN CAST(1 AS bit)
          ELSE CAST(0 AS bit)
      END
info: Microsoft.EntityFrameworkCore.Database.Command[20101]
      Executed DbCommand (1ms) [Parameters=[@_8__locals1_ticket_Id='?' (DbType = Guid), @_8__locals1_ticket_AssigneeId='?' (DbType = Guid), @type='?' (Size = 255)], CommandType='Text', CommandTimeout='30']
      SELECT CASE
          WHEN EXISTS (
              SELECT 1
              FROM [Notifications] AS [n]
              WHERE [n].[TicketId] = @_8__locals1_ticket_Id AND [n].[UserId] = @_8__locals1_ticket_AssigneeId AND [n].[Type] = @type) THEN CAST(1 AS bit)
          ELSE CAST(0 AS bit)
      END
info: Microsoft.EntityFrameworkCore.Database.Command[20101]
      Executed DbCommand (1ms) [Parameters=[@_8__locals1_ticket_Id='?' (DbType = Guid), @_8__locals1_ticket_AssigneeId='?' (DbType = Guid), @type='?' (Size = 255)], CommandType='Text', CommandTimeout='30']
      SELECT CASE
          WHEN EXISTS (
              SELECT 1
              FROM [Notifications] AS [n]
              WHERE [n].[TicketId] = @_8__locals1_ticket_Id AND [n].[UserId] = @_8__locals1_ticket_AssigneeId AND [n].[Type] = @type) THEN CAST(1 AS bit)
          ELSE CAST(0 AS bit)
      END
info: Microsoft.EntityFrameworkCore.Database.Command[20101]
      Executed DbCommand (1ms) [Parameters=[@_8__locals1_ticket_Id='?' (DbType = Guid), @_8__locals1_ticket_AssigneeId='?' (DbType = Guid), @type='?' (Size = 255)], CommandType='Text', CommandTimeout='30']
      SELECT CASE
          WHEN EXISTS (
              SELECT 1
              FROM [Notifications] AS [n]
              WHERE [n].[TicketId] = @_8__locals1_ticket_Id AND [n].[UserId] = @_8__locals1_ticket_AssigneeId AND [n].[Type] = @type) THEN CAST(1 AS bit)
          ELSE CAST(0 AS bit)
      END
info: Microsoft.EntityFrameworkCore.Database.Command[20101]
      Executed DbCommand (1ms) [Parameters=[@_8__locals1_ticket_Id='?' (DbType = Guid), @_8__locals1_ticket_AssigneeId='?' (DbType = Guid), @type='?' (Size = 255)], CommandType='Text', CommandTimeout='30']
      SELECT CASE
          WHEN EXISTS (
              SELECT 1
              FROM [Notifications] AS [n]
              WHERE [n].[TicketId] = @_8__locals1_ticket_Id AND [n].[UserId] = @_8__locals1_ticket_AssigneeId AND [n].[Type] = @type) THEN CAST(1 AS bit)
          ELSE CAST(0 AS bit)
      END
info: Microsoft.EntityFrameworkCore.Database.Command[20101]
      Executed DbCommand (1ms) [Parameters=[@_8__locals1_ticket_Id='?' (DbType = Guid), @_8__locals1_ticket_AssigneeId='?' (DbType = Guid), @type='?' (Size = 255)], CommandType='Text', CommandTimeout='30']
      SELECT CASE
          WHEN EXISTS (
              SELECT 1
              FROM [Notifications] AS [n]
              WHERE [n].[TicketId] = @_8__locals1_ticket_Id AND [n].[UserId] = @_8__locals1_ticket_AssigneeId AND [n].[Type] = @type) THEN CAST(1 AS bit)
          ELSE CAST(0 AS bit)
      END
info: Microsoft.EntityFrameworkCore.Database.Command[20101]
      Executed DbCommand (1ms) [Parameters=[@_8__locals1_ticket_Id='?' (DbType = Guid), @_8__locals1_ticket_AssigneeId='?' (DbType = Guid), @type='?' (Size = 255)], CommandType='Text', CommandTimeout='30']
      SELECT CASE
          WHEN EXISTS (
              SELECT 1
              FROM [Notifications] AS [n]
              WHERE [n].[TicketId] = @_8__locals1_ticket_Id AND [n].[UserId] = @_8__locals1_ticket_AssigneeId AND [n].[Type] = @type) THEN CAST(1 AS bit)
          ELSE CAST(0 AS bit)
      END
info: Microsoft.EntityFrameworkCore.Database.Command[20101]
      Executed DbCommand (1ms) [Parameters=[@_8__locals1_ticket_Id='?' (DbType = Guid), @_8__locals1_ticket_AssigneeId='?' (DbType = Guid), @type='?' (Size = 255)], CommandType='Text', CommandTimeout='30']
      SELECT CASE
          WHEN EXISTS (
              SELECT 1
              FROM [Notifications] AS [n]
              WHERE [n].[TicketId] = @_8__locals1_ticket_Id AND [n].[UserId] = @_8__locals1_ticket_AssigneeId AND [n].[Type] = @type) THEN CAST(1 AS bit)
          ELSE CAST(0 AS bit)
      END
info: Microsoft.EntityFrameworkCore.Database.Command[20101]
      Executed DbCommand (1ms) [Parameters=[@_8__locals1_ticket_Id='?' (DbType = Guid), @_8__locals1_ticket_AssigneeId='?' (DbType = Guid), @type='?' (Size = 255)], CommandType='Text', CommandTimeout='30']
      SELECT CASE
          WHEN EXISTS (
              SELECT 1
              FROM [Notifications] AS [n]
              WHERE [n].[TicketId] = @_8__locals1_ticket_Id AND [n].[UserId] = @_8__locals1_ticket_AssigneeId AND [n].[Type] = @type) THEN CAST(1 AS bit)
          ELSE CAST(0 AS bit)
      END
info: Microsoft.EntityFrameworkCore.Database.Command[20101]
      Executed DbCommand (1ms) [Parameters=[@_8__locals1_ticket_Id='?' (DbType = Guid), @_8__locals1_ticket_AssigneeId='?' (DbType = Guid), @type='?' (Size = 255)], CommandType='Text', CommandTimeout='30']
      SELECT CASE
          WHEN EXISTS (
              SELECT 1
              FROM [Notifications] AS [n]
              WHERE [n].[TicketId] = @_8__locals1_ticket_Id AND [n].[UserId] = @_8__locals1_ticket_AssigneeId AND [n].[Type] = @type) THEN CAST(1 AS bit)
          ELSE CAST(0 AS bit)
      END
info: Microsoft.EntityFrameworkCore.Database.Command[20101]
      Executed DbCommand (1ms) [Parameters=[@_8__locals1_ticket_Id='?' (DbType = Guid), @_8__locals1_ticket_AssigneeId='?' (DbType = Guid), @type='?' (Size = 255)], CommandType='Text', CommandTimeout='30']
      SELECT CASE
          WHEN EXISTS (
              SELECT 1
              FROM [Notifications] AS [n]
              WHERE [n].[TicketId] = @_8__locals1_ticket_Id AND [n].[UserId] = @_8__locals1_ticket_AssigneeId AND [n].[Type] = @type) THEN CAST(1 AS bit)
          ELSE CAST(0 AS bit)
      END
info: Microsoft.EntityFrameworkCore.Database.Command[20101]
      Executed DbCommand (1ms) [Parameters=[@_8__locals1_ticket_Id='?' (DbType = Guid), @_8__locals1_ticket_AssigneeId='?' (DbType = Guid), @type='?' (Size = 255)], CommandType='Text', CommandTimeout='30']
      SELECT CASE
          WHEN EXISTS (
              SELECT 1
              FROM [Notifications] AS [n]
              WHERE [n].[TicketId] = @_8__locals1_ticket_Id AND [n].[UserId] = @_8__locals1_ticket_AssigneeId AND [n].[Type] = @type) THEN CAST(1 AS bit)
          ELSE CAST(0 AS bit)
      END
info: Microsoft.EntityFrameworkCore.Database.Command[20101]
      Executed DbCommand (1ms) [Parameters=[@_8__locals1_ticket_Id='?' (DbType = Guid), @_8__locals1_ticket_AssigneeId='?' (DbType = Guid), @type='?' (Size = 255)], CommandType='Text', CommandTimeout='30']
      SELECT CASE
          WHEN EXISTS (
              SELECT 1
              FROM [Notifications] AS [n]
              WHERE [n].[TicketId] = @_8__locals1_ticket_Id AND [n].[UserId] = @_8__locals1_ticket_AssigneeId AND [n].[Type] = @type) THEN CAST(1 AS bit)
          ELSE CAST(0 AS bit)
      END
info: Microsoft.EntityFrameworkCore.Database.Command[20101]
      Executed DbCommand (1ms) [Parameters=[@_8__locals1_ticket_Id='?' (DbType = Guid), @_8__locals1_ticket_AssigneeId='?' (DbType = Guid), @type='?' (Size = 255)], CommandType='Text', CommandTimeout='30']
      SELECT CASE
          WHEN EXISTS (
              SELECT 1
              FROM [Notifications] AS [n]
              WHERE [n].[TicketId] = @_8__locals1_ticket_Id AND [n].[UserId] = @_8__locals1_ticket_AssigneeId AND [n].[Type] = @type) THEN CAST(1 AS bit)
          ELSE CAST(0 AS bit)
      END
info: Microsoft.EntityFrameworkCore.Database.Command[20101]
      Executed DbCommand (22ms) [Parameters=[@warningCutoff='?' (DbType = DateTime2)], CommandType='Text', CommandTimeout='30']
      SELECT [t].[Id], [t].[AiSuggestedRoute], [t].[ApplicantFirstName], [t].[ApplicantId], [t].[ApplicantLastName], [t].[Application], [t].[AssigneeId], [t].[ClosingDate], [t].[CreatedAtUtc], [t].[Description], [t].[DomainId], [t].[EcrNumber], [t].[EnglishAccepted], [t].[JiraLink], [t].[LastSyncDate], [t].[Level], [t].[ModuleId], [t].[PartNumber], [t].[Priority], [t].[ReactivityDuration], [t].[ReferenceKZ], [t].[ReferenceSTLA], [t].[ResolvedAtUtc], [t].[SiteId], [t].[SlaDeadlineUtc], [t].[SourceSystemId], [t].[Status], [t].[SubModule], [t].[Summary], [t].[Title]
      FROM [Tickets] AS [t]
      WHERE [t].[AssigneeId] IS NOT NULL AND [t].[Status] IN (1, 2) AND [t].[SlaDeadlineUtc] <= @warningCutoff
info: Microsoft.EntityFrameworkCore.Database.Command[20101]
      Executed DbCommand (8ms) [Parameters=[@_8__locals1_ticket_Id='?' (DbType = Guid), @_8__locals1_ticket_AssigneeId='?' (DbType = Guid), @type='?' (Size = 255)], CommandType='Text', CommandTimeout='30']
      SELECT CASE
          WHEN EXISTS (
              SELECT 1
              FROM [Notifications] AS [n]
              WHERE [n].[TicketId] = @_8__locals1_ticket_Id AND [n].[UserId] = @_8__locals1_ticket_AssigneeId AND [n].[Type] = @type) THEN CAST(1 AS bit)
          ELSE CAST(0 AS bit)
      END
info: Microsoft.EntityFrameworkCore.Database.Command[20101]
      Executed DbCommand (1ms) [Parameters=[@_8__locals1_ticket_Id='?' (DbType = Guid), @_8__locals1_ticket_AssigneeId='?' (DbType = Guid), @type='?' (Size = 255)], CommandType='Text', CommandTimeout='30']
      SELECT CASE
          WHEN EXISTS (
              SELECT 1
              FROM [Notifications] AS [n]
              WHERE [n].[TicketId] = @_8__locals1_ticket_Id AND [n].[UserId] = @_8__locals1_ticket_AssigneeId AND [n].[Type] = @type) THEN CAST(1 AS bit)
          ELSE CAST(0 AS bit)
      END
info: Microsoft.EntityFrameworkCore.Database.Command[20101]
      Executed DbCommand (0ms) [Parameters=[@_8__locals1_ticket_Id='?' (DbType = Guid), @_8__locals1_ticket_AssigneeId='?' (DbType = Guid), @type='?' (Size = 255)], CommandType='Text', CommandTimeout='30']
      SELECT CASE
          WHEN EXISTS (
              SELECT 1
              FROM [Notifications] AS [n]
              WHERE [n].[TicketId] = @_8__locals1_ticket_Id AND [n].[UserId] = @_8__locals1_ticket_AssigneeId AND [n].[Type] = @type) THEN CAST(1 AS bit)
          ELSE CAST(0 AS bit)
      END
info: Microsoft.EntityFrameworkCore.Database.Command[20101]
      Executed DbCommand (0ms) [Parameters=[@_8__locals1_ticket_Id='?' (DbType = Guid), @_8__locals1_ticket_AssigneeId='?' (DbType = Guid), @type='?' (Size = 255)], CommandType='Text', CommandTimeout='30']
      SELECT CASE
          WHEN EXISTS (
              SELECT 1
              FROM [Notifications] AS [n]
              WHERE [n].[TicketId] = @_8__locals1_ticket_Id AND [n].[UserId] = @_8__locals1_ticket_AssigneeId AND [n].[Type] = @type) THEN CAST(1 AS bit)
          ELSE CAST(0 AS bit)
      END
info: Microsoft.EntityFrameworkCore.Database.Command[20101]
      Executed DbCommand (1ms) [Parameters=[@_8__locals1_ticket_Id='?' (DbType = Guid), @_8__locals1_ticket_AssigneeId='?' (DbType = Guid), @type='?' (Size = 255)], CommandType='Text', CommandTimeout='30']
      SELECT CASE
          WHEN EXISTS (
              SELECT 1
              FROM [Notifications] AS [n]
              WHERE [n].[TicketId] = @_8__locals1_ticket_Id AND [n].[UserId] = @_8__locals1_ticket_AssigneeId AND [n].[Type] = @type) THEN CAST(1 AS bit)
          ELSE CAST(0 AS bit)
      END
info: Microsoft.EntityFrameworkCore.Database.Command[20101]
      Executed DbCommand (0ms) [Parameters=[@_8__locals1_ticket_Id='?' (DbType = Guid), @_8__locals1_ticket_AssigneeId='?' (DbType = Guid), @type='?' (Size = 255)], CommandType='Text', CommandTimeout='30']
      SELECT CASE
          WHEN EXISTS (
              SELECT 1
              FROM [Notifications] AS [n]
              WHERE [n].[TicketId] = @_8__locals1_ticket_Id AND [n].[UserId] = @_8__locals1_ticket_AssigneeId AND [n].[Type] = @type) THEN CAST(1 AS bit)
          ELSE CAST(0 AS bit)
      END
info: Microsoft.EntityFrameworkCore.Database.Command[20101]
      Executed DbCommand (1ms) [Parameters=[@_8__locals1_ticket_Id='?' (DbType = Guid), @_8__locals1_ticket_AssigneeId='?' (DbType = Guid), @type='?' (Size = 255)], CommandType='Text', CommandTimeout='30']
      SELECT CASE
          WHEN EXISTS (
              SELECT 1
              FROM [Notifications] AS [n]
              WHERE [n].[TicketId] = @_8__locals1_ticket_Id AND [n].[UserId] = @_8__locals1_ticket_AssigneeId AND [n].[Type] = @type) THEN CAST(1 AS bit)
          ELSE CAST(0 AS bit)
      END
info: Microsoft.EntityFrameworkCore.Database.Command[20101]
      Executed DbCommand (1ms) [Parameters=[@_8__locals1_ticket_Id='?' (DbType = Guid), @_8__locals1_ticket_AssigneeId='?' (DbType = Guid), @type='?' (Size = 255)], CommandType='Text', CommandTimeout='30']
      SELECT CASE
          WHEN EXISTS (
              SELECT 1
              FROM [Notifications] AS [n]
              WHERE [n].[TicketId] = @_8__locals1_ticket_Id AND [n].[UserId] = @_8__locals1_ticket_AssigneeId AND [n].[Type] = @type) THEN CAST(1 AS bit)
          ELSE CAST(0 AS bit)
      END
info: Microsoft.EntityFrameworkCore.Database.Command[20101]
      Executed DbCommand (1ms) [Parameters=[@_8__locals1_ticket_Id='?' (DbType = Guid), @_8__locals1_ticket_AssigneeId='?' (DbType = Guid), @type='?' (Size = 255)], CommandType='Text', CommandTimeout='30']
      SELECT CASE
          WHEN EXISTS (
              SELECT 1
              FROM [Notifications] AS [n]
              WHERE [n].[TicketId] = @_8__locals1_ticket_Id AND [n].[UserId] = @_8__locals1_ticket_AssigneeId AND [n].[Type] = @type) THEN CAST(1 AS bit)
          ELSE CAST(0 AS bit)
      END
info: Microsoft.EntityFrameworkCore.Database.Command[20101]
      Executed DbCommand (1ms) [Parameters=[@_8__locals1_ticket_Id='?' (DbType = Guid), @_8__locals1_ticket_AssigneeId='?' (DbType = Guid), @type='?' (Size = 255)], CommandType='Text', CommandTimeout='30']
      SELECT CASE
          WHEN EXISTS (
              SELECT 1
              FROM [Notifications] AS [n]
              WHERE [n].[TicketId] = @_8__locals1_ticket_Id AND [n].[UserId] = @_8__locals1_ticket_AssigneeId AND [n].[Type] = @type) THEN CAST(1 AS bit)
          ELSE CAST(0 AS bit)
      END
info: Microsoft.EntityFrameworkCore.Database.Command[20101]
      Executed DbCommand (1ms) [Parameters=[@_8__locals1_ticket_Id='?' (DbType = Guid), @_8__locals1_ticket_AssigneeId='?' (DbType = Guid), @type='?' (Size = 255)], CommandType='Text', CommandTimeout='30']
      SELECT CASE
          WHEN EXISTS (
              SELECT 1
              FROM [Notifications] AS [n]
              WHERE [n].[TicketId] = @_8__locals1_ticket_Id AND [n].[UserId] = @_8__locals1_ticket_AssigneeId AND [n].[Type] = @type) THEN CAST(1 AS bit)
          ELSE CAST(0 AS bit)
      END
info: Microsoft.EntityFrameworkCore.Database.Command[20101]
      Executed DbCommand (0ms) [Parameters=[@_8__locals1_ticket_Id='?' (DbType = Guid), @_8__locals1_ticket_AssigneeId='?' (DbType = Guid), @type='?' (Size = 255)], CommandType='Text', CommandTimeout='30']
      SELECT CASE
          WHEN EXISTS (
              SELECT 1
              FROM [Notifications] AS [n]
              WHERE [n].[TicketId] = @_8__locals1_ticket_Id AND [n].[UserId] = @_8__locals1_ticket_AssigneeId AND [n].[Type] = @type) THEN CAST(1 AS bit)
          ELSE CAST(0 AS bit)
      END
info: Microsoft.EntityFrameworkCore.Database.Command[20101]
      Executed DbCommand (0ms) [Parameters=[@_8__locals1_ticket_Id='?' (DbType = Guid), @_8__locals1_ticket_AssigneeId='?' (DbType = Guid), @type='?' (Size = 255)], CommandType='Text', CommandTimeout='30']
      SELECT CASE
          WHEN EXISTS (
              SELECT 1
              FROM [Notifications] AS [n]
              WHERE [n].[TicketId] = @_8__locals1_ticket_Id AND [n].[UserId] = @_8__locals1_ticket_AssigneeId AND [n].[Type] = @type) THEN CAST(1 AS bit)
          ELSE CAST(0 AS bit)
      END
info: Microsoft.EntityFrameworkCore.Database.Command[20101]
      Executed DbCommand (0ms) [Parameters=[@_8__locals1_ticket_Id='?' (DbType = Guid), @_8__locals1_ticket_AssigneeId='?' (DbType = Guid), @type='?' (Size = 255)], CommandType='Text', CommandTimeout='30']
      SELECT CASE
          WHEN EXISTS (
              SELECT 1
              FROM [Notifications] AS [n]
              WHERE [n].[TicketId] = @_8__locals1_ticket_Id AND [n].[UserId] = @_8__locals1_ticket_AssigneeId AND [n].[Type] = @type) THEN CAST(1 AS bit)
          ELSE CAST(0 AS bit)
      END
info: Microsoft.EntityFrameworkCore.Database.Command[20101]
      Executed DbCommand (0ms) [Parameters=[@_8__locals1_ticket_Id='?' (DbType = Guid), @_8__locals1_ticket_AssigneeId='?' (DbType = Guid), @type='?' (Size = 255)], CommandType='Text', CommandTimeout='30']
      SELECT CASE
          WHEN EXISTS (
              SELECT 1
              FROM [Notifications] AS [n]
              WHERE [n].[TicketId] = @_8__locals1_ticket_Id AND [n].[UserId] = @_8__locals1_ticket_AssigneeId AND [n].[Type] = @type) THEN CAST(1 AS bit)
          ELSE CAST(0 AS bit)
      END
info: Microsoft.EntityFrameworkCore.Database.Command[20101]
      Executed DbCommand (1ms) [Parameters=[@_8__locals1_ticket_Id='?' (DbType = Guid), @_8__locals1_ticket_AssigneeId='?' (DbType = Guid), @type='?' (Size = 255)], CommandType='Text', CommandTimeout='30']
      SELECT CASE
          WHEN EXISTS (
              SELECT 1
              FROM [Notifications] AS [n]
              WHERE [n].[TicketId] = @_8__locals1_ticket_Id AND [n].[UserId] = @_8__locals1_ticket_AssigneeId AND [n].[Type] = @type) THEN CAST(1 AS bit)
          ELSE CAST(0 AS bit)
      END
info: Microsoft.EntityFrameworkCore.Database.Command[20101]
      Executed DbCommand (1ms) [Parameters=[@_8__locals1_ticket_Id='?' (DbType = Guid), @_8__locals1_ticket_AssigneeId='?' (DbType = Guid), @type='?' (Size = 255)], CommandType='Text', CommandTimeout='30']
      SELECT CASE
          WHEN EXISTS (
              SELECT 1
              FROM [Notifications] AS [n]
              WHERE [n].[TicketId] = @_8__locals1_ticket_Id AND [n].[UserId] = @_8__locals1_ticket_AssigneeId AND [n].[Type] = @type) THEN CAST(1 AS bit)
          ELSE CAST(0 AS bit)
      END
info: Microsoft.EntityFrameworkCore.Database.Command[20101]
      Executed DbCommand (1ms) [Parameters=[@_8__locals1_ticket_Id='?' (DbType = Guid), @_8__locals1_ticket_AssigneeId='?' (DbType = Guid), @type='?' (Size = 255)], CommandType='Text', CommandTimeout='30']
      SELECT CASE
          WHEN EXISTS (
              SELECT 1
              FROM [Notifications] AS [n]
              WHERE [n].[TicketId] = @_8__locals1_ticket_Id AND [n].[UserId] = @_8__locals1_ticket_AssigneeId AND [n].[Type] = @type) THEN CAST(1 AS bit)
          ELSE CAST(0 AS bit)
      END
info: Microsoft.EntityFrameworkCore.Database.Command[20101]
      Executed DbCommand (1ms) [Parameters=[@_8__locals1_ticket_Id='?' (DbType = Guid), @_8__locals1_ticket_AssigneeId='?' (DbType = Guid), @type='?' (Size = 255)], CommandType='Text', CommandTimeout='30']
      SELECT CASE
          WHEN EXISTS (
              SELECT 1
              FROM [Notifications] AS [n]
              WHERE [n].[TicketId] = @_8__locals1_ticket_Id AND [n].[UserId] = @_8__locals1_ticket_AssigneeId AND [n].[Type] = @type) THEN CAST(1 AS bit)
          ELSE CAST(0 AS bit)
      END
info: Microsoft.EntityFrameworkCore.Database.Command[20101]
      Executed DbCommand (1ms) [Parameters=[@_8__locals1_ticket_Id='?' (DbType = Guid), @_8__locals1_ticket_AssigneeId='?' (DbType = Guid), @type='?' (Size = 255)], CommandType='Text', CommandTimeout='30']
      SELECT CASE
          WHEN EXISTS (
              SELECT 1
              FROM [Notifications] AS [n]
              WHERE [n].[TicketId] = @_8__locals1_ticket_Id AND [n].[UserId] = @_8__locals1_ticket_AssigneeId AND [n].[Type] = @type) THEN CAST(1 AS bit)
          ELSE CAST(0 AS bit)
      END
info: Microsoft.EntityFrameworkCore.Database.Command[20101]
      Executed DbCommand (1ms) [Parameters=[@_8__locals1_ticket_Id='?' (DbType = Guid), @_8__locals1_ticket_AssigneeId='?' (DbType = Guid), @type='?' (Size = 255)], CommandType='Text', CommandTimeout='30']
      SELECT CASE
          WHEN EXISTS (
              SELECT 1
              FROM [Notifications] AS [n]
              WHERE [n].[TicketId] = @_8__locals1_ticket_Id AND [n].[UserId] = @_8__locals1_ticket_AssigneeId AND [n].[Type] = @type) THEN CAST(1 AS bit)
          ELSE CAST(0 AS bit)
      END
info: Microsoft.EntityFrameworkCore.Database.Command[20101]
      Executed DbCommand (1ms) [Parameters=[@_8__locals1_ticket_Id='?' (DbType = Guid), @_8__locals1_ticket_AssigneeId='?' (DbType = Guid), @type='?' (Size = 255)], CommandType='Text', CommandTimeout='30']
      SELECT CASE
          WHEN EXISTS (
              SELECT 1
              FROM [Notifications] AS [n]
              WHERE [n].[TicketId] = @_8__locals1_ticket_Id AND [n].[UserId] = @_8__locals1_ticket_AssigneeId AND [n].[Type] = @type) THEN CAST(1 AS bit)
          ELSE CAST(0 AS bit)
      END
info: Microsoft.EntityFrameworkCore.Database.Command[20101]
      Executed DbCommand (0ms) [Parameters=[@_8__locals1_ticket_Id='?' (DbType = Guid), @_8__locals1_ticket_AssigneeId='?' (DbType = Guid), @type='?' (Size = 255)], CommandType='Text', CommandTimeout='30']
      SELECT CASE
          WHEN EXISTS (
              SELECT 1
              FROM [Notifications] AS [n]
              WHERE [n].[TicketId] = @_8__locals1_ticket_Id AND [n].[UserId] = @_8__locals1_ticket_AssigneeId AND [n].[Type] = @type) THEN CAST(1 AS bit)
          ELSE CAST(0 AS bit)
      END
info: Microsoft.EntityFrameworkCore.Database.Command[20101]
      Executed DbCommand (9ms) [Parameters=[@warningCutoff='?' (DbType = DateTime2)], CommandType='Text', CommandTimeout='30']
      SELECT [t].[Id], [t].[AiSuggestedRoute], [t].[ApplicantFirstName], [t].[ApplicantId], [t].[ApplicantLastName], [t].[Application], [t].[AssigneeId], [t].[ClosingDate], [t].[CreatedAtUtc], [t].[Description], [t].[DomainId], [t].[EcrNumber], [t].[EnglishAccepted], [t].[JiraLink], [t].[LastSyncDate], [t].[Level], [t].[ModuleId], [t].[PartNumber], [t].[Priority], [t].[ReactivityDuration], [t].[ReferenceKZ], [t].[ReferenceSTLA], [t].[ResolvedAtUtc], [t].[SiteId], [t].[SlaDeadlineUtc], [t].[SourceSystemId], [t].[Status], [t].[SubModule], [t].[Summary], [t].[Title]
      FROM [Tickets] AS [t]
      WHERE [t].[AssigneeId] IS NOT NULL AND [t].[Status] IN (1, 2) AND [t].[SlaDeadlineUtc] <= @warningCutoff
info: Microsoft.EntityFrameworkCore.Database.Command[20101]
      Executed DbCommand (5ms) [Parameters=[@_8__locals1_ticket_Id='?' (DbType = Guid), @_8__locals1_ticket_AssigneeId='?' (DbType = Guid), @type='?' (Size = 255)], CommandType='Text', CommandTimeout='30']
      SELECT CASE
          WHEN EXISTS (
              SELECT 1
              FROM [Notifications] AS [n]
              WHERE [n].[TicketId] = @_8__locals1_ticket_Id AND [n].[UserId] = @_8__locals1_ticket_AssigneeId AND [n].[Type] = @type) THEN CAST(1 AS bit)
          ELSE CAST(0 AS bit)
      END
info: Microsoft.EntityFrameworkCore.Database.Command[20101]
      Executed DbCommand (0ms) [Parameters=[@_8__locals1_ticket_Id='?' (DbType = Guid), @_8__locals1_ticket_AssigneeId='?' (DbType = Guid), @type='?' (Size = 255)], CommandType='Text', CommandTimeout='30']
      SELECT CASE
          WHEN EXISTS (
              SELECT 1
              FROM [Notifications] AS [n]
              WHERE [n].[TicketId] = @_8__locals1_ticket_Id AND [n].[UserId] = @_8__locals1_ticket_AssigneeId AND [n].[Type] = @type) THEN CAST(1 AS bit)
          ELSE CAST(0 AS bit)
      END
info: Microsoft.EntityFrameworkCore.Database.Command[20101]
      Executed DbCommand (0ms) [Parameters=[@_8__locals1_ticket_Id='?' (DbType = Guid), @_8__locals1_ticket_AssigneeId='?' (DbType = Guid), @type='?' (Size = 255)], CommandType='Text', CommandTimeout='30']
      SELECT CASE
          WHEN EXISTS (
              SELECT 1
              FROM [Notifications] AS [n]
              WHERE [n].[TicketId] = @_8__locals1_ticket_Id AND [n].[UserId] = @_8__locals1_ticket_AssigneeId AND [n].[Type] = @type) THEN CAST(1 AS bit)
          ELSE CAST(0 AS bit)
      END
info: Microsoft.EntityFrameworkCore.Database.Command[20101]
      Executed DbCommand (0ms) [Parameters=[@_8__locals1_ticket_Id='?' (DbType = Guid), @_8__locals1_ticket_AssigneeId='?' (DbType = Guid), @type='?' (Size = 255)], CommandType='Text', CommandTimeout='30']
      SELECT CASE
          WHEN EXISTS (
              SELECT 1
              FROM [Notifications] AS [n]
              WHERE [n].[TicketId] = @_8__locals1_ticket_Id AND [n].[UserId] = @_8__locals1_ticket_AssigneeId AND [n].[Type] = @type) THEN CAST(1 AS bit)
          ELSE CAST(0 AS bit)
      END
info: Microsoft.EntityFrameworkCore.Database.Command[20101]
      Executed DbCommand (0ms) [Parameters=[@_8__locals1_ticket_Id='?' (DbType = Guid), @_8__locals1_ticket_AssigneeId='?' (DbType = Guid), @type='?' (Size = 255)], CommandType='Text', CommandTimeout='30']
      SELECT CASE
          WHEN EXISTS (
              SELECT 1
              FROM [Notifications] AS [n]
              WHERE [n].[TicketId] = @_8__locals1_ticket_Id AND [n].[UserId] = @_8__locals1_ticket_AssigneeId AND [n].[Type] = @type) THEN CAST(1 AS bit)
          ELSE CAST(0 AS bit)
      END
info: Microsoft.EntityFrameworkCore.Database.Command[20101]
      Executed DbCommand (0ms) [Parameters=[@_8__locals1_ticket_Id='?' (DbType = Guid), @_8__locals1_ticket_AssigneeId='?' (DbType = Guid), @type='?' (Size = 255)], CommandType='Text', CommandTimeout='30']
      SELECT CASE
          WHEN EXISTS (
              SELECT 1
              FROM [Notifications] AS [n]
              WHERE [n].[TicketId] = @_8__locals1_ticket_Id AND [n].[UserId] = @_8__locals1_ticket_AssigneeId AND [n].[Type] = @type) THEN CAST(1 AS bit)
          ELSE CAST(0 AS bit)
      END
info: Microsoft.EntityFrameworkCore.Database.Command[20101]
      Executed DbCommand (0ms) [Parameters=[@_8__locals1_ticket_Id='?' (DbType = Guid), @_8__locals1_ticket_AssigneeId='?' (DbType = Guid), @type='?' (Size = 255)], CommandType='Text', CommandTimeout='30']
      SELECT CASE
          WHEN EXISTS (
              SELECT 1
              FROM [Notifications] AS [n]
              WHERE [n].[TicketId] = @_8__locals1_ticket_Id AND [n].[UserId] = @_8__locals1_ticket_AssigneeId AND [n].[Type] = @type) THEN CAST(1 AS bit)
          ELSE CAST(0 AS bit)
      END
info: Microsoft.EntityFrameworkCore.Database.Command[20101]
      Executed DbCommand (0ms) [Parameters=[@_8__locals1_ticket_Id='?' (DbType = Guid), @_8__locals1_ticket_AssigneeId='?' (DbType = Guid), @type='?' (Size = 255)], CommandType='Text', CommandTimeout='30']
      SELECT CASE
          WHEN EXISTS (
              SELECT 1
              FROM [Notifications] AS [n]
              WHERE [n].[TicketId] = @_8__locals1_ticket_Id AND [n].[UserId] = @_8__locals1_ticket_AssigneeId AND [n].[Type] = @type) THEN CAST(1 AS bit)
          ELSE CAST(0 AS bit)
      END
info: Microsoft.EntityFrameworkCore.Database.Command[20101]
      Executed DbCommand (0ms) [Parameters=[@_8__locals1_ticket_Id='?' (DbType = Guid), @_8__locals1_ticket_AssigneeId='?' (DbType = Guid), @type='?' (Size = 255)], CommandType='Text', CommandTimeout='30']
      SELECT CASE
          WHEN EXISTS (
              SELECT 1
              FROM [Notifications] AS [n]
              WHERE [n].[TicketId] = @_8__locals1_ticket_Id AND [n].[UserId] = @_8__locals1_ticket_AssigneeId AND [n].[Type] = @type) THEN CAST(1 AS bit)
          ELSE CAST(0 AS bit)
      END
info: Microsoft.EntityFrameworkCore.Database.Command[20101]
      Executed DbCommand (0ms) [Parameters=[@_8__locals1_ticket_Id='?' (DbType = Guid), @_8__locals1_ticket_AssigneeId='?' (DbType = Guid), @type='?' (Size = 255)], CommandType='Text', CommandTimeout='30']
      SELECT CASE
          WHEN EXISTS (
              SELECT 1
              FROM [Notifications] AS [n]
              WHERE [n].[TicketId] = @_8__locals1_ticket_Id AND [n].[UserId] = @_8__locals1_ticket_AssigneeId AND [n].[Type] = @type) THEN CAST(1 AS bit)
          ELSE CAST(0 AS bit)
      END
info: Microsoft.EntityFrameworkCore.Database.Command[20101]
      Executed DbCommand (0ms) [Parameters=[@_8__locals1_ticket_Id='?' (DbType = Guid), @_8__locals1_ticket_AssigneeId='?' (DbType = Guid), @type='?' (Size = 255)], CommandType='Text', CommandTimeout='30']
      SELECT CASE
          WHEN EXISTS (
              SELECT 1
              FROM [Notifications] AS [n]
              WHERE [n].[TicketId] = @_8__locals1_ticket_Id AND [n].[UserId] = @_8__locals1_ticket_AssigneeId AND [n].[Type] = @type) THEN CAST(1 AS bit)
          ELSE CAST(0 AS bit)
      END
info: Microsoft.EntityFrameworkCore.Database.Command[20101]
      Executed DbCommand (0ms) [Parameters=[@_8__locals1_ticket_Id='?' (DbType = Guid), @_8__locals1_ticket_AssigneeId='?' (DbType = Guid), @type='?' (Size = 255)], CommandType='Text', CommandTimeout='30']
      SELECT CASE
          WHEN EXISTS (
              SELECT 1
              FROM [Notifications] AS [n]
              WHERE [n].[TicketId] = @_8__locals1_ticket_Id AND [n].[UserId] = @_8__locals1_ticket_AssigneeId AND [n].[Type] = @type) THEN CAST(1 AS bit)
          ELSE CAST(0 AS bit)
      END
info: Microsoft.EntityFrameworkCore.Database.Command[20101]
      Executed DbCommand (0ms) [Parameters=[@_8__locals1_ticket_Id='?' (DbType = Guid), @_8__locals1_ticket_AssigneeId='?' (DbType = Guid), @type='?' (Size = 255)], CommandType='Text', CommandTimeout='30']
      SELECT CASE
          WHEN EXISTS (
              SELECT 1
              FROM [Notifications] AS [n]
              WHERE [n].[TicketId] = @_8__locals1_ticket_Id AND [n].[UserId] = @_8__locals1_ticket_AssigneeId AND [n].[Type] = @type) THEN CAST(1 AS bit)
          ELSE CAST(0 AS bit)
      END
info: Microsoft.EntityFrameworkCore.Database.Command[20101]
      Executed DbCommand (0ms) [Parameters=[@_8__locals1_ticket_Id='?' (DbType = Guid), @_8__locals1_ticket_AssigneeId='?' (DbType = Guid), @type='?' (Size = 255)], CommandType='Text', CommandTimeout='30']
      SELECT CASE
          WHEN EXISTS (
              SELECT 1
              FROM [Notifications] AS [n]
              WHERE [n].[TicketId] = @_8__locals1_ticket_Id AND [n].[UserId] = @_8__locals1_ticket_AssigneeId AND [n].[Type] = @type) THEN CAST(1 AS bit)
          ELSE CAST(0 AS bit)
      END
info: Microsoft.EntityFrameworkCore.Database.Command[20101]
      Executed DbCommand (0ms) [Parameters=[@_8__locals1_ticket_Id='?' (DbType = Guid), @_8__locals1_ticket_AssigneeId='?' (DbType = Guid), @type='?' (Size = 255)], CommandType='Text', CommandTimeout='30']
      SELECT CASE
          WHEN EXISTS (
              SELECT 1
              FROM [Notifications] AS [n]
              WHERE [n].[TicketId] = @_8__locals1_ticket_Id AND [n].[UserId] = @_8__locals1_ticket_AssigneeId AND [n].[Type] = @type) THEN CAST(1 AS bit)
          ELSE CAST(0 AS bit)
      END
info: Microsoft.EntityFrameworkCore.Database.Command[20101]
      Executed DbCommand (0ms) [Parameters=[@_8__locals1_ticket_Id='?' (DbType = Guid), @_8__locals1_ticket_AssigneeId='?' (DbType = Guid), @type='?' (Size = 255)], CommandType='Text', CommandTimeout='30']
      SELECT CASE
          WHEN EXISTS (
              SELECT 1
              FROM [Notifications] AS [n]
              WHERE [n].[TicketId] = @_8__locals1_ticket_Id AND [n].[UserId] = @_8__locals1_ticket_AssigneeId AND [n].[Type] = @type) THEN CAST(1 AS bit)
          ELSE CAST(0 AS bit)
      END
info: Microsoft.EntityFrameworkCore.Database.Command[20101]
      Executed DbCommand (0ms) [Parameters=[@_8__locals1_ticket_Id='?' (DbType = Guid), @_8__locals1_ticket_AssigneeId='?' (DbType = Guid), @type='?' (Size = 255)], CommandType='Text', CommandTimeout='30']
      SELECT CASE
          WHEN EXISTS (
              SELECT 1
              FROM [Notifications] AS [n]
              WHERE [n].[TicketId] = @_8__locals1_ticket_Id AND [n].[UserId] = @_8__locals1_ticket_AssigneeId AND [n].[Type] = @type) THEN CAST(1 AS bit)
          ELSE CAST(0 AS bit)
      END
info: Microsoft.EntityFrameworkCore.Database.Command[20101]
      Executed DbCommand (0ms) [Parameters=[@_8__locals1_ticket_Id='?' (DbType = Guid), @_8__locals1_ticket_AssigneeId='?' (DbType = Guid), @type='?' (Size = 255)], CommandType='Text', CommandTimeout='30']
      SELECT CASE
          WHEN EXISTS (
              SELECT 1
              FROM [Notifications] AS [n]
              WHERE [n].[TicketId] = @_8__locals1_ticket_Id AND [n].[UserId] = @_8__locals1_ticket_AssigneeId AND [n].[Type] = @type) THEN CAST(1 AS bit)
          ELSE CAST(0 AS bit)
      END
info: Microsoft.EntityFrameworkCore.Database.Command[20101]
      Executed DbCommand (0ms) [Parameters=[@_8__locals1_ticket_Id='?' (DbType = Guid), @_8__locals1_ticket_AssigneeId='?' (DbType = Guid), @type='?' (Size = 255)], CommandType='Text', CommandTimeout='30']
      SELECT CASE
          WHEN EXISTS (
              SELECT 1
              FROM [Notifications] AS [n]
              WHERE [n].[TicketId] = @_8__locals1_ticket_Id AND [n].[UserId] = @_8__locals1_ticket_AssigneeId AND [n].[Type] = @type) THEN CAST(1 AS bit)
          ELSE CAST(0 AS bit)
      END
info: Microsoft.EntityFrameworkCore.Database.Command[20101]
      Executed DbCommand (1ms) [Parameters=[@_8__locals1_ticket_Id='?' (DbType = Guid), @_8__locals1_ticket_AssigneeId='?' (DbType = Guid), @type='?' (Size = 255)], CommandType='Text', CommandTimeout='30']
      SELECT CASE
          WHEN EXISTS (
              SELECT 1
              FROM [Notifications] AS [n]
              WHERE [n].[TicketId] = @_8__locals1_ticket_Id AND [n].[UserId] = @_8__locals1_ticket_AssigneeId AND [n].[Type] = @type) THEN CAST(1 AS bit)
          ELSE CAST(0 AS bit)
      END
info: Microsoft.EntityFrameworkCore.Database.Command[20101]
      Executed DbCommand (0ms) [Parameters=[@_8__locals1_ticket_Id='?' (DbType = Guid), @_8__locals1_ticket_AssigneeId='?' (DbType = Guid), @type='?' (Size = 255)], CommandType='Text', CommandTimeout='30']
      SELECT CASE
          WHEN EXISTS (
              SELECT 1
              FROM [Notifications] AS [n]
              WHERE [n].[TicketId] = @_8__locals1_ticket_Id AND [n].[UserId] = @_8__locals1_ticket_AssigneeId AND [n].[Type] = @type) THEN CAST(1 AS bit)
          ELSE CAST(0 AS bit)
      END
info: Microsoft.EntityFrameworkCore.Database.Command[20101]
      Executed DbCommand (0ms) [Parameters=[@_8__locals1_ticket_Id='?' (DbType = Guid), @_8__locals1_ticket_AssigneeId='?' (DbType = Guid), @type='?' (Size = 255)], CommandType='Text', CommandTimeout='30']
      SELECT CASE
          WHEN EXISTS (
              SELECT 1
              FROM [Notifications] AS [n]
              WHERE [n].[TicketId] = @_8__locals1_ticket_Id AND [n].[UserId] = @_8__locals1_ticket_AssigneeId AND [n].[Type] = @type) THEN CAST(1 AS bit)
          ELSE CAST(0 AS bit)
      END
info: Microsoft.EntityFrameworkCore.Database.Command[20101]
      Executed DbCommand (0ms) [Parameters=[@_8__locals1_ticket_Id='?' (DbType = Guid), @_8__locals1_ticket_AssigneeId='?' (DbType = Guid), @type='?' (Size = 255)], CommandType='Text', CommandTimeout='30']
      SELECT CASE
          WHEN EXISTS (
              SELECT 1
              FROM [Notifications] AS [n]
              WHERE [n].[TicketId] = @_8__locals1_ticket_Id AND [n].[UserId] = @_8__locals1_ticket_AssigneeId AND [n].[Type] = @type) THEN CAST(1 AS bit)
          ELSE CAST(0 AS bit)
      END
info: Microsoft.EntityFrameworkCore.Database.Command[20101]
      Executed DbCommand (15ms) [Parameters=[@warningCutoff='?' (DbType = DateTime2)], CommandType='Text', CommandTimeout='30']
      SELECT [t].[Id], [t].[AiSuggestedRoute], [t].[ApplicantFirstName], [t].[ApplicantId], [t].[ApplicantLastName], [t].[Application], [t].[AssigneeId], [t].[ClosingDate], [t].[CreatedAtUtc], [t].[Description], [t].[DomainId], [t].[EcrNumber], [t].[EnglishAccepted], [t].[JiraLink], [t].[LastSyncDate], [t].[Level], [t].[ModuleId], [t].[PartNumber], [t].[Priority], [t].[ReactivityDuration], [t].[ReferenceKZ], [t].[ReferenceSTLA], [t].[ResolvedAtUtc], [t].[SiteId], [t].[SlaDeadlineUtc], [t].[SourceSystemId], [t].[Status], [t].[SubModule], [t].[Summary], [t].[Title]
      FROM [Tickets] AS [t]
      WHERE [t].[AssigneeId] IS NOT NULL AND [t].[Status] IN (1, 2) AND [t].[SlaDeadlineUtc] <= @warningCutoff
info: Microsoft.EntityFrameworkCore.Database.Command[20101]
      Executed DbCommand (8ms) [Parameters=[@_8__locals1_ticket_Id='?' (DbType = Guid), @_8__locals1_ticket_AssigneeId='?' (DbType = Guid), @type='?' (Size = 255)], CommandType='Text', CommandTimeout='30']
      SELECT CASE
          WHEN EXISTS (
              SELECT 1
              FROM [Notifications] AS [n]
              WHERE [n].[TicketId] = @_8__locals1_ticket_Id AND [n].[UserId] = @_8__locals1_ticket_AssigneeId AND [n].[Type] = @type) THEN CAST(1 AS bit)
          ELSE CAST(0 AS bit)
      END
info: Microsoft.EntityFrameworkCore.Database.Command[20101]
      Executed DbCommand (1ms) [Parameters=[@_8__locals1_ticket_Id='?' (DbType = Guid), @_8__locals1_ticket_AssigneeId='?' (DbType = Guid), @type='?' (Size = 255)], CommandType='Text', CommandTimeout='30']
      SELECT CASE
          WHEN EXISTS (
              SELECT 1
              FROM [Notifications] AS [n]
              WHERE [n].[TicketId] = @_8__locals1_ticket_Id AND [n].[UserId] = @_8__locals1_ticket_AssigneeId AND [n].[Type] = @type) THEN CAST(1 AS bit)
          ELSE CAST(0 AS bit)
      END
info: Microsoft.EntityFrameworkCore.Database.Command[20101]
      Executed DbCommand (1ms) [Parameters=[@_8__locals1_ticket_Id='?' (DbType = Guid), @_8__locals1_ticket_AssigneeId='?' (DbType = Guid), @type='?' (Size = 255)], CommandType='Text', CommandTimeout='30']
      SELECT CASE
          WHEN EXISTS (
              SELECT 1
              FROM [Notifications] AS [n]
              WHERE [n].[TicketId] = @_8__locals1_ticket_Id AND [n].[UserId] = @_8__locals1_ticket_AssigneeId AND [n].[Type] = @type) THEN CAST(1 AS bit)
          ELSE CAST(0 AS bit)
      END
info: Microsoft.EntityFrameworkCore.Database.Command[20101]
      Executed DbCommand (1ms) [Parameters=[@_8__locals1_ticket_Id='?' (DbType = Guid), @_8__locals1_ticket_AssigneeId='?' (DbType = Guid), @type='?' (Size = 255)], CommandType='Text', CommandTimeout='30']
      SELECT CASE
          WHEN EXISTS (
              SELECT 1
              FROM [Notifications] AS [n]
              WHERE [n].[TicketId] = @_8__locals1_ticket_Id AND [n].[UserId] = @_8__locals1_ticket_AssigneeId AND [n].[Type] = @type) THEN CAST(1 AS bit)
          ELSE CAST(0 AS bit)
      END
info: Microsoft.EntityFrameworkCore.Database.Command[20101]
      Executed DbCommand (1ms) [Parameters=[@_8__locals1_ticket_Id='?' (DbType = Guid), @_8__locals1_ticket_AssigneeId='?' (DbType = Guid), @type='?' (Size = 255)], CommandType='Text', CommandTimeout='30']
      SELECT CASE
          WHEN EXISTS (
              SELECT 1
              FROM [Notifications] AS [n]
              WHERE [n].[TicketId] = @_8__locals1_ticket_Id AND [n].[UserId] = @_8__locals1_ticket_AssigneeId AND [n].[Type] = @type) THEN CAST(1 AS bit)
          ELSE CAST(0 AS bit)
      END
info: Microsoft.EntityFrameworkCore.Database.Command[20101]
      Executed DbCommand (1ms) [Parameters=[@_8__locals1_ticket_Id='?' (DbType = Guid), @_8__locals1_ticket_AssigneeId='?' (DbType = Guid), @type='?' (Size = 255)], CommandType='Text', CommandTimeout='30']
      SELECT CASE
          WHEN EXISTS (
              SELECT 1
              FROM [Notifications] AS [n]
              WHERE [n].[TicketId] = @_8__locals1_ticket_Id AND [n].[UserId] = @_8__locals1_ticket_AssigneeId AND [n].[Type] = @type) THEN CAST(1 AS bit)
          ELSE CAST(0 AS bit)
      END
info: Microsoft.EntityFrameworkCore.Database.Command[20101]
      Executed DbCommand (1ms) [Parameters=[@_8__locals1_ticket_Id='?' (DbType = Guid), @_8__locals1_ticket_AssigneeId='?' (DbType = Guid), @type='?' (Size = 255)], CommandType='Text', CommandTimeout='30']
      SELECT CASE
          WHEN EXISTS (
              SELECT 1
              FROM [Notifications] AS [n]
              WHERE [n].[TicketId] = @_8__locals1_ticket_Id AND [n].[UserId] = @_8__locals1_ticket_AssigneeId AND [n].[Type] = @type) THEN CAST(1 AS bit)
          ELSE CAST(0 AS bit)
      END
info: Microsoft.EntityFrameworkCore.Database.Command[20101]
      Executed DbCommand (1ms) [Parameters=[@_8__locals1_ticket_Id='?' (DbType = Guid), @_8__locals1_ticket_AssigneeId='?' (DbType = Guid), @type='?' (Size = 255)], CommandType='Text', CommandTimeout='30']
      SELECT CASE
          WHEN EXISTS (
              SELECT 1
              FROM [Notifications] AS [n]
              WHERE [n].[TicketId] = @_8__locals1_ticket_Id AND [n].[UserId] = @_8__locals1_ticket_AssigneeId AND [n].[Type] = @type) THEN CAST(1 AS bit)
          ELSE CAST(0 AS bit)
      END
info: Microsoft.EntityFrameworkCore.Database.Command[20101]
      Executed DbCommand (1ms) [Parameters=[@_8__locals1_ticket_Id='?' (DbType = Guid), @_8__locals1_ticket_AssigneeId='?' (DbType = Guid), @type='?' (Size = 255)], CommandType='Text', CommandTimeout='30']
      SELECT CASE
          WHEN EXISTS (
              SELECT 1
              FROM [Notifications] AS [n]
              WHERE [n].[TicketId] = @_8__locals1_ticket_Id AND [n].[UserId] = @_8__locals1_ticket_AssigneeId AND [n].[Type] = @type) THEN CAST(1 AS bit)
          ELSE CAST(0 AS bit)
      END
info: Microsoft.EntityFrameworkCore.Database.Command[20101]
      Executed DbCommand (1ms) [Parameters=[@_8__locals1_ticket_Id='?' (DbType = Guid), @_8__locals1_ticket_AssigneeId='?' (DbType = Guid), @type='?' (Size = 255)], CommandType='Text', CommandTimeout='30']
      SELECT CASE
          WHEN EXISTS (
              SELECT 1
              FROM [Notifications] AS [n]
              WHERE [n].[TicketId] = @_8__locals1_ticket_Id AND [n].[UserId] = @_8__locals1_ticket_AssigneeId AND [n].[Type] = @type) THEN CAST(1 AS bit)
          ELSE CAST(0 AS bit)
      END
info: Microsoft.EntityFrameworkCore.Database.Command[20101]
      Executed DbCommand (0ms) [Parameters=[@_8__locals1_ticket_Id='?' (DbType = Guid), @_8__locals1_ticket_AssigneeId='?' (DbType = Guid), @type='?' (Size = 255)], CommandType='Text', CommandTimeout='30']
      SELECT CASE
          WHEN EXISTS (
              SELECT 1
              FROM [Notifications] AS [n]
              WHERE [n].[TicketId] = @_8__locals1_ticket_Id AND [n].[UserId] = @_8__locals1_ticket_AssigneeId AND [n].[Type] = @type) THEN CAST(1 AS bit)
          ELSE CAST(0 AS bit)
      END
info: Microsoft.EntityFrameworkCore.Database.Command[20101]
      Executed DbCommand (1ms) [Parameters=[@_8__locals1_ticket_Id='?' (DbType = Guid), @_8__locals1_ticket_AssigneeId='?' (DbType = Guid), @type='?' (Size = 255)], CommandType='Text', CommandTimeout='30']
      SELECT CASE
          WHEN EXISTS (
              SELECT 1
              FROM [Notifications] AS [n]
              WHERE [n].[TicketId] = @_8__locals1_ticket_Id AND [n].[UserId] = @_8__locals1_ticket_AssigneeId AND [n].[Type] = @type) THEN CAST(1 AS bit)
          ELSE CAST(0 AS bit)
      END
info: Microsoft.EntityFrameworkCore.Database.Command[20101]
      Executed DbCommand (1ms) [Parameters=[@_8__locals1_ticket_Id='?' (DbType = Guid), @_8__locals1_ticket_AssigneeId='?' (DbType = Guid), @type='?' (Size = 255)], CommandType='Text', CommandTimeout='30']
      SELECT CASE
          WHEN EXISTS (
              SELECT 1
              FROM [Notifications] AS [n]
              WHERE [n].[TicketId] = @_8__locals1_ticket_Id AND [n].[UserId] = @_8__locals1_ticket_AssigneeId AND [n].[Type] = @type) THEN CAST(1 AS bit)
          ELSE CAST(0 AS bit)
      END
info: Microsoft.EntityFrameworkCore.Database.Command[20101]
      Executed DbCommand (0ms) [Parameters=[@_8__locals1_ticket_Id='?' (DbType = Guid), @_8__locals1_ticket_AssigneeId='?' (DbType = Guid), @type='?' (Size = 255)], CommandType='Text', CommandTimeout='30']
      SELECT CASE
          WHEN EXISTS (
              SELECT 1
              FROM [Notifications] AS [n]
              WHERE [n].[TicketId] = @_8__locals1_ticket_Id AND [n].[UserId] = @_8__locals1_ticket_AssigneeId AND [n].[Type] = @type) THEN CAST(1 AS bit)
          ELSE CAST(0 AS bit)
      END
info: Microsoft.EntityFrameworkCore.Database.Command[20101]
      Executed DbCommand (1ms) [Parameters=[@_8__locals1_ticket_Id='?' (DbType = Guid), @_8__locals1_ticket_AssigneeId='?' (DbType = Guid), @type='?' (Size = 255)], CommandType='Text', CommandTimeout='30']
      SELECT CASE
          WHEN EXISTS (
              SELECT 1
              FROM [Notifications] AS [n]
              WHERE [n].[TicketId] = @_8__locals1_ticket_Id AND [n].[UserId] = @_8__locals1_ticket_AssigneeId AND [n].[Type] = @type) THEN CAST(1 AS bit)
          ELSE CAST(0 AS bit)
      END
info: Microsoft.EntityFrameworkCore.Database.Command[20101]
      Executed DbCommand (1ms) [Parameters=[@_8__locals1_ticket_Id='?' (DbType = Guid), @_8__locals1_ticket_AssigneeId='?' (DbType = Guid), @type='?' (Size = 255)], CommandType='Text', CommandTimeout='30']
      SELECT CASE
          WHEN EXISTS (
              SELECT 1
              FROM [Notifications] AS [n]
              WHERE [n].[TicketId] = @_8__locals1_ticket_Id AND [n].[UserId] = @_8__locals1_ticket_AssigneeId AND [n].[Type] = @type) THEN CAST(1 AS bit)
          ELSE CAST(0 AS bit)
      END
info: Microsoft.EntityFrameworkCore.Database.Command[20101]
      Executed DbCommand (1ms) [Parameters=[@_8__locals1_ticket_Id='?' (DbType = Guid), @_8__locals1_ticket_AssigneeId='?' (DbType = Guid), @type='?' (Size = 255)], CommandType='Text', CommandTimeout='30']
      SELECT CASE
          WHEN EXISTS (
              SELECT 1
              FROM [Notifications] AS [n]
              WHERE [n].[TicketId] = @_8__locals1_ticket_Id AND [n].[UserId] = @_8__locals1_ticket_AssigneeId AND [n].[Type] = @type) THEN CAST(1 AS bit)
          ELSE CAST(0 AS bit)
      END
info: Microsoft.EntityFrameworkCore.Database.Command[20101]
      Executed DbCommand (1ms) [Parameters=[@_8__locals1_ticket_Id='?' (DbType = Guid), @_8__locals1_ticket_AssigneeId='?' (DbType = Guid), @type='?' (Size = 255)], CommandType='Text', CommandTimeout='30']
      SELECT CASE
          WHEN EXISTS (
              SELECT 1
              FROM [Notifications] AS [n]
              WHERE [n].[TicketId] = @_8__locals1_ticket_Id AND [n].[UserId] = @_8__locals1_ticket_AssigneeId AND [n].[Type] = @type) THEN CAST(1 AS bit)
          ELSE CAST(0 AS bit)
      END
info: Microsoft.EntityFrameworkCore.Database.Command[20101]
      Executed DbCommand (1ms) [Parameters=[@_8__locals1_ticket_Id='?' (DbType = Guid), @_8__locals1_ticket_AssigneeId='?' (DbType = Guid), @type='?' (Size = 255)], CommandType='Text', CommandTimeout='30']
      SELECT CASE
          WHEN EXISTS (
              SELECT 1
              FROM [Notifications] AS [n]
              WHERE [n].[TicketId] = @_8__locals1_ticket_Id AND [n].[UserId] = @_8__locals1_ticket_AssigneeId AND [n].[Type] = @type) THEN CAST(1 AS bit)
          ELSE CAST(0 AS bit)
      END
info: Microsoft.EntityFrameworkCore.Database.Command[20101]
      Executed DbCommand (1ms) [Parameters=[@_8__locals1_ticket_Id='?' (DbType = Guid), @_8__locals1_ticket_AssigneeId='?' (DbType = Guid), @type='?' (Size = 255)], CommandType='Text', CommandTimeout='30']
      SELECT CASE
          WHEN EXISTS (
              SELECT 1
              FROM [Notifications] AS [n]
              WHERE [n].[TicketId] = @_8__locals1_ticket_Id AND [n].[UserId] = @_8__locals1_ticket_AssigneeId AND [n].[Type] = @type) THEN CAST(1 AS bit)
          ELSE CAST(0 AS bit)
      END
info: Microsoft.EntityFrameworkCore.Database.Command[20101]
      Executed DbCommand (1ms) [Parameters=[@_8__locals1_ticket_Id='?' (DbType = Guid), @_8__locals1_ticket_AssigneeId='?' (DbType = Guid), @type='?' (Size = 255)], CommandType='Text', CommandTimeout='30']
      SELECT CASE
          WHEN EXISTS (
              SELECT 1
              FROM [Notifications] AS [n]
              WHERE [n].[TicketId] = @_8__locals1_ticket_Id AND [n].[UserId] = @_8__locals1_ticket_AssigneeId AND [n].[Type] = @type) THEN CAST(1 AS bit)
          ELSE CAST(0 AS bit)
      END
info: Microsoft.EntityFrameworkCore.Database.Command[20101]
      Executed DbCommand (1ms) [Parameters=[@_8__locals1_ticket_Id='?' (DbType = Guid), @_8__locals1_ticket_AssigneeId='?' (DbType = Guid), @type='?' (Size = 255)], CommandType='Text', CommandTimeout='30']
      SELECT CASE
          WHEN EXISTS (
              SELECT 1
              FROM [Notifications] AS [n]
              WHERE [n].[TicketId] = @_8__locals1_ticket_Id AND [n].[UserId] = @_8__locals1_ticket_AssigneeId AND [n].[Type] = @type) THEN CAST(1 AS bit)
          ELSE CAST(0 AS bit)
      END
info: Microsoft.EntityFrameworkCore.Database.Command[20101]
      Executed DbCommand (1ms) [Parameters=[@_8__locals1_ticket_Id='?' (DbType = Guid), @_8__locals1_ticket_AssigneeId='?' (DbType = Guid), @type='?' (Size = 255)], CommandType='Text', CommandTimeout='30']
      SELECT CASE
          WHEN EXISTS (
              SELECT 1
              FROM [Notifications] AS [n]
              WHERE [n].[TicketId] = @_8__locals1_ticket_Id AND [n].[UserId] = @_8__locals1_ticket_AssigneeId AND [n].[Type] = @type) THEN CAST(1 AS bit)
          ELSE CAST(0 AS bit)
      END
info: Microsoft.EntityFrameworkCore.Database.Command[20101]
      Executed DbCommand (15ms) [Parameters=[@warningCutoff='?' (DbType = DateTime2)], CommandType='Text', CommandTimeout='30']
      SELECT [t].[Id], [t].[AiSuggestedRoute], [t].[ApplicantFirstName], [t].[ApplicantId], [t].[ApplicantLastName], [t].[Application], [t].[AssigneeId], [t].[ClosingDate], [t].[CreatedAtUtc], [t].[Description], [t].[DomainId], [t].[EcrNumber], [t].[EnglishAccepted], [t].[JiraLink], [t].[LastSyncDate], [t].[Level], [t].[ModuleId], [t].[PartNumber], [t].[Priority], [t].[ReactivityDuration], [t].[ReferenceKZ], [t].[ReferenceSTLA], [t].[ResolvedAtUtc], [t].[SiteId], [t].[SlaDeadlineUtc], [t].[SourceSystemId], [t].[Status], [t].[SubModule], [t].[Summary], [t].[Title]
      FROM [Tickets] AS [t]
      WHERE [t].[AssigneeId] IS NOT NULL AND [t].[Status] IN (1, 2) AND [t].[SlaDeadlineUtc] <= @warningCutoff
info: Microsoft.EntityFrameworkCore.Database.Command[20101]
      Executed DbCommand (8ms) [Parameters=[@_8__locals1_ticket_Id='?' (DbType = Guid), @_8__locals1_ticket_AssigneeId='?' (DbType = Guid), @type='?' (Size = 255)], CommandType='Text', CommandTimeout='30']
      SELECT CASE
          WHEN EXISTS (
              SELECT 1
              FROM [Notifications] AS [n]
              WHERE [n].[TicketId] = @_8__locals1_ticket_Id AND [n].[UserId] = @_8__locals1_ticket_AssigneeId AND [n].[Type] = @type) THEN CAST(1 AS bit)
          ELSE CAST(0 AS bit)
      END
info: Microsoft.EntityFrameworkCore.Database.Command[20101]
      Executed DbCommand (1ms) [Parameters=[@_8__locals1_ticket_Id='?' (DbType = Guid), @_8__locals1_ticket_AssigneeId='?' (DbType = Guid), @type='?' (Size = 255)], CommandType='Text', CommandTimeout='30']
      SELECT CASE
          WHEN EXISTS (
              SELECT 1
              FROM [Notifications] AS [n]
              WHERE [n].[TicketId] = @_8__locals1_ticket_Id AND [n].[UserId] = @_8__locals1_ticket_AssigneeId AND [n].[Type] = @type) THEN CAST(1 AS bit)
          ELSE CAST(0 AS bit)
      END
info: Microsoft.EntityFrameworkCore.Database.Command[20101]
      Executed DbCommand (1ms) [Parameters=[@_8__locals1_ticket_Id='?' (DbType = Guid), @_8__locals1_ticket_AssigneeId='?' (DbType = Guid), @type='?' (Size = 255)], CommandType='Text', CommandTimeout='30']
      SELECT CASE
          WHEN EXISTS (
              SELECT 1
              FROM [Notifications] AS [n]
              WHERE [n].[TicketId] = @_8__locals1_ticket_Id AND [n].[UserId] = @_8__locals1_ticket_AssigneeId AND [n].[Type] = @type) THEN CAST(1 AS bit)
          ELSE CAST(0 AS bit)
      END
info: Microsoft.EntityFrameworkCore.Database.Command[20101]
      Executed DbCommand (1ms) [Parameters=[@_8__locals1_ticket_Id='?' (DbType = Guid), @_8__locals1_ticket_AssigneeId='?' (DbType = Guid), @type='?' (Size = 255)], CommandType='Text', CommandTimeout='30']
      SELECT CASE
          WHEN EXISTS (
              SELECT 1
              FROM [Notifications] AS [n]
              WHERE [n].[TicketId] = @_8__locals1_ticket_Id AND [n].[UserId] = @_8__locals1_ticket_AssigneeId AND [n].[Type] = @type) THEN CAST(1 AS bit)
          ELSE CAST(0 AS bit)
      END
info: Microsoft.EntityFrameworkCore.Database.Command[20101]
      Executed DbCommand (1ms) [Parameters=[@_8__locals1_ticket_Id='?' (DbType = Guid), @_8__locals1_ticket_AssigneeId='?' (DbType = Guid), @type='?' (Size = 255)], CommandType='Text', CommandTimeout='30']
      SELECT CASE
          WHEN EXISTS (
              SELECT 1
              FROM [Notifications] AS [n]
              WHERE [n].[TicketId] = @_8__locals1_ticket_Id AND [n].[UserId] = @_8__locals1_ticket_AssigneeId AND [n].[Type] = @type) THEN CAST(1 AS bit)
          ELSE CAST(0 AS bit)
      END
info: Microsoft.EntityFrameworkCore.Database.Command[20101]
      Executed DbCommand (1ms) [Parameters=[@_8__locals1_ticket_Id='?' (DbType = Guid), @_8__locals1_ticket_AssigneeId='?' (DbType = Guid), @type='?' (Size = 255)], CommandType='Text', CommandTimeout='30']
      SELECT CASE
          WHEN EXISTS (
              SELECT 1
              FROM [Notifications] AS [n]
              WHERE [n].[TicketId] = @_8__locals1_ticket_Id AND [n].[UserId] = @_8__locals1_ticket_AssigneeId AND [n].[Type] = @type) THEN CAST(1 AS bit)
          ELSE CAST(0 AS bit)
      END
info: Microsoft.EntityFrameworkCore.Database.Command[20101]
      Executed DbCommand (1ms) [Parameters=[@_8__locals1_ticket_Id='?' (DbType = Guid), @_8__locals1_ticket_AssigneeId='?' (DbType = Guid), @type='?' (Size = 255)], CommandType='Text', CommandTimeout='30']
      SELECT CASE
          WHEN EXISTS (
              SELECT 1
              FROM [Notifications] AS [n]
              WHERE [n].[TicketId] = @_8__locals1_ticket_Id AND [n].[UserId] = @_8__locals1_ticket_AssigneeId AND [n].[Type] = @type) THEN CAST(1 AS bit)
          ELSE CAST(0 AS bit)
      END
info: Microsoft.EntityFrameworkCore.Database.Command[20101]
      Executed DbCommand (1ms) [Parameters=[@_8__locals1_ticket_Id='?' (DbType = Guid), @_8__locals1_ticket_AssigneeId='?' (DbType = Guid), @type='?' (Size = 255)], CommandType='Text', CommandTimeout='30']
      SELECT CASE
          WHEN EXISTS (
              SELECT 1
              FROM [Notifications] AS [n]
              WHERE [n].[TicketId] = @_8__locals1_ticket_Id AND [n].[UserId] = @_8__locals1_ticket_AssigneeId AND [n].[Type] = @type) THEN CAST(1 AS bit)
          ELSE CAST(0 AS bit)
      END
info: Microsoft.EntityFrameworkCore.Database.Command[20101]
      Executed DbCommand (1ms) [Parameters=[@_8__locals1_ticket_Id='?' (DbType = Guid), @_8__locals1_ticket_AssigneeId='?' (DbType = Guid), @type='?' (Size = 255)], CommandType='Text', CommandTimeout='30']
      SELECT CASE
          WHEN EXISTS (
              SELECT 1
              FROM [Notifications] AS [n]
              WHERE [n].[TicketId] = @_8__locals1_ticket_Id AND [n].[UserId] = @_8__locals1_ticket_AssigneeId AND [n].[Type] = @type) THEN CAST(1 AS bit)
          ELSE CAST(0 AS bit)
      END
info: Microsoft.EntityFrameworkCore.Database.Command[20101]
      Executed DbCommand (1ms) [Parameters=[@_8__locals1_ticket_Id='?' (DbType = Guid), @_8__locals1_ticket_AssigneeId='?' (DbType = Guid), @type='?' (Size = 255)], CommandType='Text', CommandTimeout='30']
      SELECT CASE
          WHEN EXISTS (
              SELECT 1
              FROM [Notifications] AS [n]
              WHERE [n].[TicketId] = @_8__locals1_ticket_Id AND [n].[UserId] = @_8__locals1_ticket_AssigneeId AND [n].[Type] = @type) THEN CAST(1 AS bit)
          ELSE CAST(0 AS bit)
      END
info: Microsoft.EntityFrameworkCore.Database.Command[20101]
      Executed DbCommand (1ms) [Parameters=[@_8__locals1_ticket_Id='?' (DbType = Guid), @_8__locals1_ticket_AssigneeId='?' (DbType = Guid), @type='?' (Size = 255)], CommandType='Text', CommandTimeout='30']
      SELECT CASE
          WHEN EXISTS (
              SELECT 1
              FROM [Notifications] AS [n]
              WHERE [n].[TicketId] = @_8__locals1_ticket_Id AND [n].[UserId] = @_8__locals1_ticket_AssigneeId AND [n].[Type] = @type) THEN CAST(1 AS bit)
          ELSE CAST(0 AS bit)
      END
info: Microsoft.EntityFrameworkCore.Database.Command[20101]
      Executed DbCommand (1ms) [Parameters=[@_8__locals1_ticket_Id='?' (DbType = Guid), @_8__locals1_ticket_AssigneeId='?' (DbType = Guid), @type='?' (Size = 255)], CommandType='Text', CommandTimeout='30']
      SELECT CASE
          WHEN EXISTS (
              SELECT 1
              FROM [Notifications] AS [n]
              WHERE [n].[TicketId] = @_8__locals1_ticket_Id AND [n].[UserId] = @_8__locals1_ticket_AssigneeId AND [n].[Type] = @type) THEN CAST(1 AS bit)
          ELSE CAST(0 AS bit)
      END
info: Microsoft.EntityFrameworkCore.Database.Command[20101]
      Executed DbCommand (1ms) [Parameters=[@_8__locals1_ticket_Id='?' (DbType = Guid), @_8__locals1_ticket_AssigneeId='?' (DbType = Guid), @type='?' (Size = 255)], CommandType='Text', CommandTimeout='30']
      SELECT CASE
          WHEN EXISTS (
              SELECT 1
              FROM [Notifications] AS [n]
              WHERE [n].[TicketId] = @_8__locals1_ticket_Id AND [n].[UserId] = @_8__locals1_ticket_AssigneeId AND [n].[Type] = @type) THEN CAST(1 AS bit)
          ELSE CAST(0 AS bit)
      END
info: Microsoft.EntityFrameworkCore.Database.Command[20101]
      Executed DbCommand (1ms) [Parameters=[@_8__locals1_ticket_Id='?' (DbType = Guid), @_8__locals1_ticket_AssigneeId='?' (DbType = Guid), @type='?' (Size = 255)], CommandType='Text', CommandTimeout='30']
      SELECT CASE
          WHEN EXISTS (
              SELECT 1
              FROM [Notifications] AS [n]
              WHERE [n].[TicketId] = @_8__locals1_ticket_Id AND [n].[UserId] = @_8__locals1_ticket_AssigneeId AND [n].[Type] = @type) THEN CAST(1 AS bit)
          ELSE CAST(0 AS bit)
      END
info: Microsoft.EntityFrameworkCore.Database.Command[20101]
      Executed DbCommand (1ms) [Parameters=[@_8__locals1_ticket_Id='?' (DbType = Guid), @_8__locals1_ticket_AssigneeId='?' (DbType = Guid), @type='?' (Size = 255)], CommandType='Text', CommandTimeout='30']
      SELECT CASE
          WHEN EXISTS (
              SELECT 1
              FROM [Notifications] AS [n]
              WHERE [n].[TicketId] = @_8__locals1_ticket_Id AND [n].[UserId] = @_8__locals1_ticket_AssigneeId AND [n].[Type] = @type) THEN CAST(1 AS bit)
          ELSE CAST(0 AS bit)
      END
info: Microsoft.EntityFrameworkCore.Database.Command[20101]
      Executed DbCommand (1ms) [Parameters=[@_8__locals1_ticket_Id='?' (DbType = Guid), @_8__locals1_ticket_AssigneeId='?' (DbType = Guid), @type='?' (Size = 255)], CommandType='Text', CommandTimeout='30']
      SELECT CASE
          WHEN EXISTS (
              SELECT 1
              FROM [Notifications] AS [n]
              WHERE [n].[TicketId] = @_8__locals1_ticket_Id AND [n].[UserId] = @_8__locals1_ticket_AssigneeId AND [n].[Type] = @type) THEN CAST(1 AS bit)
          ELSE CAST(0 AS bit)
      END
info: Microsoft.EntityFrameworkCore.Database.Command[20101]
      Executed DbCommand (1ms) [Parameters=[@_8__locals1_ticket_Id='?' (DbType = Guid), @_8__locals1_ticket_AssigneeId='?' (DbType = Guid), @type='?' (Size = 255)], CommandType='Text', CommandTimeout='30']
      SELECT CASE
          WHEN EXISTS (
              SELECT 1
              FROM [Notifications] AS [n]
              WHERE [n].[TicketId] = @_8__locals1_ticket_Id AND [n].[UserId] = @_8__locals1_ticket_AssigneeId AND [n].[Type] = @type) THEN CAST(1 AS bit)
          ELSE CAST(0 AS bit)
      END
info: Microsoft.EntityFrameworkCore.Database.Command[20101]
      Executed DbCommand (1ms) [Parameters=[@_8__locals1_ticket_Id='?' (DbType = Guid), @_8__locals1_ticket_AssigneeId='?' (DbType = Guid), @type='?' (Size = 255)], CommandType='Text', CommandTimeout='30']
      SELECT CASE
          WHEN EXISTS (
              SELECT 1
              FROM [Notifications] AS [n]
              WHERE [n].[TicketId] = @_8__locals1_ticket_Id AND [n].[UserId] = @_8__locals1_ticket_AssigneeId AND [n].[Type] = @type) THEN CAST(1 AS bit)
          ELSE CAST(0 AS bit)
      END
info: Microsoft.EntityFrameworkCore.Database.Command[20101]
      Executed DbCommand (1ms) [Parameters=[@_8__locals1_ticket_Id='?' (DbType = Guid), @_8__locals1_ticket_AssigneeId='?' (DbType = Guid), @type='?' (Size = 255)], CommandType='Text', CommandTimeout='30']
      SELECT CASE
          WHEN EXISTS (
              SELECT 1
              FROM [Notifications] AS [n]
              WHERE [n].[TicketId] = @_8__locals1_ticket_Id AND [n].[UserId] = @_8__locals1_ticket_AssigneeId AND [n].[Type] = @type) THEN CAST(1 AS bit)
          ELSE CAST(0 AS bit)
      END
info: Microsoft.EntityFrameworkCore.Database.Command[20101]
      Executed DbCommand (1ms) [Parameters=[@_8__locals1_ticket_Id='?' (DbType = Guid), @_8__locals1_ticket_AssigneeId='?' (DbType = Guid), @type='?' (Size = 255)], CommandType='Text', CommandTimeout='30']
      SELECT CASE
          WHEN EXISTS (
              SELECT 1
              FROM [Notifications] AS [n]
              WHERE [n].[TicketId] = @_8__locals1_ticket_Id AND [n].[UserId] = @_8__locals1_ticket_AssigneeId AND [n].[Type] = @type) THEN CAST(1 AS bit)
          ELSE CAST(0 AS bit)
      END
info: Microsoft.EntityFrameworkCore.Database.Command[20101]
      Executed DbCommand (1ms) [Parameters=[@_8__locals1_ticket_Id='?' (DbType = Guid), @_8__locals1_ticket_AssigneeId='?' (DbType = Guid), @type='?' (Size = 255)], CommandType='Text', CommandTimeout='30']
      SELECT CASE
          WHEN EXISTS (
              SELECT 1
              FROM [Notifications] AS [n]
              WHERE [n].[TicketId] = @_8__locals1_ticket_Id AND [n].[UserId] = @_8__locals1_ticket_AssigneeId AND [n].[Type] = @type) THEN CAST(1 AS bit)
          ELSE CAST(0 AS bit)
      END
info: Microsoft.EntityFrameworkCore.Database.Command[20101]
      Executed DbCommand (1ms) [Parameters=[@_8__locals1_ticket_Id='?' (DbType = Guid), @_8__locals1_ticket_AssigneeId='?' (DbType = Guid), @type='?' (Size = 255)], CommandType='Text', CommandTimeout='30']
      SELECT CASE
          WHEN EXISTS (
              SELECT 1
              FROM [Notifications] AS [n]
              WHERE [n].[TicketId] = @_8__locals1_ticket_Id AND [n].[UserId] = @_8__locals1_ticket_AssigneeId AND [n].[Type] = @type) THEN CAST(1 AS bit)
          ELSE CAST(0 AS bit)
      END
info: Microsoft.EntityFrameworkCore.Database.Command[20101]
      Executed DbCommand (1ms) [Parameters=[@_8__locals1_ticket_Id='?' (DbType = Guid), @_8__locals1_ticket_AssigneeId='?' (DbType = Guid), @type='?' (Size = 255)], CommandType='Text', CommandTimeout='30']
      SELECT CASE
          WHEN EXISTS (
              SELECT 1
              FROM [Notifications] AS [n]
              WHERE [n].[TicketId] = @_8__locals1_ticket_Id AND [n].[UserId] = @_8__locals1_ticket_AssigneeId AND [n].[Type] = @type) THEN CAST(1 AS bit)
          ELSE CAST(0 AS bit)
      END
info: Microsoft.EntityFrameworkCore.Database.Command[20101]
      Executed DbCommand (23ms) [Parameters=[@warningCutoff='?' (DbType = DateTime2)], CommandType='Text', CommandTimeout='30']
      SELECT [t].[Id], [t].[AiSuggestedRoute], [t].[ApplicantFirstName], [t].[ApplicantId], [t].[ApplicantLastName], [t].[Application], [t].[AssigneeId], [t].[ClosingDate], [t].[CreatedAtUtc], [t].[Description], [t].[DomainId], [t].[EcrNumber], [t].[EnglishAccepted], [t].[JiraLink], [t].[LastSyncDate], [t].[Level], [t].[ModuleId], [t].[PartNumber], [t].[Priority], [t].[ReactivityDuration], [t].[ReferenceKZ], [t].[ReferenceSTLA], [t].[ResolvedAtUtc], [t].[SiteId], [t].[SlaDeadlineUtc], [t].[SourceSystemId], [t].[Status], [t].[SubModule], [t].[Summary], [t].[Title]
      FROM [Tickets] AS [t]
      WHERE [t].[AssigneeId] IS NOT NULL AND [t].[Status] IN (1, 2) AND [t].[SlaDeadlineUtc] <= @warningCutoff
info: Microsoft.EntityFrameworkCore.Database.Command[20101]
      Executed DbCommand (6ms) [Parameters=[@_8__locals1_ticket_Id='?' (DbType = Guid), @_8__locals1_ticket_AssigneeId='?' (DbType = Guid), @type='?' (Size = 255)], CommandType='Text', CommandTimeout='30']
      SELECT CASE
          WHEN EXISTS (
              SELECT 1
              FROM [Notifications] AS [n]
              WHERE [n].[TicketId] = @_8__locals1_ticket_Id AND [n].[UserId] = @_8__locals1_ticket_AssigneeId AND [n].[Type] = @type) THEN CAST(1 AS bit)
          ELSE CAST(0 AS bit)
      END
info: Microsoft.EntityFrameworkCore.Database.Command[20101]
      Executed DbCommand (1ms) [Parameters=[@_8__locals1_ticket_Id='?' (DbType = Guid), @_8__locals1_ticket_AssigneeId='?' (DbType = Guid), @type='?' (Size = 255)], CommandType='Text', CommandTimeout='30']
      SELECT CASE
          WHEN EXISTS (
              SELECT 1
              FROM [Notifications] AS [n]
              WHERE [n].[TicketId] = @_8__locals1_ticket_Id AND [n].[UserId] = @_8__locals1_ticket_AssigneeId AND [n].[Type] = @type) THEN CAST(1 AS bit)
          ELSE CAST(0 AS bit)
      END
info: Microsoft.EntityFrameworkCore.Database.Command[20101]
      Executed DbCommand (0ms) [Parameters=[@_8__locals1_ticket_Id='?' (DbType = Guid), @_8__locals1_ticket_AssigneeId='?' (DbType = Guid), @type='?' (Size = 255)], CommandType='Text', CommandTimeout='30']
      SELECT CASE
          WHEN EXISTS (
              SELECT 1
              FROM [Notifications] AS [n]
              WHERE [n].[TicketId] = @_8__locals1_ticket_Id AND [n].[UserId] = @_8__locals1_ticket_AssigneeId AND [n].[Type] = @type) THEN CAST(1 AS bit)
          ELSE CAST(0 AS bit)
      END
info: Microsoft.EntityFrameworkCore.Database.Command[20101]
      Executed DbCommand (0ms) [Parameters=[@_8__locals1_ticket_Id='?' (DbType = Guid), @_8__locals1_ticket_AssigneeId='?' (DbType = Guid), @type='?' (Size = 255)], CommandType='Text', CommandTimeout='30']
      SELECT CASE
          WHEN EXISTS (
              SELECT 1
              FROM [Notifications] AS [n]
              WHERE [n].[TicketId] = @_8__locals1_ticket_Id AND [n].[UserId] = @_8__locals1_ticket_AssigneeId AND [n].[Type] = @type) THEN CAST(1 AS bit)
          ELSE CAST(0 AS bit)
      END
info: Microsoft.EntityFrameworkCore.Database.Command[20101]
      Executed DbCommand (0ms) [Parameters=[@_8__locals1_ticket_Id='?' (DbType = Guid), @_8__locals1_ticket_AssigneeId='?' (DbType = Guid), @type='?' (Size = 255)], CommandType='Text', CommandTimeout='30']
      SELECT CASE
          WHEN EXISTS (
              SELECT 1
              FROM [Notifications] AS [n]
              WHERE [n].[TicketId] = @_8__locals1_ticket_Id AND [n].[UserId] = @_8__locals1_ticket_AssigneeId AND [n].[Type] = @type) THEN CAST(1 AS bit)
          ELSE CAST(0 AS bit)
      END
info: Microsoft.EntityFrameworkCore.Database.Command[20101]
      Executed DbCommand (0ms) [Parameters=[@_8__locals1_ticket_Id='?' (DbType = Guid), @_8__locals1_ticket_AssigneeId='?' (DbType = Guid), @type='?' (Size = 255)], CommandType='Text', CommandTimeout='30']
      SELECT CASE
          WHEN EXISTS (
              SELECT 1
              FROM [Notifications] AS [n]
              WHERE [n].[TicketId] = @_8__locals1_ticket_Id AND [n].[UserId] = @_8__locals1_ticket_AssigneeId AND [n].[Type] = @type) THEN CAST(1 AS bit)
          ELSE CAST(0 AS bit)
      END
info: Microsoft.EntityFrameworkCore.Database.Command[20101]
      Executed DbCommand (0ms) [Parameters=[@_8__locals1_ticket_Id='?' (DbType = Guid), @_8__locals1_ticket_AssigneeId='?' (DbType = Guid), @type='?' (Size = 255)], CommandType='Text', CommandTimeout='30']
      SELECT CASE
          WHEN EXISTS (
              SELECT 1
              FROM [Notifications] AS [n]
              WHERE [n].[TicketId] = @_8__locals1_ticket_Id AND [n].[UserId] = @_8__locals1_ticket_AssigneeId AND [n].[Type] = @type) THEN CAST(1 AS bit)
          ELSE CAST(0 AS bit)
      END
info: Microsoft.EntityFrameworkCore.Database.Command[20101]
      Executed DbCommand (0ms) [Parameters=[@_8__locals1_ticket_Id='?' (DbType = Guid), @_8__locals1_ticket_AssigneeId='?' (DbType = Guid), @type='?' (Size = 255)], CommandType='Text', CommandTimeout='30']
      SELECT CASE
          WHEN EXISTS (
              SELECT 1
              FROM [Notifications] AS [n]
              WHERE [n].[TicketId] = @_8__locals1_ticket_Id AND [n].[UserId] = @_8__locals1_ticket_AssigneeId AND [n].[Type] = @type) THEN CAST(1 AS bit)
          ELSE CAST(0 AS bit)
      END
info: Microsoft.EntityFrameworkCore.Database.Command[20101]
      Executed DbCommand (0ms) [Parameters=[@_8__locals1_ticket_Id='?' (DbType = Guid), @_8__locals1_ticket_AssigneeId='?' (DbType = Guid), @type='?' (Size = 255)], CommandType='Text', CommandTimeout='30']
      SELECT CASE
          WHEN EXISTS (
              SELECT 1
              FROM [Notifications] AS [n]
              WHERE [n].[TicketId] = @_8__locals1_ticket_Id AND [n].[UserId] = @_8__locals1_ticket_AssigneeId AND [n].[Type] = @type) THEN CAST(1 AS bit)
          ELSE CAST(0 AS bit)
      END
info: Microsoft.EntityFrameworkCore.Database.Command[20101]
      Executed DbCommand (0ms) [Parameters=[@_8__locals1_ticket_Id='?' (DbType = Guid), @_8__locals1_ticket_AssigneeId='?' (DbType = Guid), @type='?' (Size = 255)], CommandType='Text', CommandTimeout='30']
      SELECT CASE
          WHEN EXISTS (
              SELECT 1
              FROM [Notifications] AS [n]
              WHERE [n].[TicketId] = @_8__locals1_ticket_Id AND [n].[UserId] = @_8__locals1_ticket_AssigneeId AND [n].[Type] = @type) THEN CAST(1 AS bit)
          ELSE CAST(0 AS bit)
      END
info: Microsoft.EntityFrameworkCore.Database.Command[20101]
      Executed DbCommand (0ms) [Parameters=[@_8__locals1_ticket_Id='?' (DbType = Guid), @_8__locals1_ticket_AssigneeId='?' (DbType = Guid), @type='?' (Size = 255)], CommandType='Text', CommandTimeout='30']
      SELECT CASE
          WHEN EXISTS (
              SELECT 1
              FROM [Notifications] AS [n]
              WHERE [n].[TicketId] = @_8__locals1_ticket_Id AND [n].[UserId] = @_8__locals1_ticket_AssigneeId AND [n].[Type] = @type) THEN CAST(1 AS bit)
          ELSE CAST(0 AS bit)
      END
info: Microsoft.EntityFrameworkCore.Database.Command[20101]
      Executed DbCommand (0ms) [Parameters=[@_8__locals1_ticket_Id='?' (DbType = Guid), @_8__locals1_ticket_AssigneeId='?' (DbType = Guid), @type='?' (Size = 255)], CommandType='Text', CommandTimeout='30']
      SELECT CASE
          WHEN EXISTS (
              SELECT 1
              FROM [Notifications] AS [n]
              WHERE [n].[TicketId] = @_8__locals1_ticket_Id AND [n].[UserId] = @_8__locals1_ticket_AssigneeId AND [n].[Type] = @type) THEN CAST(1 AS bit)
          ELSE CAST(0 AS bit)
      END
info: Microsoft.EntityFrameworkCore.Database.Command[20101]
      Executed DbCommand (0ms) [Parameters=[@_8__locals1_ticket_Id='?' (DbType = Guid), @_8__locals1_ticket_AssigneeId='?' (DbType = Guid), @type='?' (Size = 255)], CommandType='Text', CommandTimeout='30']
      SELECT CASE
          WHEN EXISTS (
              SELECT 1
              FROM [Notifications] AS [n]
              WHERE [n].[TicketId] = @_8__locals1_ticket_Id AND [n].[UserId] = @_8__locals1_ticket_AssigneeId AND [n].[Type] = @type) THEN CAST(1 AS bit)
          ELSE CAST(0 AS bit)
      END
info: Microsoft.EntityFrameworkCore.Database.Command[20101]
      Executed DbCommand (0ms) [Parameters=[@_8__locals1_ticket_Id='?' (DbType = Guid), @_8__locals1_ticket_AssigneeId='?' (DbType = Guid), @type='?' (Size = 255)], CommandType='Text', CommandTimeout='30']
      SELECT CASE
          WHEN EXISTS (
              SELECT 1
              FROM [Notifications] AS [n]
              WHERE [n].[TicketId] = @_8__locals1_ticket_Id AND [n].[UserId] = @_8__locals1_ticket_AssigneeId AND [n].[Type] = @type) THEN CAST(1 AS bit)
          ELSE CAST(0 AS bit)
      END
info: Microsoft.EntityFrameworkCore.Database.Command[20101]
      Executed DbCommand (0ms) [Parameters=[@_8__locals1_ticket_Id='?' (DbType = Guid), @_8__locals1_ticket_AssigneeId='?' (DbType = Guid), @type='?' (Size = 255)], CommandType='Text', CommandTimeout='30']
      SELECT CASE
          WHEN EXISTS (
              SELECT 1
              FROM [Notifications] AS [n]
              WHERE [n].[TicketId] = @_8__locals1_ticket_Id AND [n].[UserId] = @_8__locals1_ticket_AssigneeId AND [n].[Type] = @type) THEN CAST(1 AS bit)
          ELSE CAST(0 AS bit)
      END
info: Microsoft.EntityFrameworkCore.Database.Command[20101]
      Executed DbCommand (1ms) [Parameters=[@_8__locals1_ticket_Id='?' (DbType = Guid), @_8__locals1_ticket_AssigneeId='?' (DbType = Guid), @type='?' (Size = 255)], CommandType='Text', CommandTimeout='30']
      SELECT CASE
          WHEN EXISTS (
              SELECT 1
              FROM [Notifications] AS [n]
              WHERE [n].[TicketId] = @_8__locals1_ticket_Id AND [n].[UserId] = @_8__locals1_ticket_AssigneeId AND [n].[Type] = @type) THEN CAST(1 AS bit)
          ELSE CAST(0 AS bit)
      END
info: Microsoft.EntityFrameworkCore.Database.Command[20101]
      Executed DbCommand (0ms) [Parameters=[@_8__locals1_ticket_Id='?' (DbType = Guid), @_8__locals1_ticket_AssigneeId='?' (DbType = Guid), @type='?' (Size = 255)], CommandType='Text', CommandTimeout='30']
      SELECT CASE
          WHEN EXISTS (
              SELECT 1
              FROM [Notifications] AS [n]
              WHERE [n].[TicketId] = @_8__locals1_ticket_Id AND [n].[UserId] = @_8__locals1_ticket_AssigneeId AND [n].[Type] = @type) THEN CAST(1 AS bit)
          ELSE CAST(0 AS bit)
      END
info: Microsoft.EntityFrameworkCore.Database.Command[20101]
      Executed DbCommand (0ms) [Parameters=[@_8__locals1_ticket_Id='?' (DbType = Guid), @_8__locals1_ticket_AssigneeId='?' (DbType = Guid), @type='?' (Size = 255)], CommandType='Text', CommandTimeout='30']
      SELECT CASE
          WHEN EXISTS (
              SELECT 1
              FROM [Notifications] AS [n]
              WHERE [n].[TicketId] = @_8__locals1_ticket_Id AND [n].[UserId] = @_8__locals1_ticket_AssigneeId AND [n].[Type] = @type) THEN CAST(1 AS bit)
          ELSE CAST(0 AS bit)
      END
info: Microsoft.EntityFrameworkCore.Database.Command[20101]
      Executed DbCommand (1ms) [Parameters=[@_8__locals1_ticket_Id='?' (DbType = Guid), @_8__locals1_ticket_AssigneeId='?' (DbType = Guid), @type='?' (Size = 255)], CommandType='Text', CommandTimeout='30']
      SELECT CASE
          WHEN EXISTS (
              SELECT 1
              FROM [Notifications] AS [n]
              WHERE [n].[TicketId] = @_8__locals1_ticket_Id AND [n].[UserId] = @_8__locals1_ticket_AssigneeId AND [n].[Type] = @type) THEN CAST(1 AS bit)
          ELSE CAST(0 AS bit)
      END
info: Microsoft.EntityFrameworkCore.Database.Command[20101]
      Executed DbCommand (1ms) [Parameters=[@_8__locals1_ticket_Id='?' (DbType = Guid), @_8__locals1_ticket_AssigneeId='?' (DbType = Guid), @type='?' (Size = 255)], CommandType='Text', CommandTimeout='30']
      SELECT CASE
          WHEN EXISTS (
              SELECT 1
              FROM [Notifications] AS [n]
              WHERE [n].[TicketId] = @_8__locals1_ticket_Id AND [n].[UserId] = @_8__locals1_ticket_AssigneeId AND [n].[Type] = @type) THEN CAST(1 AS bit)
          ELSE CAST(0 AS bit)
      END
info: Microsoft.EntityFrameworkCore.Database.Command[20101]
      Executed DbCommand (1ms) [Parameters=[@_8__locals1_ticket_Id='?' (DbType = Guid), @_8__locals1_ticket_AssigneeId='?' (DbType = Guid), @type='?' (Size = 255)], CommandType='Text', CommandTimeout='30']
      SELECT CASE
          WHEN EXISTS (
              SELECT 1
              FROM [Notifications] AS [n]
              WHERE [n].[TicketId] = @_8__locals1_ticket_Id AND [n].[UserId] = @_8__locals1_ticket_AssigneeId AND [n].[Type] = @type) THEN CAST(1 AS bit)
          ELSE CAST(0 AS bit)
      END
info: Microsoft.EntityFrameworkCore.Database.Command[20101]
      Executed DbCommand (1ms) [Parameters=[@_8__locals1_ticket_Id='?' (DbType = Guid), @_8__locals1_ticket_AssigneeId='?' (DbType = Guid), @type='?' (Size = 255)], CommandType='Text', CommandTimeout='30']
      SELECT CASE
          WHEN EXISTS (
              SELECT 1
              FROM [Notifications] AS [n]
              WHERE [n].[TicketId] = @_8__locals1_ticket_Id AND [n].[UserId] = @_8__locals1_ticket_AssigneeId AND [n].[Type] = @type) THEN CAST(1 AS bit)
          ELSE CAST(0 AS bit)
      END
info: Microsoft.EntityFrameworkCore.Database.Command[20101]
      Executed DbCommand (1ms) [Parameters=[@_8__locals1_ticket_Id='?' (DbType = Guid), @_8__locals1_ticket_AssigneeId='?' (DbType = Guid), @type='?' (Size = 255)], CommandType='Text', CommandTimeout='30']
      SELECT CASE
          WHEN EXISTS (
              SELECT 1
              FROM [Notifications] AS [n]
              WHERE [n].[TicketId] = @_8__locals1_ticket_Id AND [n].[UserId] = @_8__locals1_ticket_AssigneeId AND [n].[Type] = @type) THEN CAST(1 AS bit)
          ELSE CAST(0 AS bit)
      END
info: Microsoft.EntityFrameworkCore.Database.Command[20101]
      Executed DbCommand (43ms) [Parameters=[@warningCutoff='?' (DbType = DateTime2)], CommandType='Text', CommandTimeout='30']
      SELECT [t].[Id], [t].[AiSuggestedRoute], [t].[ApplicantFirstName], [t].[ApplicantId], [t].[ApplicantLastName], [t].[Application], [t].[AssigneeId], [t].[ClosingDate], [t].[CreatedAtUtc], [t].[Description], [t].[DomainId], [t].[EcrNumber], [t].[EnglishAccepted], [t].[JiraLink], [t].[LastSyncDate], [t].[Level], [t].[ModuleId], [t].[PartNumber], [t].[Priority], [t].[ReactivityDuration], [t].[ReferenceKZ], [t].[ReferenceSTLA], [t].[ResolvedAtUtc], [t].[SiteId], [t].[SlaDeadlineUtc], [t].[SourceSystemId], [t].[Status], [t].[SubModule], [t].[Summary], [t].[Title]
      FROM [Tickets] AS [t]
      WHERE [t].[AssigneeId] IS NOT NULL AND [t].[Status] IN (1, 2) AND [t].[SlaDeadlineUtc] <= @warningCutoff
info: Microsoft.EntityFrameworkCore.Database.Command[20101]
      Executed DbCommand (16ms) [Parameters=[@_8__locals1_ticket_Id='?' (DbType = Guid), @_8__locals1_ticket_AssigneeId='?' (DbType = Guid), @type='?' (Size = 255)], CommandType='Text', CommandTimeout='30']
      SELECT CASE
          WHEN EXISTS (
              SELECT 1
              FROM [Notifications] AS [n]
              WHERE [n].[TicketId] = @_8__locals1_ticket_Id AND [n].[UserId] = @_8__locals1_ticket_AssigneeId AND [n].[Type] = @type) THEN CAST(1 AS bit)
          ELSE CAST(0 AS bit)
      END
info: Microsoft.EntityFrameworkCore.Database.Command[20101]
      Executed DbCommand (1ms) [Parameters=[@_8__locals1_ticket_Id='?' (DbType = Guid), @_8__locals1_ticket_AssigneeId='?' (DbType = Guid), @type='?' (Size = 255)], CommandType='Text', CommandTimeout='30']
      SELECT CASE
          WHEN EXISTS (
              SELECT 1
              FROM [Notifications] AS [n]
              WHERE [n].[TicketId] = @_8__locals1_ticket_Id AND [n].[UserId] = @_8__locals1_ticket_AssigneeId AND [n].[Type] = @type) THEN CAST(1 AS bit)
          ELSE CAST(0 AS bit)
      END
info: Microsoft.EntityFrameworkCore.Database.Command[20101]
      Executed DbCommand (1ms) [Parameters=[@_8__locals1_ticket_Id='?' (DbType = Guid), @_8__locals1_ticket_AssigneeId='?' (DbType = Guid), @type='?' (Size = 255)], CommandType='Text', CommandTimeout='30']
      SELECT CASE
          WHEN EXISTS (
              SELECT 1
              FROM [Notifications] AS [n]
              WHERE [n].[TicketId] = @_8__locals1_ticket_Id AND [n].[UserId] = @_8__locals1_ticket_AssigneeId AND [n].[Type] = @type) THEN CAST(1 AS bit)
          ELSE CAST(0 AS bit)
      END
info: Microsoft.EntityFrameworkCore.Database.Command[20101]
      Executed DbCommand (1ms) [Parameters=[@_8__locals1_ticket_Id='?' (DbType = Guid), @_8__locals1_ticket_AssigneeId='?' (DbType = Guid), @type='?' (Size = 255)], CommandType='Text', CommandTimeout='30']
      SELECT CASE
          WHEN EXISTS (
              SELECT 1
              FROM [Notifications] AS [n]
              WHERE [n].[TicketId] = @_8__locals1_ticket_Id AND [n].[UserId] = @_8__locals1_ticket_AssigneeId AND [n].[Type] = @type) THEN CAST(1 AS bit)
          ELSE CAST(0 AS bit)
      END
info: Microsoft.EntityFrameworkCore.Database.Command[20101]
      Executed DbCommand (1ms) [Parameters=[@_8__locals1_ticket_Id='?' (DbType = Guid), @_8__locals1_ticket_AssigneeId='?' (DbType = Guid), @type='?' (Size = 255)], CommandType='Text', CommandTimeout='30']
      SELECT CASE
          WHEN EXISTS (
              SELECT 1
              FROM [Notifications] AS [n]
              WHERE [n].[TicketId] = @_8__locals1_ticket_Id AND [n].[UserId] = @_8__locals1_ticket_AssigneeId AND [n].[Type] = @type) THEN CAST(1 AS bit)
          ELSE CAST(0 AS bit)
      END
info: Microsoft.EntityFrameworkCore.Database.Command[20101]
      Executed DbCommand (1ms) [Parameters=[@_8__locals1_ticket_Id='?' (DbType = Guid), @_8__locals1_ticket_AssigneeId='?' (DbType = Guid), @type='?' (Size = 255)], CommandType='Text', CommandTimeout='30']
      SELECT CASE
          WHEN EXISTS (
              SELECT 1
              FROM [Notifications] AS [n]
              WHERE [n].[TicketId] = @_8__locals1_ticket_Id AND [n].[UserId] = @_8__locals1_ticket_AssigneeId AND [n].[Type] = @type) THEN CAST(1 AS bit)
          ELSE CAST(0 AS bit)
      END
info: Microsoft.EntityFrameworkCore.Database.Command[20101]
      Executed DbCommand (1ms) [Parameters=[@_8__locals1_ticket_Id='?' (DbType = Guid), @_8__locals1_ticket_AssigneeId='?' (DbType = Guid), @type='?' (Size = 255)], CommandType='Text', CommandTimeout='30']
      SELECT CASE
          WHEN EXISTS (
              SELECT 1
              FROM [Notifications] AS [n]
              WHERE [n].[TicketId] = @_8__locals1_ticket_Id AND [n].[UserId] = @_8__locals1_ticket_AssigneeId AND [n].[Type] = @type) THEN CAST(1 AS bit)
          ELSE CAST(0 AS bit)
      END
info: Microsoft.EntityFrameworkCore.Database.Command[20101]
      Executed DbCommand (1ms) [Parameters=[@_8__locals1_ticket_Id='?' (DbType = Guid), @_8__locals1_ticket_AssigneeId='?' (DbType = Guid), @type='?' (Size = 255)], CommandType='Text', CommandTimeout='30']
      SELECT CASE
          WHEN EXISTS (
              SELECT 1
              FROM [Notifications] AS [n]
              WHERE [n].[TicketId] = @_8__locals1_ticket_Id AND [n].[UserId] = @_8__locals1_ticket_AssigneeId AND [n].[Type] = @type) THEN CAST(1 AS bit)
          ELSE CAST(0 AS bit)
      END
info: Microsoft.EntityFrameworkCore.Database.Command[20101]
      Executed DbCommand (1ms) [Parameters=[@_8__locals1_ticket_Id='?' (DbType = Guid), @_8__locals1_ticket_AssigneeId='?' (DbType = Guid), @type='?' (Size = 255)], CommandType='Text', CommandTimeout='30']
      SELECT CASE
          WHEN EXISTS (
              SELECT 1
              FROM [Notifications] AS [n]
              WHERE [n].[TicketId] = @_8__locals1_ticket_Id AND [n].[UserId] = @_8__locals1_ticket_AssigneeId AND [n].[Type] = @type) THEN CAST(1 AS bit)
          ELSE CAST(0 AS bit)
      END
info: Microsoft.EntityFrameworkCore.Database.Command[20101]
      Executed DbCommand (1ms) [Parameters=[@_8__locals1_ticket_Id='?' (DbType = Guid), @_8__locals1_ticket_AssigneeId='?' (DbType = Guid), @type='?' (Size = 255)], CommandType='Text', CommandTimeout='30']
      SELECT CASE
          WHEN EXISTS (
              SELECT 1
              FROM [Notifications] AS [n]
              WHERE [n].[TicketId] = @_8__locals1_ticket_Id AND [n].[UserId] = @_8__locals1_ticket_AssigneeId AND [n].[Type] = @type) THEN CAST(1 AS bit)
          ELSE CAST(0 AS bit)
      END
info: Microsoft.EntityFrameworkCore.Database.Command[20101]
      Executed DbCommand (1ms) [Parameters=[@_8__locals1_ticket_Id='?' (DbType = Guid), @_8__locals1_ticket_AssigneeId='?' (DbType = Guid), @type='?' (Size = 255)], CommandType='Text', CommandTimeout='30']
      SELECT CASE
          WHEN EXISTS (
              SELECT 1
              FROM [Notifications] AS [n]
              WHERE [n].[TicketId] = @_8__locals1_ticket_Id AND [n].[UserId] = @_8__locals1_ticket_AssigneeId AND [n].[Type] = @type) THEN CAST(1 AS bit)
          ELSE CAST(0 AS bit)
      END
info: Microsoft.EntityFrameworkCore.Database.Command[20101]
      Executed DbCommand (0ms) [Parameters=[@_8__locals1_ticket_Id='?' (DbType = Guid), @_8__locals1_ticket_AssigneeId='?' (DbType = Guid), @type='?' (Size = 255)], CommandType='Text', CommandTimeout='30']
      SELECT CASE
          WHEN EXISTS (
              SELECT 1
              FROM [Notifications] AS [n]
              WHERE [n].[TicketId] = @_8__locals1_ticket_Id AND [n].[UserId] = @_8__locals1_ticket_AssigneeId AND [n].[Type] = @type) THEN CAST(1 AS bit)
          ELSE CAST(0 AS bit)
      END
info: Microsoft.EntityFrameworkCore.Database.Command[20101]
      Executed DbCommand (0ms) [Parameters=[@_8__locals1_ticket_Id='?' (DbType = Guid), @_8__locals1_ticket_AssigneeId='?' (DbType = Guid), @type='?' (Size = 255)], CommandType='Text', CommandTimeout='30']
      SELECT CASE
          WHEN EXISTS (
              SELECT 1
              FROM [Notifications] AS [n]
              WHERE [n].[TicketId] = @_8__locals1_ticket_Id AND [n].[UserId] = @_8__locals1_ticket_AssigneeId AND [n].[Type] = @type) THEN CAST(1 AS bit)
          ELSE CAST(0 AS bit)
      END
info: Microsoft.EntityFrameworkCore.Database.Command[20101]
      Executed DbCommand (1ms) [Parameters=[@_8__locals1_ticket_Id='?' (DbType = Guid), @_8__locals1_ticket_AssigneeId='?' (DbType = Guid), @type='?' (Size = 255)], CommandType='Text', CommandTimeout='30']
      SELECT CASE
          WHEN EXISTS (
              SELECT 1
              FROM [Notifications] AS [n]
              WHERE [n].[TicketId] = @_8__locals1_ticket_Id AND [n].[UserId] = @_8__locals1_ticket_AssigneeId AND [n].[Type] = @type) THEN CAST(1 AS bit)
          ELSE CAST(0 AS bit)
      END
info: Microsoft.EntityFrameworkCore.Database.Command[20101]
      Executed DbCommand (1ms) [Parameters=[@_8__locals1_ticket_Id='?' (DbType = Guid), @_8__locals1_ticket_AssigneeId='?' (DbType = Guid), @type='?' (Size = 255)], CommandType='Text', CommandTimeout='30']
      SELECT CASE
          WHEN EXISTS (
              SELECT 1
              FROM [Notifications] AS [n]
              WHERE [n].[TicketId] = @_8__locals1_ticket_Id AND [n].[UserId] = @_8__locals1_ticket_AssigneeId AND [n].[Type] = @type) THEN CAST(1 AS bit)
          ELSE CAST(0 AS bit)
      END
info: Microsoft.EntityFrameworkCore.Database.Command[20101]
      Executed DbCommand (1ms) [Parameters=[@_8__locals1_ticket_Id='?' (DbType = Guid), @_8__locals1_ticket_AssigneeId='?' (DbType = Guid), @type='?' (Size = 255)], CommandType='Text', CommandTimeout='30']
      SELECT CASE
          WHEN EXISTS (
              SELECT 1
              FROM [Notifications] AS [n]
              WHERE [n].[TicketId] = @_8__locals1_ticket_Id AND [n].[UserId] = @_8__locals1_ticket_AssigneeId AND [n].[Type] = @type) THEN CAST(1 AS bit)
          ELSE CAST(0 AS bit)
      END
info: Microsoft.EntityFrameworkCore.Database.Command[20101]
      Executed DbCommand (1ms) [Parameters=[@_8__locals1_ticket_Id='?' (DbType = Guid), @_8__locals1_ticket_AssigneeId='?' (DbType = Guid), @type='?' (Size = 255)], CommandType='Text', CommandTimeout='30']
      SELECT CASE
          WHEN EXISTS (
              SELECT 1
              FROM [Notifications] AS [n]
              WHERE [n].[TicketId] = @_8__locals1_ticket_Id AND [n].[UserId] = @_8__locals1_ticket_AssigneeId AND [n].[Type] = @type) THEN CAST(1 AS bit)
          ELSE CAST(0 AS bit)
      END
info: Microsoft.EntityFrameworkCore.Database.Command[20101]
      Executed DbCommand (1ms) [Parameters=[@_8__locals1_ticket_Id='?' (DbType = Guid), @_8__locals1_ticket_AssigneeId='?' (DbType = Guid), @type='?' (Size = 255)], CommandType='Text', CommandTimeout='30']
      SELECT CASE
          WHEN EXISTS (
              SELECT 1
              FROM [Notifications] AS [n]
              WHERE [n].[TicketId] = @_8__locals1_ticket_Id AND [n].[UserId] = @_8__locals1_ticket_AssigneeId AND [n].[Type] = @type) THEN CAST(1 AS bit)
          ELSE CAST(0 AS bit)
      END
info: Microsoft.EntityFrameworkCore.Database.Command[20101]
      Executed DbCommand (1ms) [Parameters=[@_8__locals1_ticket_Id='?' (DbType = Guid), @_8__locals1_ticket_AssigneeId='?' (DbType = Guid), @type='?' (Size = 255)], CommandType='Text', CommandTimeout='30']
      SELECT CASE
          WHEN EXISTS (
              SELECT 1
              FROM [Notifications] AS [n]
              WHERE [n].[TicketId] = @_8__locals1_ticket_Id AND [n].[UserId] = @_8__locals1_ticket_AssigneeId AND [n].[Type] = @type) THEN CAST(1 AS bit)
          ELSE CAST(0 AS bit)
      END
info: Microsoft.EntityFrameworkCore.Database.Command[20101]
      Executed DbCommand (1ms) [Parameters=[@_8__locals1_ticket_Id='?' (DbType = Guid), @_8__locals1_ticket_AssigneeId='?' (DbType = Guid), @type='?' (Size = 255)], CommandType='Text', CommandTimeout='30']
      SELECT CASE
          WHEN EXISTS (
              SELECT 1
              FROM [Notifications] AS [n]
              WHERE [n].[TicketId] = @_8__locals1_ticket_Id AND [n].[UserId] = @_8__locals1_ticket_AssigneeId AND [n].[Type] = @type) THEN CAST(1 AS bit)
          ELSE CAST(0 AS bit)
      END
info: Microsoft.EntityFrameworkCore.Database.Command[20101]
      Executed DbCommand (1ms) [Parameters=[@_8__locals1_ticket_Id='?' (DbType = Guid), @_8__locals1_ticket_AssigneeId='?' (DbType = Guid), @type='?' (Size = 255)], CommandType='Text', CommandTimeout='30']
      SELECT CASE
          WHEN EXISTS (
              SELECT 1
              FROM [Notifications] AS [n]
              WHERE [n].[TicketId] = @_8__locals1_ticket_Id AND [n].[UserId] = @_8__locals1_ticket_AssigneeId AND [n].[Type] = @type) THEN CAST(1 AS bit)
          ELSE CAST(0 AS bit)
      END
info: Microsoft.EntityFrameworkCore.Database.Command[20101]
      Executed DbCommand (1ms) [Parameters=[@_8__locals1_ticket_Id='?' (DbType = Guid), @_8__locals1_ticket_AssigneeId='?' (DbType = Guid), @type='?' (Size = 255)], CommandType='Text', CommandTimeout='30']
      SELECT CASE
          WHEN EXISTS (
              SELECT 1
              FROM [Notifications] AS [n]
              WHERE [n].[TicketId] = @_8__locals1_ticket_Id AND [n].[UserId] = @_8__locals1_ticket_AssigneeId AND [n].[Type] = @type) THEN CAST(1 AS bit)
          ELSE CAST(0 AS bit)
      END
info: Microsoft.EntityFrameworkCore.Database.Command[20101]
      Executed DbCommand (1ms) [Parameters=[@_8__locals1_ticket_Id='?' (DbType = Guid), @_8__locals1_ticket_AssigneeId='?' (DbType = Guid), @type='?' (Size = 255)], CommandType='Text', CommandTimeout='30']
      SELECT CASE
          WHEN EXISTS (
              SELECT 1
              FROM [Notifications] AS [n]
              WHERE [n].[TicketId] = @_8__locals1_ticket_Id AND [n].[UserId] = @_8__locals1_ticket_AssigneeId AND [n].[Type] = @type) THEN CAST(1 AS bit)
          ELSE CAST(0 AS bit)
      END
info: Microsoft.EntityFrameworkCore.Database.Command[20101]
      Executed DbCommand (38ms) [Parameters=[@normalizedEmail='?' (Size = 256)], CommandType='Text', CommandTimeout='30']
      SELECT TOP(2) [a].[Id], [a].[AccessFailedCount], [a].[AltenId], [a].[Availability], [a].[AvatarColor], [a].[ConcurrencyStamp], [a].[CreatedAt], [a].[Email], [a].[EmailConfirmed], [a].[EmailStellantis], [a].[FirstName], [a].[IdStellantis], [a].[Languages], [a].[LastName], [a].[LockoutEnabled], [a].[LockoutEnd], [a].[MustChangePassword], [a].[NormalizedEmail], [a].[NormalizedUserName], [a].[PasswordHash], [a].[PasswordResetCode], [a].[PasswordResetCodeExpiresAtUtc], [a].[PhoneNumber], [a].[PhoneNumberConfirmed], [a].[ProfilePhotoUrl], [a].[Role], [a].[SecurityStamp], [a].[Status], [a].[TeamId], [a].[TwoFactorEnabled], [a].[UserName]
      FROM [AspNetUsers] AS [a]
      WHERE [a].[NormalizedEmail] = @normalizedEmail
info: Microsoft.EntityFrameworkCore.Database.Command[20101]
      Executed DbCommand (25ms) [Parameters=[@p0='?' (DbType = Guid), @p1='?' (DbType = DateTime2), @p2='?' (DbType = DateTime2), @p3='?' (DbType = DateTime2), @p4='?' (Size = 255), @p5='?' (DbType = Guid)], CommandType='Text', CommandTimeout='30']
      SET IMPLICIT_TRANSACTIONS OFF;
      SET NOCOUNT ON;
      INSERT INTO [RefreshTokens] ([Id], [CreatedAtUtc], [ExpiresAtUtc], [RevokedAtUtc], [Token], [UserId])
      VALUES (@p0, @p1, @p2, @p3, @p4, @p5);
info: Microsoft.EntityFrameworkCore.Database.Command[20101]
      Executed DbCommand (17ms) [Parameters=[@CurrentUserId='?' (DbType = Guid)], CommandType='Text', CommandTimeout='30']
      SELECT COUNT(*)
      FROM [Notifications] AS [n]
      WHERE [n].[UserId] = @CurrentUserId AND [n].[Read] = CAST(0 AS bit)
info: Microsoft.EntityFrameworkCore.Database.Command[20101]
      Executed DbCommand (20ms) [Parameters=[@userId='?' (DbType = Guid), @todayUtc='?' (DbType = DateTime2)], CommandType='Text', CommandTimeout='30']
      SELECT COUNT(*)
      FROM [Tickets] AS [t]
      WHERE [t].[AssigneeId] = @userId AND [t].[ResolvedAtUtc] IS NOT NULL AND CONVERT(date, [t].[ResolvedAtUtc]) = @todayUtc
info: Microsoft.EntityFrameworkCore.Database.Command[20101]
      Executed DbCommand (12ms) [Parameters=[@userId='?' (DbType = Guid)], CommandType='Text', CommandTimeout='30']
      SELECT CAST(DATEDIFF(minute, [t].[CreatedAtUtc], [t].[ResolvedAtUtc]) AS float) / 60.0E0
      FROM [Tickets] AS [t]
      WHERE [t].[AssigneeId] = @userId AND [t].[ResolvedAtUtc] IS NOT NULL
info: Microsoft.EntityFrameworkCore.Database.Command[20101]
      Executed DbCommand (7ms) [Parameters=[], CommandType='Text', CommandTimeout='30']
      SELECT COUNT(*)
      FROM [Tickets] AS [t]
info: Microsoft.EntityFrameworkCore.Database.Command[20101]
      Executed DbCommand (29ms) [Parameters=[], CommandType='Text', CommandTimeout='30']
      SELECT [t].[Id], [t].[AiSuggestedRoute], [t].[ApplicantFirstName], [t].[ApplicantId], [t].[ApplicantLastName], [t].[Application], [t].[AssigneeId], [t].[ClosingDate], [t].[CreatedAtUtc], [t].[Description], [t].[DomainId], [t].[EcrNumber], [t].[EnglishAccepted], [t].[JiraLink], [t].[LastSyncDate], [t].[Level], [t].[ModuleId], [t].[PartNumber], [t].[Priority], [t].[ReactivityDuration], [t].[ReferenceKZ], [t].[ReferenceSTLA], [t].[ResolvedAtUtc], [t].[SiteId], [t].[SlaDeadlineUtc], [t].[SourceSystemId], [t].[Status], [t].[SubModule], [t].[Summary], [t].[Title], [d].[Id], [d].[CreatedAtUtc], [d].[Description], [d].[Name], [s].[Id], [s].[ApiEndpoint], [s].[CreatedAtUtc], [s].[LastImportDate], [s].[Name]
      FROM [Tickets] AS [t]
      LEFT JOIN [Domains] AS [d] ON [t].[DomainId] = [d].[Id]
      INNER JOIN [SourceSystems] AS [s] ON [t].[SourceSystemId] = [s].[Id]
      WHERE [t].[Status] = 0 AND [t].[AssigneeId] IS NULL
      ORDER BY [t].[CreatedAtUtc] DESC
info: Microsoft.EntityFrameworkCore.Database.Command[20101]
      Executed DbCommand (33ms) [Parameters=[@userId='?' (DbType = Guid)], CommandType='Text', CommandTimeout='30']
      SELECT [t].[Id], [t].[AiSuggestedRoute], [t].[ApplicantFirstName], [t].[ApplicantId], [t].[ApplicantLastName], [t].[Application], [t].[AssigneeId], [t].[ClosingDate], [t].[CreatedAtUtc], [t].[Description], [t].[DomainId], [t].[EcrNumber], [t].[EnglishAccepted], [t].[JiraLink], [t].[LastSyncDate], [t].[Level], [t].[ModuleId], [t].[PartNumber], [t].[Priority], [t].[ReactivityDuration], [t].[ReferenceKZ], [t].[ReferenceSTLA], [t].[ResolvedAtUtc], [t].[SiteId], [t].[SlaDeadlineUtc], [t].[SourceSystemId], [t].[Status], [t].[SubModule], [t].[Summary], [t].[Title], [d].[Id], [d].[CreatedAtUtc], [d].[Description], [d].[Name], [s].[Id], [s].[ApiEndpoint], [s].[CreatedAtUtc], [s].[LastImportDate], [s].[Name]
      FROM [Tickets] AS [t]
      LEFT JOIN [Domains] AS [d] ON [t].[DomainId] = [d].[Id]
      INNER JOIN [SourceSystems] AS [s] ON [t].[SourceSystemId] = [s].[Id]
      WHERE [t].[AssigneeId] = @userId AND [t].[Status] NOT IN (4, 5)
      ORDER BY [t].[CreatedAtUtc] DESC
info: Microsoft.EntityFrameworkCore.Database.Command[20101]
      Executed DbCommand (22ms) [Parameters=[@p='?' (DbType = Int32), @p1='?' (DbType = Int32)], CommandType='Text', CommandTimeout='30']
      SELECT [t0].[Id], [t0].[AiSuggestedRoute], [t0].[ApplicantFirstName], [t0].[ApplicantId], [t0].[ApplicantLastName], [t0].[Application], [t0].[AssigneeId], [t0].[ClosingDate], [t0].[CreatedAtUtc], [t0].[Description], [t0].[DomainId], [t0].[EcrNumber], [t0].[EnglishAccepted], [t0].[JiraLink], [t0].[LastSyncDate], [t0].[Level], [t0].[ModuleId], [t0].[PartNumber], [t0].[Priority], [t0].[ReactivityDuration], [t0].[ReferenceKZ], [t0].[ReferenceSTLA], [t0].[ResolvedAtUtc], [t0].[SiteId], [t0].[SlaDeadlineUtc], [t0].[SourceSystemId], [t0].[Status], [t0].[SubModule], [t0].[Summary], [t0].[Title], [d].[Id], [d].[CreatedAtUtc], [d].[Description], [d].[Name], [s].[Id], [s].[ApiEndpoint], [s].[CreatedAtUtc], [s].[LastImportDate], [s].[Name]
      FROM (
          SELECT [t].[Id], [t].[AiSuggestedRoute], [t].[ApplicantFirstName], [t].[ApplicantId], [t].[ApplicantLastName], [t].[Application], [t].[AssigneeId], [t].[ClosingDate], [t].[CreatedAtUtc], [t].[Description], [t].[DomainId], [t].[EcrNumber], [t].[EnglishAccepted], [t].[JiraLink], [t].[LastSyncDate], [t].[Level], [t].[ModuleId], [t].[PartNumber], [t].[Priority], [t].[ReactivityDuration], [t].[ReferenceKZ], [t].[ReferenceSTLA], [t].[ResolvedAtUtc], [t].[SiteId], [t].[SlaDeadlineUtc], [t].[SourceSystemId], [t].[Status], [t].[SubModule], [t].[Summary], [t].[Title]
          FROM [Tickets] AS [t]
          ORDER BY [t].[CreatedAtUtc] DESC
          OFFSET @p ROWS FETCH NEXT @p1 ROWS ONLY
      ) AS [t0]
      LEFT JOIN [Domains] AS [d] ON [t0].[DomainId] = [d].[Id]
      INNER JOIN [SourceSystems] AS [s] ON [t0].[SourceSystemId] = [s].[Id]
      ORDER BY [t0].[CreatedAtUtc] DESC
info: Microsoft.EntityFrameworkCore.Database.Command[20101]
      Executed DbCommand (11ms) [Parameters=[@warningCutoff='?' (DbType = DateTime2)], CommandType='Text', CommandTimeout='30']
      SELECT [t].[Id], [t].[AiSuggestedRoute], [t].[ApplicantFirstName], [t].[ApplicantId], [t].[ApplicantLastName], [t].[Application], [t].[AssigneeId], [t].[ClosingDate], [t].[CreatedAtUtc], [t].[Description], [t].[DomainId], [t].[EcrNumber], [t].[EnglishAccepted], [t].[JiraLink], [t].[LastSyncDate], [t].[Level], [t].[ModuleId], [t].[PartNumber], [t].[Priority], [t].[ReactivityDuration], [t].[ReferenceKZ], [t].[ReferenceSTLA], [t].[ResolvedAtUtc], [t].[SiteId], [t].[SlaDeadlineUtc], [t].[SourceSystemId], [t].[Status], [t].[SubModule], [t].[Summary], [t].[Title]
      FROM [Tickets] AS [t]
      WHERE [t].[AssigneeId] IS NOT NULL AND [t].[Status] IN (1, 2) AND [t].[SlaDeadlineUtc] <= @warningCutoff
info: Microsoft.EntityFrameworkCore.Database.Command[20101]
      Executed DbCommand (7ms) [Parameters=[@_8__locals1_ticket_Id='?' (DbType = Guid), @_8__locals1_ticket_AssigneeId='?' (DbType = Guid), @type='?' (Size = 255)], CommandType='Text', CommandTimeout='30']
      SELECT CASE
          WHEN EXISTS (
              SELECT 1
              FROM [Notifications] AS [n]
              WHERE [n].[TicketId] = @_8__locals1_ticket_Id AND [n].[UserId] = @_8__locals1_ticket_AssigneeId AND [n].[Type] = @type) THEN CAST(1 AS bit)
          ELSE CAST(0 AS bit)
      END
info: Microsoft.EntityFrameworkCore.Database.Command[20101]
      Executed DbCommand (1ms) [Parameters=[@_8__locals1_ticket_Id='?' (DbType = Guid), @_8__locals1_ticket_AssigneeId='?' (DbType = Guid), @type='?' (Size = 255)], CommandType='Text', CommandTimeout='30']
      SELECT CASE
          WHEN EXISTS (
              SELECT 1
              FROM [Notifications] AS [n]
              WHERE [n].[TicketId] = @_8__locals1_ticket_Id AND [n].[UserId] = @_8__locals1_ticket_AssigneeId AND [n].[Type] = @type) THEN CAST(1 AS bit)
          ELSE CAST(0 AS bit)
      END
info: Microsoft.EntityFrameworkCore.Database.Command[20101]
      Executed DbCommand (1ms) [Parameters=[@_8__locals1_ticket_Id='?' (DbType = Guid), @_8__locals1_ticket_AssigneeId='?' (DbType = Guid), @type='?' (Size = 255)], CommandType='Text', CommandTimeout='30']
      SELECT CASE
          WHEN EXISTS (
              SELECT 1
              FROM [Notifications] AS [n]
              WHERE [n].[TicketId] = @_8__locals1_ticket_Id AND [n].[UserId] = @_8__locals1_ticket_AssigneeId AND [n].[Type] = @type) THEN CAST(1 AS bit)
          ELSE CAST(0 AS bit)
      END
info: Microsoft.EntityFrameworkCore.Database.Command[20101]
      Executed DbCommand (1ms) [Parameters=[@_8__locals1_ticket_Id='?' (DbType = Guid), @_8__locals1_ticket_AssigneeId='?' (DbType = Guid), @type='?' (Size = 255)], CommandType='Text', CommandTimeout='30']
      SELECT CASE
          WHEN EXISTS (
              SELECT 1
              FROM [Notifications] AS [n]
              WHERE [n].[TicketId] = @_8__locals1_ticket_Id AND [n].[UserId] = @_8__locals1_ticket_AssigneeId AND [n].[Type] = @type) THEN CAST(1 AS bit)
          ELSE CAST(0 AS bit)
      END
info: Microsoft.EntityFrameworkCore.Database.Command[20101]
      Executed DbCommand (1ms) [Parameters=[@_8__locals1_ticket_Id='?' (DbType = Guid), @_8__locals1_ticket_AssigneeId='?' (DbType = Guid), @type='?' (Size = 255)], CommandType='Text', CommandTimeout='30']
      SELECT CASE
          WHEN EXISTS (
              SELECT 1
              FROM [Notifications] AS [n]
              WHERE [n].[TicketId] = @_8__locals1_ticket_Id AND [n].[UserId] = @_8__locals1_ticket_AssigneeId AND [n].[Type] = @type) THEN CAST(1 AS bit)
          ELSE CAST(0 AS bit)
      END
info: Microsoft.EntityFrameworkCore.Database.Command[20101]
      Executed DbCommand (0ms) [Parameters=[@_8__locals1_ticket_Id='?' (DbType = Guid), @_8__locals1_ticket_AssigneeId='?' (DbType = Guid), @type='?' (Size = 255)], CommandType='Text', CommandTimeout='30']
      SELECT CASE
          WHEN EXISTS (
              SELECT 1
              FROM [Notifications] AS [n]
              WHERE [n].[TicketId] = @_8__locals1_ticket_Id AND [n].[UserId] = @_8__locals1_ticket_AssigneeId AND [n].[Type] = @type) THEN CAST(1 AS bit)
          ELSE CAST(0 AS bit)
      END
info: Microsoft.EntityFrameworkCore.Database.Command[20101]
      Executed DbCommand (0ms) [Parameters=[@_8__locals1_ticket_Id='?' (DbType = Guid), @_8__locals1_ticket_AssigneeId='?' (DbType = Guid), @type='?' (Size = 255)], CommandType='Text', CommandTimeout='30']
      SELECT CASE
          WHEN EXISTS (
              SELECT 1
              FROM [Notifications] AS [n]
              WHERE [n].[TicketId] = @_8__locals1_ticket_Id AND [n].[UserId] = @_8__locals1_ticket_AssigneeId AND [n].[Type] = @type) THEN CAST(1 AS bit)
          ELSE CAST(0 AS bit)
      END
info: Microsoft.EntityFrameworkCore.Database.Command[20101]
      Executed DbCommand (1ms) [Parameters=[@_8__locals1_ticket_Id='?' (DbType = Guid), @_8__locals1_ticket_AssigneeId='?' (DbType = Guid), @type='?' (Size = 255)], CommandType='Text', CommandTimeout='30']
      SELECT CASE
          WHEN EXISTS (
              SELECT 1
              FROM [Notifications] AS [n]
              WHERE [n].[TicketId] = @_8__locals1_ticket_Id AND [n].[UserId] = @_8__locals1_ticket_AssigneeId AND [n].[Type] = @type) THEN CAST(1 AS bit)
          ELSE CAST(0 AS bit)
      END
info: Microsoft.EntityFrameworkCore.Database.Command[20101]
      Executed DbCommand (1ms) [Parameters=[@_8__locals1_ticket_Id='?' (DbType = Guid), @_8__locals1_ticket_AssigneeId='?' (DbType = Guid), @type='?' (Size = 255)], CommandType='Text', CommandTimeout='30']
      SELECT CASE
          WHEN EXISTS (
              SELECT 1
              FROM [Notifications] AS [n]
              WHERE [n].[TicketId] = @_8__locals1_ticket_Id AND [n].[UserId] = @_8__locals1_ticket_AssigneeId AND [n].[Type] = @type) THEN CAST(1 AS bit)
          ELSE CAST(0 AS bit)
      END
info: Microsoft.EntityFrameworkCore.Database.Command[20101]
      Executed DbCommand (1ms) [Parameters=[@_8__locals1_ticket_Id='?' (DbType = Guid), @_8__locals1_ticket_AssigneeId='?' (DbType = Guid), @type='?' (Size = 255)], CommandType='Text', CommandTimeout='30']
      SELECT CASE
          WHEN EXISTS (
              SELECT 1
              FROM [Notifications] AS [n]
              WHERE [n].[TicketId] = @_8__locals1_ticket_Id AND [n].[UserId] = @_8__locals1_ticket_AssigneeId AND [n].[Type] = @type) THEN CAST(1 AS bit)
          ELSE CAST(0 AS bit)
      END
info: Microsoft.EntityFrameworkCore.Database.Command[20101]
      Executed DbCommand (1ms) [Parameters=[@_8__locals1_ticket_Id='?' (DbType = Guid), @_8__locals1_ticket_AssigneeId='?' (DbType = Guid), @type='?' (Size = 255)], CommandType='Text', CommandTimeout='30']
      SELECT CASE
          WHEN EXISTS (
              SELECT 1
              FROM [Notifications] AS [n]
              WHERE [n].[TicketId] = @_8__locals1_ticket_Id AND [n].[UserId] = @_8__locals1_ticket_AssigneeId AND [n].[Type] = @type) THEN CAST(1 AS bit)
          ELSE CAST(0 AS bit)
      END
info: Microsoft.EntityFrameworkCore.Database.Command[20101]
      Executed DbCommand (0ms) [Parameters=[@_8__locals1_ticket_Id='?' (DbType = Guid), @_8__locals1_ticket_AssigneeId='?' (DbType = Guid), @type='?' (Size = 255)], CommandType='Text', CommandTimeout='30']
      SELECT CASE
          WHEN EXISTS (
              SELECT 1
              FROM [Notifications] AS [n]
              WHERE [n].[TicketId] = @_8__locals1_ticket_Id AND [n].[UserId] = @_8__locals1_ticket_AssigneeId AND [n].[Type] = @type) THEN CAST(1 AS bit)
          ELSE CAST(0 AS bit)
      END
info: Microsoft.EntityFrameworkCore.Database.Command[20101]
      Executed DbCommand (0ms) [Parameters=[@_8__locals1_ticket_Id='?' (DbType = Guid), @_8__locals1_ticket_AssigneeId='?' (DbType = Guid), @type='?' (Size = 255)], CommandType='Text', CommandTimeout='30']
      SELECT CASE
          WHEN EXISTS (
              SELECT 1
              FROM [Notifications] AS [n]
              WHERE [n].[TicketId] = @_8__locals1_ticket_Id AND [n].[UserId] = @_8__locals1_ticket_AssigneeId AND [n].[Type] = @type) THEN CAST(1 AS bit)
          ELSE CAST(0 AS bit)
      END
info: Microsoft.EntityFrameworkCore.Database.Command[20101]
      Executed DbCommand (1ms) [Parameters=[@_8__locals1_ticket_Id='?' (DbType = Guid), @_8__locals1_ticket_AssigneeId='?' (DbType = Guid), @type='?' (Size = 255)], CommandType='Text', CommandTimeout='30']
      SELECT CASE
          WHEN EXISTS (
              SELECT 1
              FROM [Notifications] AS [n]
              WHERE [n].[TicketId] = @_8__locals1_ticket_Id AND [n].[UserId] = @_8__locals1_ticket_AssigneeId AND [n].[Type] = @type) THEN CAST(1 AS bit)
          ELSE CAST(0 AS bit)
      END
info: Microsoft.EntityFrameworkCore.Database.Command[20101]
      Executed DbCommand (0ms) [Parameters=[@_8__locals1_ticket_Id='?' (DbType = Guid), @_8__locals1_ticket_AssigneeId='?' (DbType = Guid), @type='?' (Size = 255)], CommandType='Text', CommandTimeout='30']
      SELECT CASE
          WHEN EXISTS (
              SELECT 1
              FROM [Notifications] AS [n]
              WHERE [n].[TicketId] = @_8__locals1_ticket_Id AND [n].[UserId] = @_8__locals1_ticket_AssigneeId AND [n].[Type] = @type) THEN CAST(1 AS bit)
          ELSE CAST(0 AS bit)
      END
info: Microsoft.EntityFrameworkCore.Database.Command[20101]
      Executed DbCommand (1ms) [Parameters=[@_8__locals1_ticket_Id='?' (DbType = Guid), @_8__locals1_ticket_AssigneeId='?' (DbType = Guid), @type='?' (Size = 255)], CommandType='Text', CommandTimeout='30']
      SELECT CASE
          WHEN EXISTS (
              SELECT 1
              FROM [Notifications] AS [n]
              WHERE [n].[TicketId] = @_8__locals1_ticket_Id AND [n].[UserId] = @_8__locals1_ticket_AssigneeId AND [n].[Type] = @type) THEN CAST(1 AS bit)
          ELSE CAST(0 AS bit)
      END
info: Microsoft.EntityFrameworkCore.Database.Command[20101]
      Executed DbCommand (1ms) [Parameters=[@_8__locals1_ticket_Id='?' (DbType = Guid), @_8__locals1_ticket_AssigneeId='?' (DbType = Guid), @type='?' (Size = 255)], CommandType='Text', CommandTimeout='30']
      SELECT CASE
          WHEN EXISTS (
              SELECT 1
              FROM [Notifications] AS [n]
              WHERE [n].[TicketId] = @_8__locals1_ticket_Id AND [n].[UserId] = @_8__locals1_ticket_AssigneeId AND [n].[Type] = @type) THEN CAST(1 AS bit)
          ELSE CAST(0 AS bit)
      END
info: Microsoft.EntityFrameworkCore.Database.Command[20101]
      Executed DbCommand (1ms) [Parameters=[@_8__locals1_ticket_Id='?' (DbType = Guid), @_8__locals1_ticket_AssigneeId='?' (DbType = Guid), @type='?' (Size = 255)], CommandType='Text', CommandTimeout='30']
      SELECT CASE
          WHEN EXISTS (
              SELECT 1
              FROM [Notifications] AS [n]
              WHERE [n].[TicketId] = @_8__locals1_ticket_Id AND [n].[UserId] = @_8__locals1_ticket_AssigneeId AND [n].[Type] = @type) THEN CAST(1 AS bit)
          ELSE CAST(0 AS bit)
      END
info: Microsoft.EntityFrameworkCore.Database.Command[20101]
      Executed DbCommand (0ms) [Parameters=[@_8__locals1_ticket_Id='?' (DbType = Guid), @_8__locals1_ticket_AssigneeId='?' (DbType = Guid), @type='?' (Size = 255)], CommandType='Text', CommandTimeout='30']
      SELECT CASE
          WHEN EXISTS (
              SELECT 1
              FROM [Notifications] AS [n]
              WHERE [n].[TicketId] = @_8__locals1_ticket_Id AND [n].[UserId] = @_8__locals1_ticket_AssigneeId AND [n].[Type] = @type) THEN CAST(1 AS bit)
          ELSE CAST(0 AS bit)
      END
info: Microsoft.EntityFrameworkCore.Database.Command[20101]
      Executed DbCommand (1ms) [Parameters=[@_8__locals1_ticket_Id='?' (DbType = Guid), @_8__locals1_ticket_AssigneeId='?' (DbType = Guid), @type='?' (Size = 255)], CommandType='Text', CommandTimeout='30']
      SELECT CASE
          WHEN EXISTS (
              SELECT 1
              FROM [Notifications] AS [n]
              WHERE [n].[TicketId] = @_8__locals1_ticket_Id AND [n].[UserId] = @_8__locals1_ticket_AssigneeId AND [n].[Type] = @type) THEN CAST(1 AS bit)
          ELSE CAST(0 AS bit)
      END
info: Microsoft.EntityFrameworkCore.Database.Command[20101]
      Executed DbCommand (1ms) [Parameters=[@_8__locals1_ticket_Id='?' (DbType = Guid), @_8__locals1_ticket_AssigneeId='?' (DbType = Guid), @type='?' (Size = 255)], CommandType='Text', CommandTimeout='30']
      SELECT CASE
          WHEN EXISTS (
              SELECT 1
              FROM [Notifications] AS [n]
              WHERE [n].[TicketId] = @_8__locals1_ticket_Id AND [n].[UserId] = @_8__locals1_ticket_AssigneeId AND [n].[Type] = @type) THEN CAST(1 AS bit)
          ELSE CAST(0 AS bit)
      END
info: Microsoft.EntityFrameworkCore.Database.Command[20101]
      Executed DbCommand (1ms) [Parameters=[@_8__locals1_ticket_Id='?' (DbType = Guid), @_8__locals1_ticket_AssigneeId='?' (DbType = Guid), @type='?' (Size = 255)], CommandType='Text', CommandTimeout='30']
      SELECT CASE
          WHEN EXISTS (
              SELECT 1
              FROM [Notifications] AS [n]
              WHERE [n].[TicketId] = @_8__locals1_ticket_Id AND [n].[UserId] = @_8__locals1_ticket_AssigneeId AND [n].[Type] = @type) THEN CAST(1 AS bit)
          ELSE CAST(0 AS bit)
      END
info: Microsoft.EntityFrameworkCore.Database.Command[20101]
      Executed DbCommand (1ms) [Parameters=[@_8__locals1_ticket_Id='?' (DbType = Guid), @_8__locals1_ticket_AssigneeId='?' (DbType = Guid), @type='?' (Size = 255)], CommandType='Text', CommandTimeout='30']
      SELECT CASE
          WHEN EXISTS (
              SELECT 1
              FROM [Notifications] AS [n]
              WHERE [n].[TicketId] = @_8__locals1_ticket_Id AND [n].[UserId] = @_8__locals1_ticket_AssigneeId AND [n].[Type] = @type) THEN CAST(1 AS bit)
          ELSE CAST(0 AS bit)
      END
info: Microsoft.EntityFrameworkCore.Database.Command[20101]
      Executed DbCommand (15ms) [Parameters=[@normalizedEmail='?' (Size = 256)], CommandType='Text', CommandTimeout='30']
      SELECT TOP(2) [a].[Id], [a].[AccessFailedCount], [a].[AltenId], [a].[Availability], [a].[AvatarColor], [a].[ConcurrencyStamp], [a].[CreatedAt], [a].[Email], [a].[EmailConfirmed], [a].[EmailStellantis], [a].[FirstName], [a].[IdStellantis], [a].[Languages], [a].[LastName], [a].[LockoutEnabled], [a].[LockoutEnd], [a].[MustChangePassword], [a].[NormalizedEmail], [a].[NormalizedUserName], [a].[PasswordHash], [a].[PasswordResetCode], [a].[PasswordResetCodeExpiresAtUtc], [a].[PhoneNumber], [a].[PhoneNumberConfirmed], [a].[ProfilePhotoUrl], [a].[Role], [a].[SecurityStamp], [a].[Status], [a].[TeamId], [a].[TwoFactorEnabled], [a].[UserName]
      FROM [AspNetUsers] AS [a]
      WHERE [a].[NormalizedEmail] = @normalizedEmail
info: Microsoft.EntityFrameworkCore.Database.Command[20101]
      Executed DbCommand (8ms) [Parameters=[@p0='?' (DbType = Guid), @p1='?' (DbType = DateTime2), @p2='?' (DbType = DateTime2), @p3='?' (DbType = DateTime2), @p4='?' (Size = 255), @p5='?' (DbType = Guid)], CommandType='Text', CommandTimeout='30']
      SET IMPLICIT_TRANSACTIONS OFF;
      SET NOCOUNT ON;
      INSERT INTO [RefreshTokens] ([Id], [CreatedAtUtc], [ExpiresAtUtc], [RevokedAtUtc], [Token], [UserId])
      VALUES (@p0, @p1, @p2, @p3, @p4, @p5);
info: Microsoft.EntityFrameworkCore.Database.Command[20101]
      Executed DbCommand (13ms) [Parameters=[@CurrentUserId='?' (DbType = Guid)], CommandType='Text', CommandTimeout='30']
      SELECT COUNT(*)
      FROM [Notifications] AS [n]
      WHERE [n].[UserId] = @CurrentUserId AND [n].[Read] = CAST(0 AS bit)
info: Microsoft.EntityFrameworkCore.Database.Command[20101]
      Executed DbCommand (3ms) [Parameters=[@CurrentUserId='?' (DbType = Guid)], CommandType='Text', CommandTimeout='30']
      SELECT COUNT(*)
      FROM [Notifications] AS [n]
      WHERE [n].[UserId] = @CurrentUserId AND [n].[Read] = CAST(0 AS bit)
info: Microsoft.EntityFrameworkCore.Database.Command[20101]
      Executed DbCommand (19ms) [Parameters=[@userId='?' (DbType = Guid), @todayUtc='?' (DbType = DateTime2)], CommandType='Text', CommandTimeout='30']
      SELECT COUNT(*)
      FROM [Tickets] AS [t]
      WHERE [t].[AssigneeId] = @userId AND [t].[ResolvedAtUtc] IS NOT NULL AND CONVERT(date, [t].[ResolvedAtUtc]) = @todayUtc
info: Microsoft.EntityFrameworkCore.Database.Command[20101]
      Executed DbCommand (7ms) [Parameters=[@userId='?' (DbType = Guid)], CommandType='Text', CommandTimeout='30']
      SELECT CAST(DATEDIFF(minute, [t].[CreatedAtUtc], [t].[ResolvedAtUtc]) AS float) / 60.0E0
      FROM [Tickets] AS [t]
      WHERE [t].[AssigneeId] = @userId AND [t].[ResolvedAtUtc] IS NOT NULL
info: Microsoft.EntityFrameworkCore.Database.Command[20101]
      Executed DbCommand (33ms) [Parameters=[], CommandType='Text', CommandTimeout='30']
      SELECT [t].[Id], [t].[AiSuggestedRoute], [t].[ApplicantFirstName], [t].[ApplicantId], [t].[ApplicantLastName], [t].[Application], [t].[AssigneeId], [t].[ClosingDate], [t].[CreatedAtUtc], [t].[Description], [t].[DomainId], [t].[EcrNumber], [t].[EnglishAccepted], [t].[JiraLink], [t].[LastSyncDate], [t].[Level], [t].[ModuleId], [t].[PartNumber], [t].[Priority], [t].[ReactivityDuration], [t].[ReferenceKZ], [t].[ReferenceSTLA], [t].[ResolvedAtUtc], [t].[SiteId], [t].[SlaDeadlineUtc], [t].[SourceSystemId], [t].[Status], [t].[SubModule], [t].[Summary], [t].[Title], [d].[Id], [d].[CreatedAtUtc], [d].[Description], [d].[Name], [s].[Id], [s].[ApiEndpoint], [s].[CreatedAtUtc], [s].[LastImportDate], [s].[Name]
      FROM [Tickets] AS [t]
      LEFT JOIN [Domains] AS [d] ON [t].[DomainId] = [d].[Id]
      INNER JOIN [SourceSystems] AS [s] ON [t].[SourceSystemId] = [s].[Id]
      WHERE [t].[Status] = 0 AND [t].[AssigneeId] IS NULL
      ORDER BY [t].[CreatedAtUtc] DESC
info: Microsoft.EntityFrameworkCore.Database.Command[20101]
      Executed DbCommand (18ms) [Parameters=[], CommandType='Text', CommandTimeout='30']
      SELECT COUNT(*)
      FROM [Tickets] AS [t]
info: Microsoft.EntityFrameworkCore.Database.Command[20101]
      Executed DbCommand (42ms) [Parameters=[@userId='?' (DbType = Guid)], CommandType='Text', CommandTimeout='30']
      SELECT [t].[Id], [t].[AiSuggestedRoute], [t].[ApplicantFirstName], [t].[ApplicantId], [t].[ApplicantLastName], [t].[Application], [t].[AssigneeId], [t].[ClosingDate], [t].[CreatedAtUtc], [t].[Description], [t].[DomainId], [t].[EcrNumber], [t].[EnglishAccepted], [t].[JiraLink], [t].[LastSyncDate], [t].[Level], [t].[ModuleId], [t].[PartNumber], [t].[Priority], [t].[ReactivityDuration], [t].[ReferenceKZ], [t].[ReferenceSTLA], [t].[ResolvedAtUtc], [t].[SiteId], [t].[SlaDeadlineUtc], [t].[SourceSystemId], [t].[Status], [t].[SubModule], [t].[Summary], [t].[Title], [d].[Id], [d].[CreatedAtUtc], [d].[Description], [d].[Name], [s].[Id], [s].[ApiEndpoint], [s].[CreatedAtUtc], [s].[LastImportDate], [s].[Name]
      FROM [Tickets] AS [t]
      LEFT JOIN [Domains] AS [d] ON [t].[DomainId] = [d].[Id]
      INNER JOIN [SourceSystems] AS [s] ON [t].[SourceSystemId] = [s].[Id]
      WHERE [t].[AssigneeId] = @userId AND [t].[Status] NOT IN (4, 5)
      ORDER BY [t].[CreatedAtUtc] DESC
info: Microsoft.EntityFrameworkCore.Database.Command[20101]
      Executed DbCommand (23ms) [Parameters=[@p='?' (DbType = Int32), @p1='?' (DbType = Int32)], CommandType='Text', CommandTimeout='30']
      SELECT [t0].[Id], [t0].[AiSuggestedRoute], [t0].[ApplicantFirstName], [t0].[ApplicantId], [t0].[ApplicantLastName], [t0].[Application], [t0].[AssigneeId], [t0].[ClosingDate], [t0].[CreatedAtUtc], [t0].[Description], [t0].[DomainId], [t0].[EcrNumber], [t0].[EnglishAccepted], [t0].[JiraLink], [t0].[LastSyncDate], [t0].[Level], [t0].[ModuleId], [t0].[PartNumber], [t0].[Priority], [t0].[ReactivityDuration], [t0].[ReferenceKZ], [t0].[ReferenceSTLA], [t0].[ResolvedAtUtc], [t0].[SiteId], [t0].[SlaDeadlineUtc], [t0].[SourceSystemId], [t0].[Status], [t0].[SubModule], [t0].[Summary], [t0].[Title], [d].[Id], [d].[CreatedAtUtc], [d].[Description], [d].[Name], [s].[Id], [s].[ApiEndpoint], [s].[CreatedAtUtc], [s].[LastImportDate], [s].[Name]
      FROM (
          SELECT [t].[Id], [t].[AiSuggestedRoute], [t].[ApplicantFirstName], [t].[ApplicantId], [t].[ApplicantLastName], [t].[Application], [t].[AssigneeId], [t].[ClosingDate], [t].[CreatedAtUtc], [t].[Description], [t].[DomainId], [t].[EcrNumber], [t].[EnglishAccepted], [t].[JiraLink], [t].[LastSyncDate], [t].[Level], [t].[ModuleId], [t].[PartNumber], [t].[Priority], [t].[ReactivityDuration], [t].[ReferenceKZ], [t].[ReferenceSTLA], [t].[ResolvedAtUtc], [t].[SiteId], [t].[SlaDeadlineUtc], [t].[SourceSystemId], [t].[Status], [t].[SubModule], [t].[Summary], [t].[Title]
          FROM [Tickets] AS [t]
          ORDER BY [t].[CreatedAtUtc] DESC
          OFFSET @p ROWS FETCH NEXT @p1 ROWS ONLY
      ) AS [t0]
      LEFT JOIN [Domains] AS [d] ON [t0].[DomainId] = [d].[Id]
      INNER JOIN [SourceSystems] AS [s] ON [t0].[SourceSystemId] = [s].[Id]
      ORDER BY [t0].[CreatedAtUtc] DESC
info: Microsoft.EntityFrameworkCore.Database.Command[20101]
      Executed DbCommand (1ms) [Parameters=[@CurrentUserId='?' (DbType = Guid)], CommandType='Text', CommandTimeout='30']
      SELECT COUNT(*)
      FROM [Notifications] AS [n]
      WHERE [n].[UserId] = @CurrentUserId AND [n].[Read] = CAST(0 AS bit)
info: Microsoft.EntityFrameworkCore.Database.Command[20101]
      Executed DbCommand (1ms) [Parameters=[], CommandType='Text', CommandTimeout='30']
      SELECT [t].[Id], [t].[AiSuggestedRoute], [t].[ApplicantFirstName], [t].[ApplicantId], [t].[ApplicantLastName], [t].[Application], [t].[AssigneeId], [t].[ClosingDate], [t].[CreatedAtUtc], [t].[Description], [t].[DomainId], [t].[EcrNumber], [t].[EnglishAccepted], [t].[JiraLink], [t].[LastSyncDate], [t].[Level], [t].[ModuleId], [t].[PartNumber], [t].[Priority], [t].[ReactivityDuration], [t].[ReferenceKZ], [t].[ReferenceSTLA], [t].[ResolvedAtUtc], [t].[SiteId], [t].[SlaDeadlineUtc], [t].[SourceSystemId], [t].[Status], [t].[SubModule], [t].[Summary], [t].[Title], [d].[Id], [d].[CreatedAtUtc], [d].[Description], [d].[Name], [s].[Id], [s].[ApiEndpoint], [s].[CreatedAtUtc], [s].[LastImportDate], [s].[Name]
      FROM [Tickets] AS [t]
      LEFT JOIN [Domains] AS [d] ON [t].[DomainId] = [d].[Id]
      INNER JOIN [SourceSystems] AS [s] ON [t].[SourceSystemId] = [s].[Id]
      WHERE [t].[Status] = 0 AND [t].[AssigneeId] IS NULL
      ORDER BY [t].[CreatedAtUtc] DESC
info: Microsoft.EntityFrameworkCore.Database.Command[20101]
      Executed DbCommand (1ms) [Parameters=[@CurrentUserId='?' (DbType = Guid)], CommandType='Text', CommandTimeout='30']
      SELECT COUNT(*)
      FROM [Notifications] AS [n]
      WHERE [n].[UserId] = @CurrentUserId AND [n].[Read] = CAST(0 AS bit)
info: Microsoft.EntityFrameworkCore.Database.Command[20101]
      Executed DbCommand (8ms) [Parameters=[@userId='?' (DbType = Guid)], CommandType='Text', CommandTimeout='30']
      SELECT [t].[Status]
      FROM [Tickets] AS [t]
      WHERE [t].[AssigneeId] = @userId
info: Microsoft.EntityFrameworkCore.Database.Command[20101]
      Executed DbCommand (20ms) [Parameters=[@userId='?' (DbType = Guid)], CommandType='Text', CommandTimeout='30']
      SELECT [t].[Id], [t].[AiSuggestedRoute], [t].[ApplicantFirstName], [t].[ApplicantId], [t].[ApplicantLastName], [t].[Application], [t].[AssigneeId], [t].[ClosingDate], [t].[CreatedAtUtc], [t].[Description], [t].[DomainId], [t].[EcrNumber], [t].[EnglishAccepted], [t].[JiraLink], [t].[LastSyncDate], [t].[Level], [t].[ModuleId], [t].[PartNumber], [t].[Priority], [t].[ReactivityDuration], [t].[ReferenceKZ], [t].[ReferenceSTLA], [t].[ResolvedAtUtc], [t].[SiteId], [t].[SlaDeadlineUtc], [t].[SourceSystemId], [t].[Status], [t].[SubModule], [t].[Summary], [t].[Title], [d].[Id], [d].[CreatedAtUtc], [d].[Description], [d].[Name], [s].[Id], [s].[ApiEndpoint], [s].[CreatedAtUtc], [s].[LastImportDate], [s].[Name]
      FROM [Tickets] AS [t]
      LEFT JOIN [Domains] AS [d] ON [t].[DomainId] = [d].[Id]
      INNER JOIN [SourceSystems] AS [s] ON [t].[SourceSystemId] = [s].[Id]
      WHERE [t].[AssigneeId] = @userId
      ORDER BY [t].[CreatedAtUtc] DESC
info: Microsoft.EntityFrameworkCore.Database.Command[20101]
      Executed DbCommand (3ms) [Parameters=[@CurrentUserId='?' (DbType = Guid)], CommandType='Text', CommandTimeout='30']
      SELECT COUNT(*)
      FROM [Notifications] AS [n]
      WHERE [n].[UserId] = @CurrentUserId AND [n].[Read] = CAST(0 AS bit)
info: Microsoft.EntityFrameworkCore.Database.Command[20101]
      Executed DbCommand (3ms) [Parameters=[], CommandType='Text', CommandTimeout='30']
      SELECT [t].[Id], [t].[AiSuggestedRoute], [t].[ApplicantFirstName], [t].[ApplicantId], [t].[ApplicantLastName], [t].[Application], [t].[AssigneeId], [t].[ClosingDate], [t].[CreatedAtUtc], [t].[Description], [t].[DomainId], [t].[EcrNumber], [t].[EnglishAccepted], [t].[JiraLink], [t].[LastSyncDate], [t].[Level], [t].[ModuleId], [t].[PartNumber], [t].[Priority], [t].[ReactivityDuration], [t].[ReferenceKZ], [t].[ReferenceSTLA], [t].[ResolvedAtUtc], [t].[SiteId], [t].[SlaDeadlineUtc], [t].[SourceSystemId], [t].[Status], [t].[SubModule], [t].[Summary], [t].[Title], [d].[Id], [d].[CreatedAtUtc], [d].[Description], [d].[Name], [s].[Id], [s].[ApiEndpoint], [s].[CreatedAtUtc], [s].[LastImportDate], [s].[Name]
      FROM [Tickets] AS [t]
      LEFT JOIN [Domains] AS [d] ON [t].[DomainId] = [d].[Id]
      INNER JOIN [SourceSystems] AS [s] ON [t].[SourceSystemId] = [s].[Id]
      WHERE [t].[Status] = 0 AND [t].[AssigneeId] IS NULL
      ORDER BY [t].[CreatedAtUtc] DESC
info: Microsoft.EntityFrameworkCore.Database.Command[20101]
      Executed DbCommand (2ms) [Parameters=[], CommandType='Text', CommandTimeout='30']
      SELECT COUNT(*)
      FROM [Tickets] AS [t]
info: Microsoft.EntityFrameworkCore.Database.Command[20101]
      Executed DbCommand (3ms) [Parameters=[@userId='?' (DbType = Guid)], CommandType='Text', CommandTimeout='30']
      SELECT [t].[Id], [t].[AiSuggestedRoute], [t].[ApplicantFirstName], [t].[ApplicantId], [t].[ApplicantLastName], [t].[Application], [t].[AssigneeId], [t].[ClosingDate], [t].[CreatedAtUtc], [t].[Description], [t].[DomainId], [t].[EcrNumber], [t].[EnglishAccepted], [t].[JiraLink], [t].[LastSyncDate], [t].[Level], [t].[ModuleId], [t].[PartNumber], [t].[Priority], [t].[ReactivityDuration], [t].[ReferenceKZ], [t].[ReferenceSTLA], [t].[ResolvedAtUtc], [t].[SiteId], [t].[SlaDeadlineUtc], [t].[SourceSystemId], [t].[Status], [t].[SubModule], [t].[Summary], [t].[Title], [d].[Id], [d].[CreatedAtUtc], [d].[Description], [d].[Name], [s].[Id], [s].[ApiEndpoint], [s].[CreatedAtUtc], [s].[LastImportDate], [s].[Name]
      FROM [Tickets] AS [t]
      LEFT JOIN [Domains] AS [d] ON [t].[DomainId] = [d].[Id]
      INNER JOIN [SourceSystems] AS [s] ON [t].[SourceSystemId] = [s].[Id]
      WHERE [t].[AssigneeId] = @userId AND [t].[Status] NOT IN (4, 5)
      ORDER BY [t].[CreatedAtUtc] DESC
info: Microsoft.EntityFrameworkCore.Database.Command[20101]
      Executed DbCommand (4ms) [Parameters=[@p='?' (DbType = Int32), @p1='?' (DbType = Int32)], CommandType='Text', CommandTimeout='30']
      SELECT [t0].[Id], [t0].[AiSuggestedRoute], [t0].[ApplicantFirstName], [t0].[ApplicantId], [t0].[ApplicantLastName], [t0].[Application], [t0].[AssigneeId], [t0].[ClosingDate], [t0].[CreatedAtUtc], [t0].[Description], [t0].[DomainId], [t0].[EcrNumber], [t0].[EnglishAccepted], [t0].[JiraLink], [t0].[LastSyncDate], [t0].[Level], [t0].[ModuleId], [t0].[PartNumber], [t0].[Priority], [t0].[ReactivityDuration], [t0].[ReferenceKZ], [t0].[ReferenceSTLA], [t0].[ResolvedAtUtc], [t0].[SiteId], [t0].[SlaDeadlineUtc], [t0].[SourceSystemId], [t0].[Status], [t0].[SubModule], [t0].[Summary], [t0].[Title], [d].[Id], [d].[CreatedAtUtc], [d].[Description], [d].[Name], [s].[Id], [s].[ApiEndpoint], [s].[CreatedAtUtc], [s].[LastImportDate], [s].[Name]
      FROM (
          SELECT [t].[Id], [t].[AiSuggestedRoute], [t].[ApplicantFirstName], [t].[ApplicantId], [t].[ApplicantLastName], [t].[Application], [t].[AssigneeId], [t].[ClosingDate], [t].[CreatedAtUtc], [t].[Description], [t].[DomainId], [t].[EcrNumber], [t].[EnglishAccepted], [t].[JiraLink], [t].[LastSyncDate], [t].[Level], [t].[ModuleId], [t].[PartNumber], [t].[Priority], [t].[ReactivityDuration], [t].[ReferenceKZ], [t].[ReferenceSTLA], [t].[ResolvedAtUtc], [t].[SiteId], [t].[SlaDeadlineUtc], [t].[SourceSystemId], [t].[Status], [t].[SubModule], [t].[Summary], [t].[Title]
          FROM [Tickets] AS [t]
          ORDER BY [t].[CreatedAtUtc] DESC
          OFFSET @p ROWS FETCH NEXT @p1 ROWS ONLY
      ) AS [t0]
      LEFT JOIN [Domains] AS [d] ON [t0].[DomainId] = [d].[Id]
      INNER JOIN [SourceSystems] AS [s] ON [t0].[SourceSystemId] = [s].[Id]
      ORDER BY [t0].[CreatedAtUtc] DESC
info: Microsoft.EntityFrameworkCore.Database.Command[20101]
      Executed DbCommand (2ms) [Parameters=[@CurrentUserId='?' (DbType = Guid)], CommandType='Text', CommandTimeout='30']
      SELECT COUNT(*)
      FROM [Notifications] AS [n]
      WHERE [n].[UserId] = @CurrentUserId AND [n].[Read] = CAST(0 AS bit)
info: Microsoft.EntityFrameworkCore.Database.Command[20101]
      Executed DbCommand (2ms) [Parameters=[@userId='?' (DbType = Guid), @todayUtc='?' (DbType = DateTime2)], CommandType='Text', CommandTimeout='30']
      SELECT COUNT(*)
      FROM [Tickets] AS [t]
      WHERE [t].[AssigneeId] = @userId AND [t].[ResolvedAtUtc] IS NOT NULL AND CONVERT(date, [t].[ResolvedAtUtc]) = @todayUtc
info: Microsoft.EntityFrameworkCore.Database.Command[20101]
      Executed DbCommand (1ms) [Parameters=[@userId='?' (DbType = Guid)], CommandType='Text', CommandTimeout='30']
      SELECT CAST(DATEDIFF(minute, [t].[CreatedAtUtc], [t].[ResolvedAtUtc]) AS float) / 60.0E0
      FROM [Tickets] AS [t]
      WHERE [t].[AssigneeId] = @userId AND [t].[ResolvedAtUtc] IS NOT NULL
info: Microsoft.EntityFrameworkCore.Database.Command[20101]
      Executed DbCommand (25ms) [Parameters=[@warningCutoff='?' (DbType = DateTime2)], CommandType='Text', CommandTimeout='30']
      SELECT [t].[Id], [t].[AiSuggestedRoute], [t].[ApplicantFirstName], [t].[ApplicantId], [t].[ApplicantLastName], [t].[Application], [t].[AssigneeId], [t].[ClosingDate], [t].[CreatedAtUtc], [t].[Description], [t].[DomainId], [t].[EcrNumber], [t].[EnglishAccepted], [t].[JiraLink], [t].[LastSyncDate], [t].[Level], [t].[ModuleId], [t].[PartNumber], [t].[Priority], [t].[ReactivityDuration], [t].[ReferenceKZ], [t].[ReferenceSTLA], [t].[ResolvedAtUtc], [t].[SiteId], [t].[SlaDeadlineUtc], [t].[SourceSystemId], [t].[Status], [t].[SubModule], [t].[Summary], [t].[Title]
      FROM [Tickets] AS [t]
      WHERE [t].[AssigneeId] IS NOT NULL AND [t].[Status] IN (1, 2) AND [t].[SlaDeadlineUtc] <= @warningCutoff
info: Microsoft.EntityFrameworkCore.Database.Command[20101]
      Executed DbCommand (14ms) [Parameters=[@_8__locals1_ticket_Id='?' (DbType = Guid), @_8__locals1_ticket_AssigneeId='?' (DbType = Guid), @type='?' (Size = 255)], CommandType='Text', CommandTimeout='30']
      SELECT CASE
          WHEN EXISTS (
              SELECT 1
              FROM [Notifications] AS [n]
              WHERE [n].[TicketId] = @_8__locals1_ticket_Id AND [n].[UserId] = @_8__locals1_ticket_AssigneeId AND [n].[Type] = @type) THEN CAST(1 AS bit)
          ELSE CAST(0 AS bit)
      END
info: Microsoft.EntityFrameworkCore.Database.Command[20101]
      Executed DbCommand (1ms) [Parameters=[@_8__locals1_ticket_Id='?' (DbType = Guid), @_8__locals1_ticket_AssigneeId='?' (DbType = Guid), @type='?' (Size = 255)], CommandType='Text', CommandTimeout='30']
      SELECT CASE
          WHEN EXISTS (
              SELECT 1
              FROM [Notifications] AS [n]
              WHERE [n].[TicketId] = @_8__locals1_ticket_Id AND [n].[UserId] = @_8__locals1_ticket_AssigneeId AND [n].[Type] = @type) THEN CAST(1 AS bit)
          ELSE CAST(0 AS bit)
      END
info: Microsoft.EntityFrameworkCore.Database.Command[20101]
      Executed DbCommand (1ms) [Parameters=[@_8__locals1_ticket_Id='?' (DbType = Guid), @_8__locals1_ticket_AssigneeId='?' (DbType = Guid), @type='?' (Size = 255)], CommandType='Text', CommandTimeout='30']
      SELECT CASE
          WHEN EXISTS (
              SELECT 1
              FROM [Notifications] AS [n]
              WHERE [n].[TicketId] = @_8__locals1_ticket_Id AND [n].[UserId] = @_8__locals1_ticket_AssigneeId AND [n].[Type] = @type) THEN CAST(1 AS bit)
          ELSE CAST(0 AS bit)
      END
info: Microsoft.EntityFrameworkCore.Database.Command[20101]
      Executed DbCommand (1ms) [Parameters=[@_8__locals1_ticket_Id='?' (DbType = Guid), @_8__locals1_ticket_AssigneeId='?' (DbType = Guid), @type='?' (Size = 255)], CommandType='Text', CommandTimeout='30']
      SELECT CASE
          WHEN EXISTS (
              SELECT 1
              FROM [Notifications] AS [n]
              WHERE [n].[TicketId] = @_8__locals1_ticket_Id AND [n].[UserId] = @_8__locals1_ticket_AssigneeId AND [n].[Type] = @type) THEN CAST(1 AS bit)
          ELSE CAST(0 AS bit)
      END
info: Microsoft.EntityFrameworkCore.Database.Command[20101]
      Executed DbCommand (3ms) [Parameters=[@_8__locals1_ticket_Id='?' (DbType = Guid), @_8__locals1_ticket_AssigneeId='?' (DbType = Guid), @type='?' (Size = 255)], CommandType='Text', CommandTimeout='30']
      SELECT CASE
          WHEN EXISTS (
              SELECT 1
              FROM [Notifications] AS [n]
              WHERE [n].[TicketId] = @_8__locals1_ticket_Id AND [n].[UserId] = @_8__locals1_ticket_AssigneeId AND [n].[Type] = @type) THEN CAST(1 AS bit)
          ELSE CAST(0 AS bit)
      END
info: Microsoft.EntityFrameworkCore.Database.Command[20101]
      Executed DbCommand (1ms) [Parameters=[@_8__locals1_ticket_Id='?' (DbType = Guid), @_8__locals1_ticket_AssigneeId='?' (DbType = Guid), @type='?' (Size = 255)], CommandType='Text', CommandTimeout='30']
      SELECT CASE
          WHEN EXISTS (
              SELECT 1
              FROM [Notifications] AS [n]
              WHERE [n].[TicketId] = @_8__locals1_ticket_Id AND [n].[UserId] = @_8__locals1_ticket_AssigneeId AND [n].[Type] = @type) THEN CAST(1 AS bit)
          ELSE CAST(0 AS bit)
      END
info: Microsoft.EntityFrameworkCore.Database.Command[20101]
      Executed DbCommand (1ms) [Parameters=[@_8__locals1_ticket_Id='?' (DbType = Guid), @_8__locals1_ticket_AssigneeId='?' (DbType = Guid), @type='?' (Size = 255)], CommandType='Text', CommandTimeout='30']
      SELECT CASE
          WHEN EXISTS (
              SELECT 1
              FROM [Notifications] AS [n]
              WHERE [n].[TicketId] = @_8__locals1_ticket_Id AND [n].[UserId] = @_8__locals1_ticket_AssigneeId AND [n].[Type] = @type) THEN CAST(1 AS bit)
          ELSE CAST(0 AS bit)
      END
info: Microsoft.EntityFrameworkCore.Database.Command[20101]
      Executed DbCommand (1ms) [Parameters=[@_8__locals1_ticket_Id='?' (DbType = Guid), @_8__locals1_ticket_AssigneeId='?' (DbType = Guid), @type='?' (Size = 255)], CommandType='Text', CommandTimeout='30']
      SELECT CASE
          WHEN EXISTS (
              SELECT 1
              FROM [Notifications] AS [n]
              WHERE [n].[TicketId] = @_8__locals1_ticket_Id AND [n].[UserId] = @_8__locals1_ticket_AssigneeId AND [n].[Type] = @type) THEN CAST(1 AS bit)
          ELSE CAST(0 AS bit)
      END
info: Microsoft.EntityFrameworkCore.Database.Command[20101]
      Executed DbCommand (1ms) [Parameters=[@_8__locals1_ticket_Id='?' (DbType = Guid), @_8__locals1_ticket_AssigneeId='?' (DbType = Guid), @type='?' (Size = 255)], CommandType='Text', CommandTimeout='30']
      SELECT CASE
          WHEN EXISTS (
              SELECT 1
              FROM [Notifications] AS [n]
              WHERE [n].[TicketId] = @_8__locals1_ticket_Id AND [n].[UserId] = @_8__locals1_ticket_AssigneeId AND [n].[Type] = @type) THEN CAST(1 AS bit)
          ELSE CAST(0 AS bit)
      END
info: Microsoft.EntityFrameworkCore.Database.Command[20101]
      Executed DbCommand (1ms) [Parameters=[@_8__locals1_ticket_Id='?' (DbType = Guid), @_8__locals1_ticket_AssigneeId='?' (DbType = Guid), @type='?' (Size = 255)], CommandType='Text', CommandTimeout='30']
      SELECT CASE
          WHEN EXISTS (
              SELECT 1
              FROM [Notifications] AS [n]
              WHERE [n].[TicketId] = @_8__locals1_ticket_Id AND [n].[UserId] = @_8__locals1_ticket_AssigneeId AND [n].[Type] = @type) THEN CAST(1 AS bit)
          ELSE CAST(0 AS bit)
      END
info: Microsoft.EntityFrameworkCore.Database.Command[20101]
      Executed DbCommand (1ms) [Parameters=[@_8__locals1_ticket_Id='?' (DbType = Guid), @_8__locals1_ticket_AssigneeId='?' (DbType = Guid), @type='?' (Size = 255)], CommandType='Text', CommandTimeout='30']
      SELECT CASE
          WHEN EXISTS (
              SELECT 1
              FROM [Notifications] AS [n]
              WHERE [n].[TicketId] = @_8__locals1_ticket_Id AND [n].[UserId] = @_8__locals1_ticket_AssigneeId AND [n].[Type] = @type) THEN CAST(1 AS bit)
          ELSE CAST(0 AS bit)
      END
info: Microsoft.EntityFrameworkCore.Database.Command[20101]
      Executed DbCommand (1ms) [Parameters=[@_8__locals1_ticket_Id='?' (DbType = Guid), @_8__locals1_ticket_AssigneeId='?' (DbType = Guid), @type='?' (Size = 255)], CommandType='Text', CommandTimeout='30']
      SELECT CASE
          WHEN EXISTS (
              SELECT 1
              FROM [Notifications] AS [n]
              WHERE [n].[TicketId] = @_8__locals1_ticket_Id AND [n].[UserId] = @_8__locals1_ticket_AssigneeId AND [n].[Type] = @type) THEN CAST(1 AS bit)
          ELSE CAST(0 AS bit)
      END
info: Microsoft.EntityFrameworkCore.Database.Command[20101]
      Executed DbCommand (1ms) [Parameters=[@_8__locals1_ticket_Id='?' (DbType = Guid), @_8__locals1_ticket_AssigneeId='?' (DbType = Guid), @type='?' (Size = 255)], CommandType='Text', CommandTimeout='30']
      SELECT CASE
          WHEN EXISTS (
              SELECT 1
              FROM [Notifications] AS [n]
              WHERE [n].[TicketId] = @_8__locals1_ticket_Id AND [n].[UserId] = @_8__locals1_ticket_AssigneeId AND [n].[Type] = @type) THEN CAST(1 AS bit)
          ELSE CAST(0 AS bit)
      END
info: Microsoft.EntityFrameworkCore.Database.Command[20101]
      Executed DbCommand (1ms) [Parameters=[@_8__locals1_ticket_Id='?' (DbType = Guid), @_8__locals1_ticket_AssigneeId='?' (DbType = Guid), @type='?' (Size = 255)], CommandType='Text', CommandTimeout='30']
      SELECT CASE
          WHEN EXISTS (
              SELECT 1
              FROM [Notifications] AS [n]
              WHERE [n].[TicketId] = @_8__locals1_ticket_Id AND [n].[UserId] = @_8__locals1_ticket_AssigneeId AND [n].[Type] = @type) THEN CAST(1 AS bit)
          ELSE CAST(0 AS bit)
      END
info: Microsoft.EntityFrameworkCore.Database.Command[20101]
      Executed DbCommand (1ms) [Parameters=[@_8__locals1_ticket_Id='?' (DbType = Guid), @_8__locals1_ticket_AssigneeId='?' (DbType = Guid), @type='?' (Size = 255)], CommandType='Text', CommandTimeout='30']
      SELECT CASE
          WHEN EXISTS (
              SELECT 1
              FROM [Notifications] AS [n]
              WHERE [n].[TicketId] = @_8__locals1_ticket_Id AND [n].[UserId] = @_8__locals1_ticket_AssigneeId AND [n].[Type] = @type) THEN CAST(1 AS bit)
          ELSE CAST(0 AS bit)
      END
info: Microsoft.EntityFrameworkCore.Database.Command[20101]
      Executed DbCommand (1ms) [Parameters=[@_8__locals1_ticket_Id='?' (DbType = Guid), @_8__locals1_ticket_AssigneeId='?' (DbType = Guid), @type='?' (Size = 255)], CommandType='Text', CommandTimeout='30']
      SELECT CASE
          WHEN EXISTS (
              SELECT 1
              FROM [Notifications] AS [n]
              WHERE [n].[TicketId] = @_8__locals1_ticket_Id AND [n].[UserId] = @_8__locals1_ticket_AssigneeId AND [n].[Type] = @type) THEN CAST(1 AS bit)
          ELSE CAST(0 AS bit)
      END
info: Microsoft.EntityFrameworkCore.Database.Command[20101]
      Executed DbCommand (1ms) [Parameters=[@_8__locals1_ticket_Id='?' (DbType = Guid), @_8__locals1_ticket_AssigneeId='?' (DbType = Guid), @type='?' (Size = 255)], CommandType='Text', CommandTimeout='30']
      SELECT CASE
          WHEN EXISTS (
              SELECT 1
              FROM [Notifications] AS [n]
              WHERE [n].[TicketId] = @_8__locals1_ticket_Id AND [n].[UserId] = @_8__locals1_ticket_AssigneeId AND [n].[Type] = @type) THEN CAST(1 AS bit)
          ELSE CAST(0 AS bit)
      END
info: Microsoft.EntityFrameworkCore.Database.Command[20101]
      Executed DbCommand (1ms) [Parameters=[@_8__locals1_ticket_Id='?' (DbType = Guid), @_8__locals1_ticket_AssigneeId='?' (DbType = Guid), @type='?' (Size = 255)], CommandType='Text', CommandTimeout='30']
      SELECT CASE
          WHEN EXISTS (
              SELECT 1
              FROM [Notifications] AS [n]
              WHERE [n].[TicketId] = @_8__locals1_ticket_Id AND [n].[UserId] = @_8__locals1_ticket_AssigneeId AND [n].[Type] = @type) THEN CAST(1 AS bit)
          ELSE CAST(0 AS bit)
      END
info: Microsoft.EntityFrameworkCore.Database.Command[20101]
      Executed DbCommand (1ms) [Parameters=[@_8__locals1_ticket_Id='?' (DbType = Guid), @_8__locals1_ticket_AssigneeId='?' (DbType = Guid), @type='?' (Size = 255)], CommandType='Text', CommandTimeout='30']
      SELECT CASE
          WHEN EXISTS (
              SELECT 1
              FROM [Notifications] AS [n]
              WHERE [n].[TicketId] = @_8__locals1_ticket_Id AND [n].[UserId] = @_8__locals1_ticket_AssigneeId AND [n].[Type] = @type) THEN CAST(1 AS bit)
          ELSE CAST(0 AS bit)
      END
info: Microsoft.EntityFrameworkCore.Database.Command[20101]
      Executed DbCommand (1ms) [Parameters=[@_8__locals1_ticket_Id='?' (DbType = Guid), @_8__locals1_ticket_AssigneeId='?' (DbType = Guid), @type='?' (Size = 255)], CommandType='Text', CommandTimeout='30']
      SELECT CASE
          WHEN EXISTS (
              SELECT 1
              FROM [Notifications] AS [n]
              WHERE [n].[TicketId] = @_8__locals1_ticket_Id AND [n].[UserId] = @_8__locals1_ticket_AssigneeId AND [n].[Type] = @type) THEN CAST(1 AS bit)
          ELSE CAST(0 AS bit)
      END
info: Microsoft.EntityFrameworkCore.Database.Command[20101]
      Executed DbCommand (1ms) [Parameters=[@_8__locals1_ticket_Id='?' (DbType = Guid), @_8__locals1_ticket_AssigneeId='?' (DbType = Guid), @type='?' (Size = 255)], CommandType='Text', CommandTimeout='30']
      SELECT CASE
          WHEN EXISTS (
              SELECT 1
              FROM [Notifications] AS [n]
              WHERE [n].[TicketId] = @_8__locals1_ticket_Id AND [n].[UserId] = @_8__locals1_ticket_AssigneeId AND [n].[Type] = @type) THEN CAST(1 AS bit)
          ELSE CAST(0 AS bit)
      END
info: Microsoft.EntityFrameworkCore.Database.Command[20101]
      Executed DbCommand (1ms) [Parameters=[@_8__locals1_ticket_Id='?' (DbType = Guid), @_8__locals1_ticket_AssigneeId='?' (DbType = Guid), @type='?' (Size = 255)], CommandType='Text', CommandTimeout='30']
      SELECT CASE
          WHEN EXISTS (
              SELECT 1
              FROM [Notifications] AS [n]
              WHERE [n].[TicketId] = @_8__locals1_ticket_Id AND [n].[UserId] = @_8__locals1_ticket_AssigneeId AND [n].[Type] = @type) THEN CAST(1 AS bit)
          ELSE CAST(0 AS bit)
      END
info: Microsoft.EntityFrameworkCore.Database.Command[20101]
      Executed DbCommand (1ms) [Parameters=[@_8__locals1_ticket_Id='?' (DbType = Guid), @_8__locals1_ticket_AssigneeId='?' (DbType = Guid), @type='?' (Size = 255)], CommandType='Text', CommandTimeout='30']
      SELECT CASE
          WHEN EXISTS (
              SELECT 1
              FROM [Notifications] AS [n]
              WHERE [n].[TicketId] = @_8__locals1_ticket_Id AND [n].[UserId] = @_8__locals1_ticket_AssigneeId AND [n].[Type] = @type) THEN CAST(1 AS bit)
          ELSE CAST(0 AS bit)
      END
info: Microsoft.EntityFrameworkCore.Database.Command[20101]
      Executed DbCommand (12ms) [Parameters=[@normalizedEmail='?' (Size = 256)], CommandType='Text', CommandTimeout='30']
      SELECT TOP(2) [a].[Id], [a].[AccessFailedCount], [a].[AltenId], [a].[Availability], [a].[AvatarColor], [a].[ConcurrencyStamp], [a].[CreatedAt], [a].[Email], [a].[EmailConfirmed], [a].[EmailStellantis], [a].[FirstName], [a].[IdStellantis], [a].[Languages], [a].[LastName], [a].[LockoutEnabled], [a].[LockoutEnd], [a].[MustChangePassword], [a].[NormalizedEmail], [a].[NormalizedUserName], [a].[PasswordHash], [a].[PasswordResetCode], [a].[PasswordResetCodeExpiresAtUtc], [a].[PhoneNumber], [a].[PhoneNumberConfirmed], [a].[ProfilePhotoUrl], [a].[Role], [a].[SecurityStamp], [a].[Status], [a].[TeamId], [a].[TwoFactorEnabled], [a].[UserName]
      FROM [AspNetUsers] AS [a]
      WHERE [a].[NormalizedEmail] = @normalizedEmail
info: Microsoft.EntityFrameworkCore.Database.Command[20101]
      Executed DbCommand (11ms) [Parameters=[@p0='?' (DbType = Guid), @p1='?' (DbType = DateTime2), @p2='?' (DbType = DateTime2), @p3='?' (DbType = DateTime2), @p4='?' (Size = 255), @p5='?' (DbType = Guid)], CommandType='Text', CommandTimeout='30']
      SET IMPLICIT_TRANSACTIONS OFF;
      SET NOCOUNT ON;
      INSERT INTO [RefreshTokens] ([Id], [CreatedAtUtc], [ExpiresAtUtc], [RevokedAtUtc], [Token], [UserId])
      VALUES (@p0, @p1, @p2, @p3, @p4, @p5);
info: Microsoft.EntityFrameworkCore.Database.Command[20101]
      Executed DbCommand (9ms) [Parameters=[@CurrentUserId='?' (DbType = Guid)], CommandType='Text', CommandTimeout='30']
      SELECT COUNT(*)
      FROM [Notifications] AS [n]
      WHERE [n].[UserId] = @CurrentUserId AND [n].[Read] = CAST(0 AS bit)
info: Microsoft.EntityFrameworkCore.Database.Command[20101]
      Executed DbCommand (2ms) [Parameters=[@CurrentUserId='?' (DbType = Guid)], CommandType='Text', CommandTimeout='30']
      SELECT COUNT(*)
      FROM [Notifications] AS [n]
      WHERE [n].[UserId] = @CurrentUserId AND [n].[Read] = CAST(0 AS bit)
info: Microsoft.EntityFrameworkCore.Database.Command[20101]
      Executed DbCommand (7ms) [Parameters=[], CommandType='Text', CommandTimeout='30']
      SELECT COUNT(*)
      FROM [Tickets] AS [t]
info: Microsoft.EntityFrameworkCore.Database.Command[20101]
      Executed DbCommand (3ms) [Parameters=[@CurrentUserId='?' (DbType = Guid)], CommandType='Text', CommandTimeout='30']
      SELECT COUNT(*)
      FROM [Notifications] AS [n]
      WHERE [n].[UserId] = @CurrentUserId AND [n].[Read] = CAST(0 AS bit)
info: Microsoft.EntityFrameworkCore.Database.Command[20101]
      Executed DbCommand (24ms) [Parameters=[@userId='?' (DbType = Guid), @todayUtc='?' (DbType = DateTime2)], CommandType='Text', CommandTimeout='30']
      SELECT COUNT(*)
      FROM [Tickets] AS [t]
      WHERE [t].[AssigneeId] = @userId AND [t].[ResolvedAtUtc] IS NOT NULL AND CONVERT(date, [t].[ResolvedAtUtc]) = @todayUtc
info: Microsoft.EntityFrameworkCore.Database.Command[20101]
      Executed DbCommand (10ms) [Parameters=[@userId='?' (DbType = Guid)], CommandType='Text', CommandTimeout='30']
      SELECT CAST(DATEDIFF(minute, [t].[CreatedAtUtc], [t].[ResolvedAtUtc]) AS float) / 60.0E0
      FROM [Tickets] AS [t]
      WHERE [t].[AssigneeId] = @userId AND [t].[ResolvedAtUtc] IS NOT NULL
info: Microsoft.EntityFrameworkCore.Database.Command[20101]
      Executed DbCommand (41ms) [Parameters=[@userId='?' (DbType = Guid)], CommandType='Text', CommandTimeout='30']
      SELECT [t].[Id], [t].[AiSuggestedRoute], [t].[ApplicantFirstName], [t].[ApplicantId], [t].[ApplicantLastName], [t].[Application], [t].[AssigneeId], [t].[ClosingDate], [t].[CreatedAtUtc], [t].[Description], [t].[DomainId], [t].[EcrNumber], [t].[EnglishAccepted], [t].[JiraLink], [t].[LastSyncDate], [t].[Level], [t].[ModuleId], [t].[PartNumber], [t].[Priority], [t].[ReactivityDuration], [t].[ReferenceKZ], [t].[ReferenceSTLA], [t].[ResolvedAtUtc], [t].[SiteId], [t].[SlaDeadlineUtc], [t].[SourceSystemId], [t].[Status], [t].[SubModule], [t].[Summary], [t].[Title], [d].[Id], [d].[CreatedAtUtc], [d].[Description], [d].[Name], [s].[Id], [s].[ApiEndpoint], [s].[CreatedAtUtc], [s].[LastImportDate], [s].[Name]
      FROM [Tickets] AS [t]
      LEFT JOIN [Domains] AS [d] ON [t].[DomainId] = [d].[Id]
      INNER JOIN [SourceSystems] AS [s] ON [t].[SourceSystemId] = [s].[Id]
      WHERE [t].[AssigneeId] = @userId AND [t].[Status] NOT IN (4, 5)
      ORDER BY [t].[CreatedAtUtc] DESC
info: Microsoft.EntityFrameworkCore.Database.Command[20101]
      Executed DbCommand (42ms) [Parameters=[@p='?' (DbType = Int32), @p1='?' (DbType = Int32)], CommandType='Text', CommandTimeout='30']
      SELECT [t0].[Id], [t0].[AiSuggestedRoute], [t0].[ApplicantFirstName], [t0].[ApplicantId], [t0].[ApplicantLastName], [t0].[Application], [t0].[AssigneeId], [t0].[ClosingDate], [t0].[CreatedAtUtc], [t0].[Description], [t0].[DomainId], [t0].[EcrNumber], [t0].[EnglishAccepted], [t0].[JiraLink], [t0].[LastSyncDate], [t0].[Level], [t0].[ModuleId], [t0].[PartNumber], [t0].[Priority], [t0].[ReactivityDuration], [t0].[ReferenceKZ], [t0].[ReferenceSTLA], [t0].[ResolvedAtUtc], [t0].[SiteId], [t0].[SlaDeadlineUtc], [t0].[SourceSystemId], [t0].[Status], [t0].[SubModule], [t0].[Summary], [t0].[Title], [d].[Id], [d].[CreatedAtUtc], [d].[Description], [d].[Name], [s].[Id], [s].[ApiEndpoint], [s].[CreatedAtUtc], [s].[LastImportDate], [s].[Name]
      FROM (
          SELECT [t].[Id], [t].[AiSuggestedRoute], [t].[ApplicantFirstName], [t].[ApplicantId], [t].[ApplicantLastName], [t].[Application], [t].[AssigneeId], [t].[ClosingDate], [t].[CreatedAtUtc], [t].[Description], [t].[DomainId], [t].[EcrNumber], [t].[EnglishAccepted], [t].[JiraLink], [t].[LastSyncDate], [t].[Level], [t].[ModuleId], [t].[PartNumber], [t].[Priority], [t].[ReactivityDuration], [t].[ReferenceKZ], [t].[ReferenceSTLA], [t].[ResolvedAtUtc], [t].[SiteId], [t].[SlaDeadlineUtc], [t].[SourceSystemId], [t].[Status], [t].[SubModule], [t].[Summary], [t].[Title]
          FROM [Tickets] AS [t]
          ORDER BY [t].[CreatedAtUtc] DESC
          OFFSET @p ROWS FETCH NEXT @p1 ROWS ONLY
      ) AS [t0]
      LEFT JOIN [Domains] AS [d] ON [t0].[DomainId] = [d].[Id]
      INNER JOIN [SourceSystems] AS [s] ON [t0].[SourceSystemId] = [s].[Id]
      ORDER BY [t0].[CreatedAtUtc] DESC
info: Microsoft.EntityFrameworkCore.Database.Command[20101]
      Executed DbCommand (40ms) [Parameters=[], CommandType='Text', CommandTimeout='30']
      SELECT [t].[Id], [t].[AiSuggestedRoute], [t].[ApplicantFirstName], [t].[ApplicantId], [t].[ApplicantLastName], [t].[Application], [t].[AssigneeId], [t].[ClosingDate], [t].[CreatedAtUtc], [t].[Description], [t].[DomainId], [t].[EcrNumber], [t].[EnglishAccepted], [t].[JiraLink], [t].[LastSyncDate], [t].[Level], [t].[ModuleId], [t].[PartNumber], [t].[Priority], [t].[ReactivityDuration], [t].[ReferenceKZ], [t].[ReferenceSTLA], [t].[ResolvedAtUtc], [t].[SiteId], [t].[SlaDeadlineUtc], [t].[SourceSystemId], [t].[Status], [t].[SubModule], [t].[Summary], [t].[Title], [d].[Id], [d].[CreatedAtUtc], [d].[Description], [d].[Name], [s].[Id], [s].[ApiEndpoint], [s].[CreatedAtUtc], [s].[LastImportDate], [s].[Name]
      FROM [Tickets] AS [t]
      LEFT JOIN [Domains] AS [d] ON [t].[DomainId] = [d].[Id]
      INNER JOIN [SourceSystems] AS [s] ON [t].[SourceSystemId] = [s].[Id]
      WHERE [t].[Status] = 0 AND [t].[AssigneeId] IS NULL
      ORDER BY [t].[CreatedAtUtc] DESC
info: Microsoft.EntityFrameworkCore.Database.Command[20101]
      Executed DbCommand (24ms) [Parameters=[@warningCutoff='?' (DbType = DateTime2)], CommandType='Text', CommandTimeout='30']
      SELECT [t].[Id], [t].[AiSuggestedRoute], [t].[ApplicantFirstName], [t].[ApplicantId], [t].[ApplicantLastName], [t].[Application], [t].[AssigneeId], [t].[ClosingDate], [t].[CreatedAtUtc], [t].[Description], [t].[DomainId], [t].[EcrNumber], [t].[EnglishAccepted], [t].[JiraLink], [t].[LastSyncDate], [t].[Level], [t].[ModuleId], [t].[PartNumber], [t].[Priority], [t].[ReactivityDuration], [t].[ReferenceKZ], [t].[ReferenceSTLA], [t].[ResolvedAtUtc], [t].[SiteId], [t].[SlaDeadlineUtc], [t].[SourceSystemId], [t].[Status], [t].[SubModule], [t].[Summary], [t].[Title]
      FROM [Tickets] AS [t]
      WHERE [t].[AssigneeId] IS NOT NULL AND [t].[Status] IN (1, 2) AND [t].[SlaDeadlineUtc] <= @warningCutoff
info: Microsoft.EntityFrameworkCore.Database.Command[20101]
      Executed DbCommand (23ms) [Parameters=[@_8__locals1_ticket_Id='?' (DbType = Guid), @_8__locals1_ticket_AssigneeId='?' (DbType = Guid), @type='?' (Size = 255)], CommandType='Text', CommandTimeout='30']
      SELECT CASE
          WHEN EXISTS (
              SELECT 1
              FROM [Notifications] AS [n]
              WHERE [n].[TicketId] = @_8__locals1_ticket_Id AND [n].[UserId] = @_8__locals1_ticket_AssigneeId AND [n].[Type] = @type) THEN CAST(1 AS bit)
          ELSE CAST(0 AS bit)
      END
info: Microsoft.EntityFrameworkCore.Database.Command[20101]
      Executed DbCommand (1ms) [Parameters=[@_8__locals1_ticket_Id='?' (DbType = Guid), @_8__locals1_ticket_AssigneeId='?' (DbType = Guid), @type='?' (Size = 255)], CommandType='Text', CommandTimeout='30']
      SELECT CASE
          WHEN EXISTS (
              SELECT 1
              FROM [Notifications] AS [n]
              WHERE [n].[TicketId] = @_8__locals1_ticket_Id AND [n].[UserId] = @_8__locals1_ticket_AssigneeId AND [n].[Type] = @type) THEN CAST(1 AS bit)
          ELSE CAST(0 AS bit)
      END
info: Microsoft.EntityFrameworkCore.Database.Command[20101]
      Executed DbCommand (1ms) [Parameters=[@_8__locals1_ticket_Id='?' (DbType = Guid), @_8__locals1_ticket_AssigneeId='?' (DbType = Guid), @type='?' (Size = 255)], CommandType='Text', CommandTimeout='30']
      SELECT CASE
          WHEN EXISTS (
              SELECT 1
              FROM [Notifications] AS [n]
              WHERE [n].[TicketId] = @_8__locals1_ticket_Id AND [n].[UserId] = @_8__locals1_ticket_AssigneeId AND [n].[Type] = @type) THEN CAST(1 AS bit)
          ELSE CAST(0 AS bit)
      END
info: Microsoft.EntityFrameworkCore.Database.Command[20101]
      Executed DbCommand (1ms) [Parameters=[@_8__locals1_ticket_Id='?' (DbType = Guid), @_8__locals1_ticket_AssigneeId='?' (DbType = Guid), @type='?' (Size = 255)], CommandType='Text', CommandTimeout='30']
      SELECT CASE
          WHEN EXISTS (
              SELECT 1
              FROM [Notifications] AS [n]
              WHERE [n].[TicketId] = @_8__locals1_ticket_Id AND [n].[UserId] = @_8__locals1_ticket_AssigneeId AND [n].[Type] = @type) THEN CAST(1 AS bit)
          ELSE CAST(0 AS bit)
      END
info: Microsoft.EntityFrameworkCore.Database.Command[20101]
      Executed DbCommand (1ms) [Parameters=[@_8__locals1_ticket_Id='?' (DbType = Guid), @_8__locals1_ticket_AssigneeId='?' (DbType = Guid), @type='?' (Size = 255)], CommandType='Text', CommandTimeout='30']
      SELECT CASE
          WHEN EXISTS (
              SELECT 1
              FROM [Notifications] AS [n]
              WHERE [n].[TicketId] = @_8__locals1_ticket_Id AND [n].[UserId] = @_8__locals1_ticket_AssigneeId AND [n].[Type] = @type) THEN CAST(1 AS bit)
          ELSE CAST(0 AS bit)
      END
info: Microsoft.EntityFrameworkCore.Database.Command[20101]
      Executed DbCommand (1ms) [Parameters=[@_8__locals1_ticket_Id='?' (DbType = Guid), @_8__locals1_ticket_AssigneeId='?' (DbType = Guid), @type='?' (Size = 255)], CommandType='Text', CommandTimeout='30']
      SELECT CASE
          WHEN EXISTS (
              SELECT 1
              FROM [Notifications] AS [n]
              WHERE [n].[TicketId] = @_8__locals1_ticket_Id AND [n].[UserId] = @_8__locals1_ticket_AssigneeId AND [n].[Type] = @type) THEN CAST(1 AS bit)
          ELSE CAST(0 AS bit)
      END
info: Microsoft.EntityFrameworkCore.Database.Command[20101]
      Executed DbCommand (1ms) [Parameters=[@_8__locals1_ticket_Id='?' (DbType = Guid), @_8__locals1_ticket_AssigneeId='?' (DbType = Guid), @type='?' (Size = 255)], CommandType='Text', CommandTimeout='30']
      SELECT CASE
          WHEN EXISTS (
              SELECT 1
              FROM [Notifications] AS [n]
              WHERE [n].[TicketId] = @_8__locals1_ticket_Id AND [n].[UserId] = @_8__locals1_ticket_AssigneeId AND [n].[Type] = @type) THEN CAST(1 AS bit)
          ELSE CAST(0 AS bit)
      END
info: Microsoft.EntityFrameworkCore.Database.Command[20101]
      Executed DbCommand (1ms) [Parameters=[@_8__locals1_ticket_Id='?' (DbType = Guid), @_8__locals1_ticket_AssigneeId='?' (DbType = Guid), @type='?' (Size = 255)], CommandType='Text', CommandTimeout='30']
      SELECT CASE
          WHEN EXISTS (
              SELECT 1
              FROM [Notifications] AS [n]
              WHERE [n].[TicketId] = @_8__locals1_ticket_Id AND [n].[UserId] = @_8__locals1_ticket_AssigneeId AND [n].[Type] = @type) THEN CAST(1 AS bit)
          ELSE CAST(0 AS bit)
      END
info: Microsoft.EntityFrameworkCore.Database.Command[20101]
      Executed DbCommand (1ms) [Parameters=[@_8__locals1_ticket_Id='?' (DbType = Guid), @_8__locals1_ticket_AssigneeId='?' (DbType = Guid), @type='?' (Size = 255)], CommandType='Text', CommandTimeout='30']
      SELECT CASE
          WHEN EXISTS (
              SELECT 1
              FROM [Notifications] AS [n]
              WHERE [n].[TicketId] = @_8__locals1_ticket_Id AND [n].[UserId] = @_8__locals1_ticket_AssigneeId AND [n].[Type] = @type) THEN CAST(1 AS bit)
          ELSE CAST(0 AS bit)
      END
info: Microsoft.EntityFrameworkCore.Database.Command[20101]
      Executed DbCommand (1ms) [Parameters=[@_8__locals1_ticket_Id='?' (DbType = Guid), @_8__locals1_ticket_AssigneeId='?' (DbType = Guid), @type='?' (Size = 255)], CommandType='Text', CommandTimeout='30']
      SELECT CASE
          WHEN EXISTS (
              SELECT 1
              FROM [Notifications] AS [n]
              WHERE [n].[TicketId] = @_8__locals1_ticket_Id AND [n].[UserId] = @_8__locals1_ticket_AssigneeId AND [n].[Type] = @type) THEN CAST(1 AS bit)
          ELSE CAST(0 AS bit)
      END
info: Microsoft.EntityFrameworkCore.Database.Command[20101]
      Executed DbCommand (1ms) [Parameters=[@_8__locals1_ticket_Id='?' (DbType = Guid), @_8__locals1_ticket_AssigneeId='?' (DbType = Guid), @type='?' (Size = 255)], CommandType='Text', CommandTimeout='30']
      SELECT CASE
          WHEN EXISTS (
              SELECT 1
              FROM [Notifications] AS [n]
              WHERE [n].[TicketId] = @_8__locals1_ticket_Id AND [n].[UserId] = @_8__locals1_ticket_AssigneeId AND [n].[Type] = @type) THEN CAST(1 AS bit)
          ELSE CAST(0 AS bit)
      END
info: Microsoft.EntityFrameworkCore.Database.Command[20101]
      Executed DbCommand (1ms) [Parameters=[@_8__locals1_ticket_Id='?' (DbType = Guid), @_8__locals1_ticket_AssigneeId='?' (DbType = Guid), @type='?' (Size = 255)], CommandType='Text', CommandTimeout='30']
      SELECT CASE
          WHEN EXISTS (
              SELECT 1
              FROM [Notifications] AS [n]
              WHERE [n].[TicketId] = @_8__locals1_ticket_Id AND [n].[UserId] = @_8__locals1_ticket_AssigneeId AND [n].[Type] = @type) THEN CAST(1 AS bit)
          ELSE CAST(0 AS bit)
      END
info: Microsoft.EntityFrameworkCore.Database.Command[20101]
      Executed DbCommand (1ms) [Parameters=[@_8__locals1_ticket_Id='?' (DbType = Guid), @_8__locals1_ticket_AssigneeId='?' (DbType = Guid), @type='?' (Size = 255)], CommandType='Text', CommandTimeout='30']
      SELECT CASE
          WHEN EXISTS (
              SELECT 1
              FROM [Notifications] AS [n]
              WHERE [n].[TicketId] = @_8__locals1_ticket_Id AND [n].[UserId] = @_8__locals1_ticket_AssigneeId AND [n].[Type] = @type) THEN CAST(1 AS bit)
          ELSE CAST(0 AS bit)
      END
info: Microsoft.EntityFrameworkCore.Database.Command[20101]
      Executed DbCommand (1ms) [Parameters=[@_8__locals1_ticket_Id='?' (DbType = Guid), @_8__locals1_ticket_AssigneeId='?' (DbType = Guid), @type='?' (Size = 255)], CommandType='Text', CommandTimeout='30']
      SELECT CASE
          WHEN EXISTS (
              SELECT 1
              FROM [Notifications] AS [n]
              WHERE [n].[TicketId] = @_8__locals1_ticket_Id AND [n].[UserId] = @_8__locals1_ticket_AssigneeId AND [n].[Type] = @type) THEN CAST(1 AS bit)
          ELSE CAST(0 AS bit)
      END
info: Microsoft.EntityFrameworkCore.Database.Command[20101]
      Executed DbCommand (1ms) [Parameters=[@_8__locals1_ticket_Id='?' (DbType = Guid), @_8__locals1_ticket_AssigneeId='?' (DbType = Guid), @type='?' (Size = 255)], CommandType='Text', CommandTimeout='30']
      SELECT CASE
          WHEN EXISTS (
              SELECT 1
              FROM [Notifications] AS [n]
              WHERE [n].[TicketId] = @_8__locals1_ticket_Id AND [n].[UserId] = @_8__locals1_ticket_AssigneeId AND [n].[Type] = @type) THEN CAST(1 AS bit)
          ELSE CAST(0 AS bit)
      END
info: Microsoft.EntityFrameworkCore.Database.Command[20101]
      Executed DbCommand (1ms) [Parameters=[@_8__locals1_ticket_Id='?' (DbType = Guid), @_8__locals1_ticket_AssigneeId='?' (DbType = Guid), @type='?' (Size = 255)], CommandType='Text', CommandTimeout='30']
      SELECT CASE
          WHEN EXISTS (
              SELECT 1
              FROM [Notifications] AS [n]
              WHERE [n].[TicketId] = @_8__locals1_ticket_Id AND [n].[UserId] = @_8__locals1_ticket_AssigneeId AND [n].[Type] = @type) THEN CAST(1 AS bit)
          ELSE CAST(0 AS bit)
      END
info: Microsoft.EntityFrameworkCore.Database.Command[20101]
      Executed DbCommand (1ms) [Parameters=[@_8__locals1_ticket_Id='?' (DbType = Guid), @_8__locals1_ticket_AssigneeId='?' (DbType = Guid), @type='?' (Size = 255)], CommandType='Text', CommandTimeout='30']
      SELECT CASE
          WHEN EXISTS (
              SELECT 1
              FROM [Notifications] AS [n]
              WHERE [n].[TicketId] = @_8__locals1_ticket_Id AND [n].[UserId] = @_8__locals1_ticket_AssigneeId AND [n].[Type] = @type) THEN CAST(1 AS bit)
          ELSE CAST(0 AS bit)
      END
info: Microsoft.EntityFrameworkCore.Database.Command[20101]
      Executed DbCommand (1ms) [Parameters=[@_8__locals1_ticket_Id='?' (DbType = Guid), @_8__locals1_ticket_AssigneeId='?' (DbType = Guid), @type='?' (Size = 255)], CommandType='Text', CommandTimeout='30']
      SELECT CASE
          WHEN EXISTS (
              SELECT 1
              FROM [Notifications] AS [n]
              WHERE [n].[TicketId] = @_8__locals1_ticket_Id AND [n].[UserId] = @_8__locals1_ticket_AssigneeId AND [n].[Type] = @type) THEN CAST(1 AS bit)
          ELSE CAST(0 AS bit)
      END
info: Microsoft.EntityFrameworkCore.Database.Command[20101]
      Executed DbCommand (1ms) [Parameters=[@_8__locals1_ticket_Id='?' (DbType = Guid), @_8__locals1_ticket_AssigneeId='?' (DbType = Guid), @type='?' (Size = 255)], CommandType='Text', CommandTimeout='30']
      SELECT CASE
          WHEN EXISTS (
              SELECT 1
              FROM [Notifications] AS [n]
              WHERE [n].[TicketId] = @_8__locals1_ticket_Id AND [n].[UserId] = @_8__locals1_ticket_AssigneeId AND [n].[Type] = @type) THEN CAST(1 AS bit)
          ELSE CAST(0 AS bit)
      END
info: Microsoft.EntityFrameworkCore.Database.Command[20101]
      Executed DbCommand (1ms) [Parameters=[@_8__locals1_ticket_Id='?' (DbType = Guid), @_8__locals1_ticket_AssigneeId='?' (DbType = Guid), @type='?' (Size = 255)], CommandType='Text', CommandTimeout='30']
      SELECT CASE
          WHEN EXISTS (
              SELECT 1
              FROM [Notifications] AS [n]
              WHERE [n].[TicketId] = @_8__locals1_ticket_Id AND [n].[UserId] = @_8__locals1_ticket_AssigneeId AND [n].[Type] = @type) THEN CAST(1 AS bit)
          ELSE CAST(0 AS bit)
      END
info: Microsoft.EntityFrameworkCore.Database.Command[20101]
      Executed DbCommand (1ms) [Parameters=[@_8__locals1_ticket_Id='?' (DbType = Guid), @_8__locals1_ticket_AssigneeId='?' (DbType = Guid), @type='?' (Size = 255)], CommandType='Text', CommandTimeout='30']
      SELECT CASE
          WHEN EXISTS (
              SELECT 1
              FROM [Notifications] AS [n]
              WHERE [n].[TicketId] = @_8__locals1_ticket_Id AND [n].[UserId] = @_8__locals1_ticket_AssigneeId AND [n].[Type] = @type) THEN CAST(1 AS bit)
          ELSE CAST(0 AS bit)
      END
info: Microsoft.EntityFrameworkCore.Database.Command[20101]
      Executed DbCommand (1ms) [Parameters=[@_8__locals1_ticket_Id='?' (DbType = Guid), @_8__locals1_ticket_AssigneeId='?' (DbType = Guid), @type='?' (Size = 255)], CommandType='Text', CommandTimeout='30']
      SELECT CASE
          WHEN EXISTS (
              SELECT 1
              FROM [Notifications] AS [n]
              WHERE [n].[TicketId] = @_8__locals1_ticket_Id AND [n].[UserId] = @_8__locals1_ticket_AssigneeId AND [n].[Type] = @type) THEN CAST(1 AS bit)
          ELSE CAST(0 AS bit)
      END
info: Microsoft.EntityFrameworkCore.Database.Command[20101]
      Executed DbCommand (1ms) [Parameters=[@_8__locals1_ticket_Id='?' (DbType = Guid), @_8__locals1_ticket_AssigneeId='?' (DbType = Guid), @type='?' (Size = 255)], CommandType='Text', CommandTimeout='30']
      SELECT CASE
          WHEN EXISTS (
              SELECT 1
              FROM [Notifications] AS [n]
              WHERE [n].[TicketId] = @_8__locals1_ticket_Id AND [n].[UserId] = @_8__locals1_ticket_AssigneeId AND [n].[Type] = @type) THEN CAST(1 AS bit)
          ELSE CAST(0 AS bit)
      END
info: Microsoft.EntityFrameworkCore.Database.Command[20101]
      Executed DbCommand (141ms) [Parameters=[@warningCutoff='?' (DbType = DateTime2)], CommandType='Text', CommandTimeout='30']
      SELECT [t].[Id], [t].[AiSuggestedRoute], [t].[ApplicantFirstName], [t].[ApplicantId], [t].[ApplicantLastName], [t].[Application], [t].[AssigneeId], [t].[ClosingDate], [t].[CreatedAtUtc], [t].[Description], [t].[DomainId], [t].[EcrNumber], [t].[EnglishAccepted], [t].[JiraLink], [t].[LastSyncDate], [t].[Level], [t].[ModuleId], [t].[PartNumber], [t].[Priority], [t].[ReactivityDuration], [t].[ReferenceKZ], [t].[ReferenceSTLA], [t].[ResolvedAtUtc], [t].[SiteId], [t].[SlaDeadlineUtc], [t].[SourceSystemId], [t].[Status], [t].[SubModule], [t].[Summary], [t].[Title]
      FROM [Tickets] AS [t]
      WHERE [t].[AssigneeId] IS NOT NULL AND [t].[Status] IN (1, 2) AND [t].[SlaDeadlineUtc] <= @warningCutoff
info: Microsoft.EntityFrameworkCore.Database.Command[20101]
      Executed DbCommand (41ms) [Parameters=[@_8__locals1_ticket_Id='?' (DbType = Guid), @_8__locals1_ticket_AssigneeId='?' (DbType = Guid), @type='?' (Size = 255)], CommandType='Text', CommandTimeout='30']
      SELECT CASE
          WHEN EXISTS (
              SELECT 1
              FROM [Notifications] AS [n]
              WHERE [n].[TicketId] = @_8__locals1_ticket_Id AND [n].[UserId] = @_8__locals1_ticket_AssigneeId AND [n].[Type] = @type) THEN CAST(1 AS bit)
          ELSE CAST(0 AS bit)
      END
info: Microsoft.EntityFrameworkCore.Database.Command[20101]
      Executed DbCommand (1ms) [Parameters=[@_8__locals1_ticket_Id='?' (DbType = Guid), @_8__locals1_ticket_AssigneeId='?' (DbType = Guid), @type='?' (Size = 255)], CommandType='Text', CommandTimeout='30']
      SELECT CASE
          WHEN EXISTS (
              SELECT 1
              FROM [Notifications] AS [n]
              WHERE [n].[TicketId] = @_8__locals1_ticket_Id AND [n].[UserId] = @_8__locals1_ticket_AssigneeId AND [n].[Type] = @type) THEN CAST(1 AS bit)
          ELSE CAST(0 AS bit)
      END
info: Microsoft.EntityFrameworkCore.Database.Command[20101]
      Executed DbCommand (1ms) [Parameters=[@_8__locals1_ticket_Id='?' (DbType = Guid), @_8__locals1_ticket_AssigneeId='?' (DbType = Guid), @type='?' (Size = 255)], CommandType='Text', CommandTimeout='30']
      SELECT CASE
          WHEN EXISTS (
              SELECT 1
              FROM [Notifications] AS [n]
              WHERE [n].[TicketId] = @_8__locals1_ticket_Id AND [n].[UserId] = @_8__locals1_ticket_AssigneeId AND [n].[Type] = @type) THEN CAST(1 AS bit)
          ELSE CAST(0 AS bit)
      END
info: Microsoft.EntityFrameworkCore.Database.Command[20101]
      Executed DbCommand (1ms) [Parameters=[@_8__locals1_ticket_Id='?' (DbType = Guid), @_8__locals1_ticket_AssigneeId='?' (DbType = Guid), @type='?' (Size = 255)], CommandType='Text', CommandTimeout='30']
      SELECT CASE
          WHEN EXISTS (
              SELECT 1
              FROM [Notifications] AS [n]
              WHERE [n].[TicketId] = @_8__locals1_ticket_Id AND [n].[UserId] = @_8__locals1_ticket_AssigneeId AND [n].[Type] = @type) THEN CAST(1 AS bit)
          ELSE CAST(0 AS bit)
      END
info: Microsoft.EntityFrameworkCore.Database.Command[20101]
      Executed DbCommand (1ms) [Parameters=[@_8__locals1_ticket_Id='?' (DbType = Guid), @_8__locals1_ticket_AssigneeId='?' (DbType = Guid), @type='?' (Size = 255)], CommandType='Text', CommandTimeout='30']
      SELECT CASE
          WHEN EXISTS (
              SELECT 1
              FROM [Notifications] AS [n]
              WHERE [n].[TicketId] = @_8__locals1_ticket_Id AND [n].[UserId] = @_8__locals1_ticket_AssigneeId AND [n].[Type] = @type) THEN CAST(1 AS bit)
          ELSE CAST(0 AS bit)
      END
info: Microsoft.EntityFrameworkCore.Database.Command[20101]
      Executed DbCommand (1ms) [Parameters=[@_8__locals1_ticket_Id='?' (DbType = Guid), @_8__locals1_ticket_AssigneeId='?' (DbType = Guid), @type='?' (Size = 255)], CommandType='Text', CommandTimeout='30']
      SELECT CASE
          WHEN EXISTS (
              SELECT 1
              FROM [Notifications] AS [n]
              WHERE [n].[TicketId] = @_8__locals1_ticket_Id AND [n].[UserId] = @_8__locals1_ticket_AssigneeId AND [n].[Type] = @type) THEN CAST(1 AS bit)
          ELSE CAST(0 AS bit)
      END
info: Microsoft.EntityFrameworkCore.Database.Command[20101]
      Executed DbCommand (1ms) [Parameters=[@_8__locals1_ticket_Id='?' (DbType = Guid), @_8__locals1_ticket_AssigneeId='?' (DbType = Guid), @type='?' (Size = 255)], CommandType='Text', CommandTimeout='30']
      SELECT CASE
          WHEN EXISTS (
              SELECT 1
              FROM [Notifications] AS [n]
              WHERE [n].[TicketId] = @_8__locals1_ticket_Id AND [n].[UserId] = @_8__locals1_ticket_AssigneeId AND [n].[Type] = @type) THEN CAST(1 AS bit)
          ELSE CAST(0 AS bit)
      END
info: Microsoft.EntityFrameworkCore.Database.Command[20101]
      Executed DbCommand (1ms) [Parameters=[@_8__locals1_ticket_Id='?' (DbType = Guid), @_8__locals1_ticket_AssigneeId='?' (DbType = Guid), @type='?' (Size = 255)], CommandType='Text', CommandTimeout='30']
      SELECT CASE
          WHEN EXISTS (
              SELECT 1
              FROM [Notifications] AS [n]
              WHERE [n].[TicketId] = @_8__locals1_ticket_Id AND [n].[UserId] = @_8__locals1_ticket_AssigneeId AND [n].[Type] = @type) THEN CAST(1 AS bit)
          ELSE CAST(0 AS bit)
      END
info: Microsoft.EntityFrameworkCore.Database.Command[20101]
      Executed DbCommand (1ms) [Parameters=[@_8__locals1_ticket_Id='?' (DbType = Guid), @_8__locals1_ticket_AssigneeId='?' (DbType = Guid), @type='?' (Size = 255)], CommandType='Text', CommandTimeout='30']
      SELECT CASE
          WHEN EXISTS (
              SELECT 1
              FROM [Notifications] AS [n]
              WHERE [n].[TicketId] = @_8__locals1_ticket_Id AND [n].[UserId] = @_8__locals1_ticket_AssigneeId AND [n].[Type] = @type) THEN CAST(1 AS bit)
          ELSE CAST(0 AS bit)
      END
info: Microsoft.EntityFrameworkCore.Database.Command[20101]
      Executed DbCommand (1ms) [Parameters=[@_8__locals1_ticket_Id='?' (DbType = Guid), @_8__locals1_ticket_AssigneeId='?' (DbType = Guid), @type='?' (Size = 255)], CommandType='Text', CommandTimeout='30']
      SELECT CASE
          WHEN EXISTS (
              SELECT 1
              FROM [Notifications] AS [n]
              WHERE [n].[TicketId] = @_8__locals1_ticket_Id AND [n].[UserId] = @_8__locals1_ticket_AssigneeId AND [n].[Type] = @type) THEN CAST(1 AS bit)
          ELSE CAST(0 AS bit)
      END
info: Microsoft.EntityFrameworkCore.Database.Command[20101]
      Executed DbCommand (1ms) [Parameters=[@_8__locals1_ticket_Id='?' (DbType = Guid), @_8__locals1_ticket_AssigneeId='?' (DbType = Guid), @type='?' (Size = 255)], CommandType='Text', CommandTimeout='30']
      SELECT CASE
          WHEN EXISTS (
              SELECT 1
              FROM [Notifications] AS [n]
              WHERE [n].[TicketId] = @_8__locals1_ticket_Id AND [n].[UserId] = @_8__locals1_ticket_AssigneeId AND [n].[Type] = @type) THEN CAST(1 AS bit)
          ELSE CAST(0 AS bit)
      END
info: Microsoft.EntityFrameworkCore.Database.Command[20101]
      Executed DbCommand (1ms) [Parameters=[@_8__locals1_ticket_Id='?' (DbType = Guid), @_8__locals1_ticket_AssigneeId='?' (DbType = Guid), @type='?' (Size = 255)], CommandType='Text', CommandTimeout='30']
      SELECT CASE
          WHEN EXISTS (
              SELECT 1
              FROM [Notifications] AS [n]
              WHERE [n].[TicketId] = @_8__locals1_ticket_Id AND [n].[UserId] = @_8__locals1_ticket_AssigneeId AND [n].[Type] = @type) THEN CAST(1 AS bit)
          ELSE CAST(0 AS bit)
      END
info: Microsoft.EntityFrameworkCore.Database.Command[20101]
      Executed DbCommand (1ms) [Parameters=[@_8__locals1_ticket_Id='?' (DbType = Guid), @_8__locals1_ticket_AssigneeId='?' (DbType = Guid), @type='?' (Size = 255)], CommandType='Text', CommandTimeout='30']
      SELECT CASE
          WHEN EXISTS (
              SELECT 1
              FROM [Notifications] AS [n]
              WHERE [n].[TicketId] = @_8__locals1_ticket_Id AND [n].[UserId] = @_8__locals1_ticket_AssigneeId AND [n].[Type] = @type) THEN CAST(1 AS bit)
          ELSE CAST(0 AS bit)
      END
info: Microsoft.EntityFrameworkCore.Database.Command[20101]
      Executed DbCommand (1ms) [Parameters=[@_8__locals1_ticket_Id='?' (DbType = Guid), @_8__locals1_ticket_AssigneeId='?' (DbType = Guid), @type='?' (Size = 255)], CommandType='Text', CommandTimeout='30']
      SELECT CASE
          WHEN EXISTS (
              SELECT 1
              FROM [Notifications] AS [n]
              WHERE [n].[TicketId] = @_8__locals1_ticket_Id AND [n].[UserId] = @_8__locals1_ticket_AssigneeId AND [n].[Type] = @type) THEN CAST(1 AS bit)
          ELSE CAST(0 AS bit)
      END
info: Microsoft.EntityFrameworkCore.Database.Command[20101]
      Executed DbCommand (1ms) [Parameters=[@_8__locals1_ticket_Id='?' (DbType = Guid), @_8__locals1_ticket_AssigneeId='?' (DbType = Guid), @type='?' (Size = 255)], CommandType='Text', CommandTimeout='30']
      SELECT CASE
          WHEN EXISTS (
              SELECT 1
              FROM [Notifications] AS [n]
              WHERE [n].[TicketId] = @_8__locals1_ticket_Id AND [n].[UserId] = @_8__locals1_ticket_AssigneeId AND [n].[Type] = @type) THEN CAST(1 AS bit)
          ELSE CAST(0 AS bit)
      END
info: Microsoft.EntityFrameworkCore.Database.Command[20101]
      Executed DbCommand (1ms) [Parameters=[@_8__locals1_ticket_Id='?' (DbType = Guid), @_8__locals1_ticket_AssigneeId='?' (DbType = Guid), @type='?' (Size = 255)], CommandType='Text', CommandTimeout='30']
      SELECT CASE
          WHEN EXISTS (
              SELECT 1
              FROM [Notifications] AS [n]
              WHERE [n].[TicketId] = @_8__locals1_ticket_Id AND [n].[UserId] = @_8__locals1_ticket_AssigneeId AND [n].[Type] = @type) THEN CAST(1 AS bit)
          ELSE CAST(0 AS bit)
      END
info: Microsoft.EntityFrameworkCore.Database.Command[20101]
      Executed DbCommand (1ms) [Parameters=[@_8__locals1_ticket_Id='?' (DbType = Guid), @_8__locals1_ticket_AssigneeId='?' (DbType = Guid), @type='?' (Size = 255)], CommandType='Text', CommandTimeout='30']
      SELECT CASE
          WHEN EXISTS (
              SELECT 1
              FROM [Notifications] AS [n]
              WHERE [n].[TicketId] = @_8__locals1_ticket_Id AND [n].[UserId] = @_8__locals1_ticket_AssigneeId AND [n].[Type] = @type) THEN CAST(1 AS bit)
          ELSE CAST(0 AS bit)
      END
info: Microsoft.EntityFrameworkCore.Database.Command[20101]
      Executed DbCommand (2ms) [Parameters=[@_8__locals1_ticket_Id='?' (DbType = Guid), @_8__locals1_ticket_AssigneeId='?' (DbType = Guid), @type='?' (Size = 255)], CommandType='Text', CommandTimeout='30']
      SELECT CASE
          WHEN EXISTS (
              SELECT 1
              FROM [Notifications] AS [n]
              WHERE [n].[TicketId] = @_8__locals1_ticket_Id AND [n].[UserId] = @_8__locals1_ticket_AssigneeId AND [n].[Type] = @type) THEN CAST(1 AS bit)
          ELSE CAST(0 AS bit)
      END
info: Microsoft.EntityFrameworkCore.Database.Command[20101]
      Executed DbCommand (1ms) [Parameters=[@_8__locals1_ticket_Id='?' (DbType = Guid), @_8__locals1_ticket_AssigneeId='?' (DbType = Guid), @type='?' (Size = 255)], CommandType='Text', CommandTimeout='30']
      SELECT CASE
          WHEN EXISTS (
              SELECT 1
              FROM [Notifications] AS [n]
              WHERE [n].[TicketId] = @_8__locals1_ticket_Id AND [n].[UserId] = @_8__locals1_ticket_AssigneeId AND [n].[Type] = @type) THEN CAST(1 AS bit)
          ELSE CAST(0 AS bit)
      END
info: Microsoft.EntityFrameworkCore.Database.Command[20101]
      Executed DbCommand (1ms) [Parameters=[@_8__locals1_ticket_Id='?' (DbType = Guid), @_8__locals1_ticket_AssigneeId='?' (DbType = Guid), @type='?' (Size = 255)], CommandType='Text', CommandTimeout='30']
      SELECT CASE
          WHEN EXISTS (
              SELECT 1
              FROM [Notifications] AS [n]
              WHERE [n].[TicketId] = @_8__locals1_ticket_Id AND [n].[UserId] = @_8__locals1_ticket_AssigneeId AND [n].[Type] = @type) THEN CAST(1 AS bit)
          ELSE CAST(0 AS bit)
      END
info: Microsoft.EntityFrameworkCore.Database.Command[20101]
      Executed DbCommand (1ms) [Parameters=[@_8__locals1_ticket_Id='?' (DbType = Guid), @_8__locals1_ticket_AssigneeId='?' (DbType = Guid), @type='?' (Size = 255)], CommandType='Text', CommandTimeout='30']
      SELECT CASE
          WHEN EXISTS (
              SELECT 1
              FROM [Notifications] AS [n]
              WHERE [n].[TicketId] = @_8__locals1_ticket_Id AND [n].[UserId] = @_8__locals1_ticket_AssigneeId AND [n].[Type] = @type) THEN CAST(1 AS bit)
          ELSE CAST(0 AS bit)
      END
info: Microsoft.EntityFrameworkCore.Database.Command[20101]
      Executed DbCommand (2ms) [Parameters=[@_8__locals1_ticket_Id='?' (DbType = Guid), @_8__locals1_ticket_AssigneeId='?' (DbType = Guid), @type='?' (Size = 255)], CommandType='Text', CommandTimeout='30']
      SELECT CASE
          WHEN EXISTS (
              SELECT 1
              FROM [Notifications] AS [n]
              WHERE [n].[TicketId] = @_8__locals1_ticket_Id AND [n].[UserId] = @_8__locals1_ticket_AssigneeId AND [n].[Type] = @type) THEN CAST(1 AS bit)
          ELSE CAST(0 AS bit)
      END
info: Microsoft.EntityFrameworkCore.Database.Command[20101]
      Executed DbCommand (2ms) [Parameters=[@_8__locals1_ticket_Id='?' (DbType = Guid), @_8__locals1_ticket_AssigneeId='?' (DbType = Guid), @type='?' (Size = 255)], CommandType='Text', CommandTimeout='30']
      SELECT CASE
          WHEN EXISTS (
              SELECT 1
              FROM [Notifications] AS [n]
              WHERE [n].[TicketId] = @_8__locals1_ticket_Id AND [n].[UserId] = @_8__locals1_ticket_AssigneeId AND [n].[Type] = @type) THEN CAST(1 AS bit)
          ELSE CAST(0 AS bit)
      END
warn: Microsoft.AspNetCore.Server.Kestrel[22]
      As of "07/31/2026 19:07:37 +00:00", the heartbeat has been running for "00:00:02.3393215" which is longer than "00:00:01". This could be caused by thread pool starvation.
info: Microsoft.EntityFrameworkCore.Database.Command[20101]
      Executed DbCommand (72ms) [Parameters=[@warningCutoff='?' (DbType = DateTime2)], CommandType='Text', CommandTimeout='30']
      SELECT [t].[Id], [t].[AiSuggestedRoute], [t].[ApplicantFirstName], [t].[ApplicantId], [t].[ApplicantLastName], [t].[Application], [t].[AssigneeId], [t].[ClosingDate], [t].[CreatedAtUtc], [t].[Description], [t].[DomainId], [t].[EcrNumber], [t].[EnglishAccepted], [t].[JiraLink], [t].[LastSyncDate], [t].[Level], [t].[ModuleId], [t].[PartNumber], [t].[Priority], [t].[ReactivityDuration], [t].[ReferenceKZ], [t].[ReferenceSTLA], [t].[ResolvedAtUtc], [t].[SiteId], [t].[SlaDeadlineUtc], [t].[SourceSystemId], [t].[Status], [t].[SubModule], [t].[Summary], [t].[Title]
      FROM [Tickets] AS [t]
      WHERE [t].[AssigneeId] IS NOT NULL AND [t].[Status] IN (1, 2) AND [t].[SlaDeadlineUtc] <= @warningCutoff
info: Microsoft.EntityFrameworkCore.Database.Command[20101]
      Executed DbCommand (13ms) [Parameters=[@_8__locals1_ticket_Id='?' (DbType = Guid), @_8__locals1_ticket_AssigneeId='?' (DbType = Guid), @type='?' (Size = 255)], CommandType='Text', CommandTimeout='30']
      SELECT CASE
          WHEN EXISTS (
              SELECT 1
              FROM [Notifications] AS [n]
              WHERE [n].[TicketId] = @_8__locals1_ticket_Id AND [n].[UserId] = @_8__locals1_ticket_AssigneeId AND [n].[Type] = @type) THEN CAST(1 AS bit)
          ELSE CAST(0 AS bit)
      END
info: Microsoft.EntityFrameworkCore.Database.Command[20101]
      Executed DbCommand (0ms) [Parameters=[@_8__locals1_ticket_Id='?' (DbType = Guid), @_8__locals1_ticket_AssigneeId='?' (DbType = Guid), @type='?' (Size = 255)], CommandType='Text', CommandTimeout='30']
      SELECT CASE
          WHEN EXISTS (
              SELECT 1
              FROM [Notifications] AS [n]
              WHERE [n].[TicketId] = @_8__locals1_ticket_Id AND [n].[UserId] = @_8__locals1_ticket_AssigneeId AND [n].[Type] = @type) THEN CAST(1 AS bit)
          ELSE CAST(0 AS bit)
      END
info: Microsoft.EntityFrameworkCore.Database.Command[20101]
      Executed DbCommand (0ms) [Parameters=[@_8__locals1_ticket_Id='?' (DbType = Guid), @_8__locals1_ticket_AssigneeId='?' (DbType = Guid), @type='?' (Size = 255)], CommandType='Text', CommandTimeout='30']
      SELECT CASE
          WHEN EXISTS (
              SELECT 1
              FROM [Notifications] AS [n]
              WHERE [n].[TicketId] = @_8__locals1_ticket_Id AND [n].[UserId] = @_8__locals1_ticket_AssigneeId AND [n].[Type] = @type) THEN CAST(1 AS bit)
          ELSE CAST(0 AS bit)
      END
info: Microsoft.EntityFrameworkCore.Database.Command[20101]
      Executed DbCommand (0ms) [Parameters=[@_8__locals1_ticket_Id='?' (DbType = Guid), @_8__locals1_ticket_AssigneeId='?' (DbType = Guid), @type='?' (Size = 255)], CommandType='Text', CommandTimeout='30']
      SELECT CASE
          WHEN EXISTS (
              SELECT 1
              FROM [Notifications] AS [n]
              WHERE [n].[TicketId] = @_8__locals1_ticket_Id AND [n].[UserId] = @_8__locals1_ticket_AssigneeId AND [n].[Type] = @type) THEN CAST(1 AS bit)
          ELSE CAST(0 AS bit)
      END
info: Microsoft.EntityFrameworkCore.Database.Command[20101]
      Executed DbCommand (0ms) [Parameters=[@_8__locals1_ticket_Id='?' (DbType = Guid), @_8__locals1_ticket_AssigneeId='?' (DbType = Guid), @type='?' (Size = 255)], CommandType='Text', CommandTimeout='30']
      SELECT CASE
          WHEN EXISTS (
              SELECT 1
              FROM [Notifications] AS [n]
              WHERE [n].[TicketId] = @_8__locals1_ticket_Id AND [n].[UserId] = @_8__locals1_ticket_AssigneeId AND [n].[Type] = @type) THEN CAST(1 AS bit)
          ELSE CAST(0 AS bit)
      END
info: Microsoft.EntityFrameworkCore.Database.Command[20101]
      Executed DbCommand (0ms) [Parameters=[@_8__locals1_ticket_Id='?' (DbType = Guid), @_8__locals1_ticket_AssigneeId='?' (DbType = Guid), @type='?' (Size = 255)], CommandType='Text', CommandTimeout='30']
      SELECT CASE
          WHEN EXISTS (
              SELECT 1
              FROM [Notifications] AS [n]
              WHERE [n].[TicketId] = @_8__locals1_ticket_Id AND [n].[UserId] = @_8__locals1_ticket_AssigneeId AND [n].[Type] = @type) THEN CAST(1 AS bit)
          ELSE CAST(0 AS bit)
      END
info: Microsoft.EntityFrameworkCore.Database.Command[20101]
      Executed DbCommand (0ms) [Parameters=[@_8__locals1_ticket_Id='?' (DbType = Guid), @_8__locals1_ticket_AssigneeId='?' (DbType = Guid), @type='?' (Size = 255)], CommandType='Text', CommandTimeout='30']
      SELECT CASE
          WHEN EXISTS (
              SELECT 1
              FROM [Notifications] AS [n]
              WHERE [n].[TicketId] = @_8__locals1_ticket_Id AND [n].[UserId] = @_8__locals1_ticket_AssigneeId AND [n].[Type] = @type) THEN CAST(1 AS bit)
          ELSE CAST(0 AS bit)
      END
info: Microsoft.EntityFrameworkCore.Database.Command[20101]
      Executed DbCommand (0ms) [Parameters=[@_8__locals1_ticket_Id='?' (DbType = Guid), @_8__locals1_ticket_AssigneeId='?' (DbType = Guid), @type='?' (Size = 255)], CommandType='Text', CommandTimeout='30']
      SELECT CASE
          WHEN EXISTS (
              SELECT 1
              FROM [Notifications] AS [n]
              WHERE [n].[TicketId] = @_8__locals1_ticket_Id AND [n].[UserId] = @_8__locals1_ticket_AssigneeId AND [n].[Type] = @type) THEN CAST(1 AS bit)
          ELSE CAST(0 AS bit)
      END
info: Microsoft.EntityFrameworkCore.Database.Command[20101]
      Executed DbCommand (0ms) [Parameters=[@_8__locals1_ticket_Id='?' (DbType = Guid), @_8__locals1_ticket_AssigneeId='?' (DbType = Guid), @type='?' (Size = 255)], CommandType='Text', CommandTimeout='30']
      SELECT CASE
          WHEN EXISTS (
              SELECT 1
              FROM [Notifications] AS [n]
              WHERE [n].[TicketId] = @_8__locals1_ticket_Id AND [n].[UserId] = @_8__locals1_ticket_AssigneeId AND [n].[Type] = @type) THEN CAST(1 AS bit)
          ELSE CAST(0 AS bit)
      END
info: Microsoft.EntityFrameworkCore.Database.Command[20101]
      Executed DbCommand (0ms) [Parameters=[@_8__locals1_ticket_Id='?' (DbType = Guid), @_8__locals1_ticket_AssigneeId='?' (DbType = Guid), @type='?' (Size = 255)], CommandType='Text', CommandTimeout='30']
      SELECT CASE
          WHEN EXISTS (
              SELECT 1
              FROM [Notifications] AS [n]
              WHERE [n].[TicketId] = @_8__locals1_ticket_Id AND [n].[UserId] = @_8__locals1_ticket_AssigneeId AND [n].[Type] = @type) THEN CAST(1 AS bit)
          ELSE CAST(0 AS bit)
      END
info: Microsoft.EntityFrameworkCore.Database.Command[20101]
      Executed DbCommand (0ms) [Parameters=[@_8__locals1_ticket_Id='?' (DbType = Guid), @_8__locals1_ticket_AssigneeId='?' (DbType = Guid), @type='?' (Size = 255)], CommandType='Text', CommandTimeout='30']
      SELECT CASE
          WHEN EXISTS (
              SELECT 1
              FROM [Notifications] AS [n]
              WHERE [n].[TicketId] = @_8__locals1_ticket_Id AND [n].[UserId] = @_8__locals1_ticket_AssigneeId AND [n].[Type] = @type) THEN CAST(1 AS bit)
          ELSE CAST(0 AS bit)
      END
info: Microsoft.EntityFrameworkCore.Database.Command[20101]
      Executed DbCommand (0ms) [Parameters=[@_8__locals1_ticket_Id='?' (DbType = Guid), @_8__locals1_ticket_AssigneeId='?' (DbType = Guid), @type='?' (Size = 255)], CommandType='Text', CommandTimeout='30']
      SELECT CASE
          WHEN EXISTS (
              SELECT 1
              FROM [Notifications] AS [n]
              WHERE [n].[TicketId] = @_8__locals1_ticket_Id AND [n].[UserId] = @_8__locals1_ticket_AssigneeId AND [n].[Type] = @type) THEN CAST(1 AS bit)
          ELSE CAST(0 AS bit)
      END
info: Microsoft.EntityFrameworkCore.Database.Command[20101]
      Executed DbCommand (0ms) [Parameters=[@_8__locals1_ticket_Id='?' (DbType = Guid), @_8__locals1_ticket_AssigneeId='?' (DbType = Guid), @type='?' (Size = 255)], CommandType='Text', CommandTimeout='30']
      SELECT CASE
          WHEN EXISTS (
              SELECT 1
              FROM [Notifications] AS [n]
              WHERE [n].[TicketId] = @_8__locals1_ticket_Id AND [n].[UserId] = @_8__locals1_ticket_AssigneeId AND [n].[Type] = @type) THEN CAST(1 AS bit)
          ELSE CAST(0 AS bit)
      END
info: Microsoft.EntityFrameworkCore.Database.Command[20101]
      Executed DbCommand (0ms) [Parameters=[@_8__locals1_ticket_Id='?' (DbType = Guid), @_8__locals1_ticket_AssigneeId='?' (DbType = Guid), @type='?' (Size = 255)], CommandType='Text', CommandTimeout='30']
      SELECT CASE
          WHEN EXISTS (
              SELECT 1
              FROM [Notifications] AS [n]
              WHERE [n].[TicketId] = @_8__locals1_ticket_Id AND [n].[UserId] = @_8__locals1_ticket_AssigneeId AND [n].[Type] = @type) THEN CAST(1 AS bit)
          ELSE CAST(0 AS bit)
      END
info: Microsoft.EntityFrameworkCore.Database.Command[20101]
      Executed DbCommand (0ms) [Parameters=[@_8__locals1_ticket_Id='?' (DbType = Guid), @_8__locals1_ticket_AssigneeId='?' (DbType = Guid), @type='?' (Size = 255)], CommandType='Text', CommandTimeout='30']
      SELECT CASE
          WHEN EXISTS (
              SELECT 1
              FROM [Notifications] AS [n]
              WHERE [n].[TicketId] = @_8__locals1_ticket_Id AND [n].[UserId] = @_8__locals1_ticket_AssigneeId AND [n].[Type] = @type) THEN CAST(1 AS bit)
          ELSE CAST(0 AS bit)
      END
info: Microsoft.EntityFrameworkCore.Database.Command[20101]
      Executed DbCommand (0ms) [Parameters=[@_8__locals1_ticket_Id='?' (DbType = Guid), @_8__locals1_ticket_AssigneeId='?' (DbType = Guid), @type='?' (Size = 255)], CommandType='Text', CommandTimeout='30']
      SELECT CASE
          WHEN EXISTS (
              SELECT 1
              FROM [Notifications] AS [n]
              WHERE [n].[TicketId] = @_8__locals1_ticket_Id AND [n].[UserId] = @_8__locals1_ticket_AssigneeId AND [n].[Type] = @type) THEN CAST(1 AS bit)
          ELSE CAST(0 AS bit)
      END
info: Microsoft.EntityFrameworkCore.Database.Command[20101]
      Executed DbCommand (0ms) [Parameters=[@_8__locals1_ticket_Id='?' (DbType = Guid), @_8__locals1_ticket_AssigneeId='?' (DbType = Guid), @type='?' (Size = 255)], CommandType='Text', CommandTimeout='30']
      SELECT CASE
          WHEN EXISTS (
              SELECT 1
              FROM [Notifications] AS [n]
              WHERE [n].[TicketId] = @_8__locals1_ticket_Id AND [n].[UserId] = @_8__locals1_ticket_AssigneeId AND [n].[Type] = @type) THEN CAST(1 AS bit)
          ELSE CAST(0 AS bit)
      END
info: Microsoft.EntityFrameworkCore.Database.Command[20101]
      Executed DbCommand (0ms) [Parameters=[@_8__locals1_ticket_Id='?' (DbType = Guid), @_8__locals1_ticket_AssigneeId='?' (DbType = Guid), @type='?' (Size = 255)], CommandType='Text', CommandTimeout='30']
      SELECT CASE
          WHEN EXISTS (
              SELECT 1
              FROM [Notifications] AS [n]
              WHERE [n].[TicketId] = @_8__locals1_ticket_Id AND [n].[UserId] = @_8__locals1_ticket_AssigneeId AND [n].[Type] = @type) THEN CAST(1 AS bit)
          ELSE CAST(0 AS bit)
      END
info: Microsoft.EntityFrameworkCore.Database.Command[20101]
      Executed DbCommand (0ms) [Parameters=[@_8__locals1_ticket_Id='?' (DbType = Guid), @_8__locals1_ticket_AssigneeId='?' (DbType = Guid), @type='?' (Size = 255)], CommandType='Text', CommandTimeout='30']
      SELECT CASE
          WHEN EXISTS (
              SELECT 1
              FROM [Notifications] AS [n]
              WHERE [n].[TicketId] = @_8__locals1_ticket_Id AND [n].[UserId] = @_8__locals1_ticket_AssigneeId AND [n].[Type] = @type) THEN CAST(1 AS bit)
          ELSE CAST(0 AS bit)
      END
info: Microsoft.EntityFrameworkCore.Database.Command[20101]
      Executed DbCommand (0ms) [Parameters=[@_8__locals1_ticket_Id='?' (DbType = Guid), @_8__locals1_ticket_AssigneeId='?' (DbType = Guid), @type='?' (Size = 255)], CommandType='Text', CommandTimeout='30']
      SELECT CASE
          WHEN EXISTS (
              SELECT 1
              FROM [Notifications] AS [n]
              WHERE [n].[TicketId] = @_8__locals1_ticket_Id AND [n].[UserId] = @_8__locals1_ticket_AssigneeId AND [n].[Type] = @type) THEN CAST(1 AS bit)
          ELSE CAST(0 AS bit)
      END
info: Microsoft.EntityFrameworkCore.Database.Command[20101]
      Executed DbCommand (0ms) [Parameters=[@_8__locals1_ticket_Id='?' (DbType = Guid), @_8__locals1_ticket_AssigneeId='?' (DbType = Guid), @type='?' (Size = 255)], CommandType='Text', CommandTimeout='30']
      SELECT CASE
          WHEN EXISTS (
              SELECT 1
              FROM [Notifications] AS [n]
              WHERE [n].[TicketId] = @_8__locals1_ticket_Id AND [n].[UserId] = @_8__locals1_ticket_AssigneeId AND [n].[Type] = @type) THEN CAST(1 AS bit)
          ELSE CAST(0 AS bit)
      END
info: Microsoft.EntityFrameworkCore.Database.Command[20101]
      Executed DbCommand (0ms) [Parameters=[@_8__locals1_ticket_Id='?' (DbType = Guid), @_8__locals1_ticket_AssigneeId='?' (DbType = Guid), @type='?' (Size = 255)], CommandType='Text', CommandTimeout='30']
      SELECT CASE
          WHEN EXISTS (
              SELECT 1
              FROM [Notifications] AS [n]
              WHERE [n].[TicketId] = @_8__locals1_ticket_Id AND [n].[UserId] = @_8__locals1_ticket_AssigneeId AND [n].[Type] = @type) THEN CAST(1 AS bit)
          ELSE CAST(0 AS bit)
      END
info: Microsoft.EntityFrameworkCore.Database.Command[20101]
      Executed DbCommand (0ms) [Parameters=[@_8__locals1_ticket_Id='?' (DbType = Guid), @_8__locals1_ticket_AssigneeId='?' (DbType = Guid), @type='?' (Size = 255)], CommandType='Text', CommandTimeout='30']
      SELECT CASE
          WHEN EXISTS (
              SELECT 1
              FROM [Notifications] AS [n]
              WHERE [n].[TicketId] = @_8__locals1_ticket_Id AND [n].[UserId] = @_8__locals1_ticket_AssigneeId AND [n].[Type] = @type) THEN CAST(1 AS bit)
          ELSE CAST(0 AS bit)
      END
info: Microsoft.EntityFrameworkCore.Database.Command[20101]
      Executed DbCommand (114ms) [Parameters=[@warningCutoff='?' (DbType = DateTime2)], CommandType='Text', CommandTimeout='30']
      SELECT [t].[Id], [t].[AiSuggestedRoute], [t].[ApplicantFirstName], [t].[ApplicantId], [t].[ApplicantLastName], [t].[Application], [t].[AssigneeId], [t].[ClosingDate], [t].[CreatedAtUtc], [t].[Description], [t].[DomainId], [t].[EcrNumber], [t].[EnglishAccepted], [t].[JiraLink], [t].[LastSyncDate], [t].[Level], [t].[ModuleId], [t].[PartNumber], [t].[Priority], [t].[ReactivityDuration], [t].[ReferenceKZ], [t].[ReferenceSTLA], [t].[ResolvedAtUtc], [t].[SiteId], [t].[SlaDeadlineUtc], [t].[SourceSystemId], [t].[Status], [t].[SubModule], [t].[Summary], [t].[Title]
      FROM [Tickets] AS [t]
      WHERE [t].[AssigneeId] IS NOT NULL AND [t].[Status] IN (1, 2) AND [t].[SlaDeadlineUtc] <= @warningCutoff
info: Microsoft.EntityFrameworkCore.Database.Command[20101]
      Executed DbCommand (16ms) [Parameters=[@_8__locals1_ticket_Id='?' (DbType = Guid), @_8__locals1_ticket_AssigneeId='?' (DbType = Guid), @type='?' (Size = 255)], CommandType='Text', CommandTimeout='30']
      SELECT CASE
          WHEN EXISTS (
              SELECT 1
              FROM [Notifications] AS [n]
              WHERE [n].[TicketId] = @_8__locals1_ticket_Id AND [n].[UserId] = @_8__locals1_ticket_AssigneeId AND [n].[Type] = @type) THEN CAST(1 AS bit)
          ELSE CAST(0 AS bit)
      END
info: Microsoft.EntityFrameworkCore.Database.Command[20101]
      Executed DbCommand (1ms) [Parameters=[@_8__locals1_ticket_Id='?' (DbType = Guid), @_8__locals1_ticket_AssigneeId='?' (DbType = Guid), @type='?' (Size = 255)], CommandType='Text', CommandTimeout='30']
      SELECT CASE
          WHEN EXISTS (
              SELECT 1
              FROM [Notifications] AS [n]
              WHERE [n].[TicketId] = @_8__locals1_ticket_Id AND [n].[UserId] = @_8__locals1_ticket_AssigneeId AND [n].[Type] = @type) THEN CAST(1 AS bit)
          ELSE CAST(0 AS bit)
      END
info: Microsoft.EntityFrameworkCore.Database.Command[20101]
      Executed DbCommand (0ms) [Parameters=[@_8__locals1_ticket_Id='?' (DbType = Guid), @_8__locals1_ticket_AssigneeId='?' (DbType = Guid), @type='?' (Size = 255)], CommandType='Text', CommandTimeout='30']
      SELECT CASE
          WHEN EXISTS (
              SELECT 1
              FROM [Notifications] AS [n]
              WHERE [n].[TicketId] = @_8__locals1_ticket_Id AND [n].[UserId] = @_8__locals1_ticket_AssigneeId AND [n].[Type] = @type) THEN CAST(1 AS bit)
          ELSE CAST(0 AS bit)
      END
info: Microsoft.EntityFrameworkCore.Database.Command[20101]
      Executed DbCommand (0ms) [Parameters=[@_8__locals1_ticket_Id='?' (DbType = Guid), @_8__locals1_ticket_AssigneeId='?' (DbType = Guid), @type='?' (Size = 255)], CommandType='Text', CommandTimeout='30']
      SELECT CASE
          WHEN EXISTS (
              SELECT 1
              FROM [Notifications] AS [n]
              WHERE [n].[TicketId] = @_8__locals1_ticket_Id AND [n].[UserId] = @_8__locals1_ticket_AssigneeId AND [n].[Type] = @type) THEN CAST(1 AS bit)
          ELSE CAST(0 AS bit)
      END
info: Microsoft.EntityFrameworkCore.Database.Command[20101]
      Executed DbCommand (0ms) [Parameters=[@_8__locals1_ticket_Id='?' (DbType = Guid), @_8__locals1_ticket_AssigneeId='?' (DbType = Guid), @type='?' (Size = 255)], CommandType='Text', CommandTimeout='30']
      SELECT CASE
          WHEN EXISTS (
              SELECT 1
              FROM [Notifications] AS [n]
              WHERE [n].[TicketId] = @_8__locals1_ticket_Id AND [n].[UserId] = @_8__locals1_ticket_AssigneeId AND [n].[Type] = @type) THEN CAST(1 AS bit)
          ELSE CAST(0 AS bit)
      END
info: Microsoft.EntityFrameworkCore.Database.Command[20101]
      Executed DbCommand (0ms) [Parameters=[@_8__locals1_ticket_Id='?' (DbType = Guid), @_8__locals1_ticket_AssigneeId='?' (DbType = Guid), @type='?' (Size = 255)], CommandType='Text', CommandTimeout='30']
      SELECT CASE
          WHEN EXISTS (
              SELECT 1
              FROM [Notifications] AS [n]
              WHERE [n].[TicketId] = @_8__locals1_ticket_Id AND [n].[UserId] = @_8__locals1_ticket_AssigneeId AND [n].[Type] = @type) THEN CAST(1 AS bit)
          ELSE CAST(0 AS bit)
      END
info: Microsoft.EntityFrameworkCore.Database.Command[20101]
      Executed DbCommand (0ms) [Parameters=[@_8__locals1_ticket_Id='?' (DbType = Guid), @_8__locals1_ticket_AssigneeId='?' (DbType = Guid), @type='?' (Size = 255)], CommandType='Text', CommandTimeout='30']
      SELECT CASE
          WHEN EXISTS (
              SELECT 1
              FROM [Notifications] AS [n]
              WHERE [n].[TicketId] = @_8__locals1_ticket_Id AND [n].[UserId] = @_8__locals1_ticket_AssigneeId AND [n].[Type] = @type) THEN CAST(1 AS bit)
          ELSE CAST(0 AS bit)
      END
info: Microsoft.EntityFrameworkCore.Database.Command[20101]
      Executed DbCommand (0ms) [Parameters=[@_8__locals1_ticket_Id='?' (DbType = Guid), @_8__locals1_ticket_AssigneeId='?' (DbType = Guid), @type='?' (Size = 255)], CommandType='Text', CommandTimeout='30']
      SELECT CASE
          WHEN EXISTS (
              SELECT 1
              FROM [Notifications] AS [n]
              WHERE [n].[TicketId] = @_8__locals1_ticket_Id AND [n].[UserId] = @_8__locals1_ticket_AssigneeId AND [n].[Type] = @type) THEN CAST(1 AS bit)
          ELSE CAST(0 AS bit)
      END
info: Microsoft.EntityFrameworkCore.Database.Command[20101]
      Executed DbCommand (0ms) [Parameters=[@_8__locals1_ticket_Id='?' (DbType = Guid), @_8__locals1_ticket_AssigneeId='?' (DbType = Guid), @type='?' (Size = 255)], CommandType='Text', CommandTimeout='30']
      SELECT CASE
          WHEN EXISTS (
              SELECT 1
              FROM [Notifications] AS [n]
              WHERE [n].[TicketId] = @_8__locals1_ticket_Id AND [n].[UserId] = @_8__locals1_ticket_AssigneeId AND [n].[Type] = @type) THEN CAST(1 AS bit)
          ELSE CAST(0 AS bit)
      END
info: Microsoft.EntityFrameworkCore.Database.Command[20101]
      Executed DbCommand (0ms) [Parameters=[@_8__locals1_ticket_Id='?' (DbType = Guid), @_8__locals1_ticket_AssigneeId='?' (DbType = Guid), @type='?' (Size = 255)], CommandType='Text', CommandTimeout='30']
      SELECT CASE
          WHEN EXISTS (
              SELECT 1
              FROM [Notifications] AS [n]
              WHERE [n].[TicketId] = @_8__locals1_ticket_Id AND [n].[UserId] = @_8__locals1_ticket_AssigneeId AND [n].[Type] = @type) THEN CAST(1 AS bit)
          ELSE CAST(0 AS bit)
      END
info: Microsoft.EntityFrameworkCore.Database.Command[20101]
      Executed DbCommand (0ms) [Parameters=[@_8__locals1_ticket_Id='?' (DbType = Guid), @_8__locals1_ticket_AssigneeId='?' (DbType = Guid), @type='?' (Size = 255)], CommandType='Text', CommandTimeout='30']
      SELECT CASE
          WHEN EXISTS (
              SELECT 1
              FROM [Notifications] AS [n]
              WHERE [n].[TicketId] = @_8__locals1_ticket_Id AND [n].[UserId] = @_8__locals1_ticket_AssigneeId AND [n].[Type] = @type) THEN CAST(1 AS bit)
          ELSE CAST(0 AS bit)
      END
info: Microsoft.EntityFrameworkCore.Database.Command[20101]
      Executed DbCommand (0ms) [Parameters=[@_8__locals1_ticket_Id='?' (DbType = Guid), @_8__locals1_ticket_AssigneeId='?' (DbType = Guid), @type='?' (Size = 255)], CommandType='Text', CommandTimeout='30']
      SELECT CASE
          WHEN EXISTS (
              SELECT 1
              FROM [Notifications] AS [n]
              WHERE [n].[TicketId] = @_8__locals1_ticket_Id AND [n].[UserId] = @_8__locals1_ticket_AssigneeId AND [n].[Type] = @type) THEN CAST(1 AS bit)
          ELSE CAST(0 AS bit)
      END
info: Microsoft.EntityFrameworkCore.Database.Command[20101]
      Executed DbCommand (0ms) [Parameters=[@_8__locals1_ticket_Id='?' (DbType = Guid), @_8__locals1_ticket_AssigneeId='?' (DbType = Guid), @type='?' (Size = 255)], CommandType='Text', CommandTimeout='30']
      SELECT CASE
          WHEN EXISTS (
              SELECT 1
              FROM [Notifications] AS [n]
              WHERE [n].[TicketId] = @_8__locals1_ticket_Id AND [n].[UserId] = @_8__locals1_ticket_AssigneeId AND [n].[Type] = @type) THEN CAST(1 AS bit)
          ELSE CAST(0 AS bit)
      END
info: Microsoft.EntityFrameworkCore.Database.Command[20101]
      Executed DbCommand (0ms) [Parameters=[@_8__locals1_ticket_Id='?' (DbType = Guid), @_8__locals1_ticket_AssigneeId='?' (DbType = Guid), @type='?' (Size = 255)], CommandType='Text', CommandTimeout='30']
      SELECT CASE
          WHEN EXISTS (
              SELECT 1
              FROM [Notifications] AS [n]
              WHERE [n].[TicketId] = @_8__locals1_ticket_Id AND [n].[UserId] = @_8__locals1_ticket_AssigneeId AND [n].[Type] = @type) THEN CAST(1 AS bit)
          ELSE CAST(0 AS bit)
      END
info: Microsoft.EntityFrameworkCore.Database.Command[20101]
      Executed DbCommand (0ms) [Parameters=[@_8__locals1_ticket_Id='?' (DbType = Guid), @_8__locals1_ticket_AssigneeId='?' (DbType = Guid), @type='?' (Size = 255)], CommandType='Text', CommandTimeout='30']
      SELECT CASE
          WHEN EXISTS (
              SELECT 1
              FROM [Notifications] AS [n]
              WHERE [n].[TicketId] = @_8__locals1_ticket_Id AND [n].[UserId] = @_8__locals1_ticket_AssigneeId AND [n].[Type] = @type) THEN CAST(1 AS bit)
          ELSE CAST(0 AS bit)
      END
info: Microsoft.EntityFrameworkCore.Database.Command[20101]
      Executed DbCommand (0ms) [Parameters=[@_8__locals1_ticket_Id='?' (DbType = Guid), @_8__locals1_ticket_AssigneeId='?' (DbType = Guid), @type='?' (Size = 255)], CommandType='Text', CommandTimeout='30']
      SELECT CASE
          WHEN EXISTS (
              SELECT 1
              FROM [Notifications] AS [n]
              WHERE [n].[TicketId] = @_8__locals1_ticket_Id AND [n].[UserId] = @_8__locals1_ticket_AssigneeId AND [n].[Type] = @type) THEN CAST(1 AS bit)
          ELSE CAST(0 AS bit)
      END
info: Microsoft.EntityFrameworkCore.Database.Command[20101]
      Executed DbCommand (0ms) [Parameters=[@_8__locals1_ticket_Id='?' (DbType = Guid), @_8__locals1_ticket_AssigneeId='?' (DbType = Guid), @type='?' (Size = 255)], CommandType='Text', CommandTimeout='30']
      SELECT CASE
          WHEN EXISTS (
              SELECT 1
              FROM [Notifications] AS [n]
              WHERE [n].[TicketId] = @_8__locals1_ticket_Id AND [n].[UserId] = @_8__locals1_ticket_AssigneeId AND [n].[Type] = @type) THEN CAST(1 AS bit)
          ELSE CAST(0 AS bit)
      END
info: Microsoft.EntityFrameworkCore.Database.Command[20101]
      Executed DbCommand (0ms) [Parameters=[@_8__locals1_ticket_Id='?' (DbType = Guid), @_8__locals1_ticket_AssigneeId='?' (DbType = Guid), @type='?' (Size = 255)], CommandType='Text', CommandTimeout='30']
      SELECT CASE
          WHEN EXISTS (
              SELECT 1
              FROM [Notifications] AS [n]
              WHERE [n].[TicketId] = @_8__locals1_ticket_Id AND [n].[UserId] = @_8__locals1_ticket_AssigneeId AND [n].[Type] = @type) THEN CAST(1 AS bit)
          ELSE CAST(0 AS bit)
      END
info: Microsoft.EntityFrameworkCore.Database.Command[20101]
      Executed DbCommand (0ms) [Parameters=[@_8__locals1_ticket_Id='?' (DbType = Guid), @_8__locals1_ticket_AssigneeId='?' (DbType = Guid), @type='?' (Size = 255)], CommandType='Text', CommandTimeout='30']
      SELECT CASE
          WHEN EXISTS (
              SELECT 1
              FROM [Notifications] AS [n]
              WHERE [n].[TicketId] = @_8__locals1_ticket_Id AND [n].[UserId] = @_8__locals1_ticket_AssigneeId AND [n].[Type] = @type) THEN CAST(1 AS bit)
          ELSE CAST(0 AS bit)
      END
info: Microsoft.EntityFrameworkCore.Database.Command[20101]
      Executed DbCommand (0ms) [Parameters=[@_8__locals1_ticket_Id='?' (DbType = Guid), @_8__locals1_ticket_AssigneeId='?' (DbType = Guid), @type='?' (Size = 255)], CommandType='Text', CommandTimeout='30']
      SELECT CASE
          WHEN EXISTS (
              SELECT 1
              FROM [Notifications] AS [n]
              WHERE [n].[TicketId] = @_8__locals1_ticket_Id AND [n].[UserId] = @_8__locals1_ticket_AssigneeId AND [n].[Type] = @type) THEN CAST(1 AS bit)
          ELSE CAST(0 AS bit)
      END
info: Microsoft.EntityFrameworkCore.Database.Command[20101]
      Executed DbCommand (0ms) [Parameters=[@_8__locals1_ticket_Id='?' (DbType = Guid), @_8__locals1_ticket_AssigneeId='?' (DbType = Guid), @type='?' (Size = 255)], CommandType='Text', CommandTimeout='30']
      SELECT CASE
          WHEN EXISTS (
              SELECT 1
              FROM [Notifications] AS [n]
              WHERE [n].[TicketId] = @_8__locals1_ticket_Id AND [n].[UserId] = @_8__locals1_ticket_AssigneeId AND [n].[Type] = @type) THEN CAST(1 AS bit)
          ELSE CAST(0 AS bit)
      END
info: Microsoft.EntityFrameworkCore.Database.Command[20101]
      Executed DbCommand (0ms) [Parameters=[@_8__locals1_ticket_Id='?' (DbType = Guid), @_8__locals1_ticket_AssigneeId='?' (DbType = Guid), @type='?' (Size = 255)], CommandType='Text', CommandTimeout='30']
      SELECT CASE
          WHEN EXISTS (
              SELECT 1
              FROM [Notifications] AS [n]
              WHERE [n].[TicketId] = @_8__locals1_ticket_Id AND [n].[UserId] = @_8__locals1_ticket_AssigneeId AND [n].[Type] = @type) THEN CAST(1 AS bit)
          ELSE CAST(0 AS bit)
      END
info: Microsoft.EntityFrameworkCore.Database.Command[20101]
      Executed DbCommand (0ms) [Parameters=[@_8__locals1_ticket_Id='?' (DbType = Guid), @_8__locals1_ticket_AssigneeId='?' (DbType = Guid), @type='?' (Size = 255)], CommandType='Text', CommandTimeout='30']
      SELECT CASE
          WHEN EXISTS (
              SELECT 1
              FROM [Notifications] AS [n]
              WHERE [n].[TicketId] = @_8__locals1_ticket_Id AND [n].[UserId] = @_8__locals1_ticket_AssigneeId AND [n].[Type] = @type) THEN CAST(1 AS bit)
          ELSE CAST(0 AS bit)
      END
info: Microsoft.EntityFrameworkCore.Database.Command[20101]
      Executed DbCommand (172ms) [Parameters=[@normalizedEmail='?' (Size = 256)], CommandType='Text', CommandTimeout='30']
      SELECT TOP(2) [a].[Id], [a].[AccessFailedCount], [a].[AltenId], [a].[Availability], [a].[AvatarColor], [a].[ConcurrencyStamp], [a].[CreatedAt], [a].[Email], [a].[EmailConfirmed], [a].[EmailStellantis], [a].[FirstName], [a].[IdStellantis], [a].[Languages], [a].[LastName], [a].[LockoutEnabled], [a].[LockoutEnd], [a].[MustChangePassword], [a].[NormalizedEmail], [a].[NormalizedUserName], [a].[PasswordHash], [a].[PasswordResetCode], [a].[PasswordResetCodeExpiresAtUtc], [a].[PhoneNumber], [a].[PhoneNumberConfirmed], [a].[ProfilePhotoUrl], [a].[Role], [a].[SecurityStamp], [a].[Status], [a].[TeamId], [a].[TwoFactorEnabled], [a].[UserName]
      FROM [AspNetUsers] AS [a]
      WHERE [a].[NormalizedEmail] = @normalizedEmail
info: Microsoft.EntityFrameworkCore.Database.Command[20101]
      Executed DbCommand (32ms) [Parameters=[@p0='?' (DbType = Guid), @p1='?' (DbType = DateTime2), @p2='?' (DbType = DateTime2), @p3='?' (DbType = DateTime2), @p4='?' (Size = 255), @p5='?' (DbType = Guid)], CommandType='Text', CommandTimeout='30']
      SET IMPLICIT_TRANSACTIONS OFF;
      SET NOCOUNT ON;
      INSERT INTO [RefreshTokens] ([Id], [CreatedAtUtc], [ExpiresAtUtc], [RevokedAtUtc], [Token], [UserId])
      VALUES (@p0, @p1, @p2, @p3, @p4, @p5);
info: Microsoft.EntityFrameworkCore.Database.Command[20101]
      Executed DbCommand (65ms) [Parameters=[@CurrentUserId='?' (DbType = Guid)], CommandType='Text', CommandTimeout='30']
      SELECT COUNT(*)
      FROM [Notifications] AS [n]
      WHERE [n].[UserId] = @CurrentUserId AND [n].[Read] = CAST(0 AS bit)
info: Microsoft.EntityFrameworkCore.Database.Command[20101]
      Executed DbCommand (20ms) [Parameters=[@userId='?' (DbType = Guid), @todayUtc='?' (DbType = DateTime2)], CommandType='Text', CommandTimeout='30']
      SELECT COUNT(*)
      FROM [Tickets] AS [t]
      WHERE [t].[AssigneeId] = @userId AND [t].[ResolvedAtUtc] IS NOT NULL AND CONVERT(date, [t].[ResolvedAtUtc]) = @todayUtc
info: Microsoft.EntityFrameworkCore.Database.Command[20101]
      Executed DbCommand (8ms) [Parameters=[], CommandType='Text', CommandTimeout='30']
      SELECT COUNT(*)
      FROM [Tickets] AS [t]
info: Microsoft.EntityFrameworkCore.Database.Command[20101]
      Executed DbCommand (8ms) [Parameters=[@userId='?' (DbType = Guid)], CommandType='Text', CommandTimeout='30']
      SELECT CAST(DATEDIFF(minute, [t].[CreatedAtUtc], [t].[ResolvedAtUtc]) AS float) / 60.0E0
      FROM [Tickets] AS [t]
      WHERE [t].[AssigneeId] = @userId AND [t].[ResolvedAtUtc] IS NOT NULL
info: Microsoft.EntityFrameworkCore.Database.Command[20101]
      Executed DbCommand (57ms) [Parameters=[], CommandType='Text', CommandTimeout='30']
      SELECT [t].[Id], [t].[AiSuggestedRoute], [t].[ApplicantFirstName], [t].[ApplicantId], [t].[ApplicantLastName], [t].[Application], [t].[AssigneeId], [t].[ClosingDate], [t].[CreatedAtUtc], [t].[Description], [t].[DomainId], [t].[EcrNumber], [t].[EnglishAccepted], [t].[JiraLink], [t].[LastSyncDate], [t].[Level], [t].[ModuleId], [t].[PartNumber], [t].[Priority], [t].[ReactivityDuration], [t].[ReferenceKZ], [t].[ReferenceSTLA], [t].[ResolvedAtUtc], [t].[SiteId], [t].[SlaDeadlineUtc], [t].[SourceSystemId], [t].[Status], [t].[SubModule], [t].[Summary], [t].[Title], [d].[Id], [d].[CreatedAtUtc], [d].[Description], [d].[Name], [s].[Id], [s].[ApiEndpoint], [s].[CreatedAtUtc], [s].[LastImportDate], [s].[Name]
      FROM [Tickets] AS [t]
      LEFT JOIN [Domains] AS [d] ON [t].[DomainId] = [d].[Id]
      INNER JOIN [SourceSystems] AS [s] ON [t].[SourceSystemId] = [s].[Id]
      WHERE [t].[Status] = 0 AND [t].[AssigneeId] IS NULL
      ORDER BY [t].[CreatedAtUtc] DESC
info: Microsoft.EntityFrameworkCore.Database.Command[20101]
      Executed DbCommand (61ms) [Parameters=[@userId='?' (DbType = Guid)], CommandType='Text', CommandTimeout='30']
      SELECT [t].[Id], [t].[AiSuggestedRoute], [t].[ApplicantFirstName], [t].[ApplicantId], [t].[ApplicantLastName], [t].[Application], [t].[AssigneeId], [t].[ClosingDate], [t].[CreatedAtUtc], [t].[Description], [t].[DomainId], [t].[EcrNumber], [t].[EnglishAccepted], [t].[JiraLink], [t].[LastSyncDate], [t].[Level], [t].[ModuleId], [t].[PartNumber], [t].[Priority], [t].[ReactivityDuration], [t].[ReferenceKZ], [t].[ReferenceSTLA], [t].[ResolvedAtUtc], [t].[SiteId], [t].[SlaDeadlineUtc], [t].[SourceSystemId], [t].[Status], [t].[SubModule], [t].[Summary], [t].[Title], [d].[Id], [d].[CreatedAtUtc], [d].[Description], [d].[Name], [s].[Id], [s].[ApiEndpoint], [s].[CreatedAtUtc], [s].[LastImportDate], [s].[Name]
      FROM [Tickets] AS [t]
      LEFT JOIN [Domains] AS [d] ON [t].[DomainId] = [d].[Id]
      INNER JOIN [SourceSystems] AS [s] ON [t].[SourceSystemId] = [s].[Id]
      WHERE [t].[AssigneeId] = @userId AND [t].[Status] NOT IN (4, 5)
      ORDER BY [t].[CreatedAtUtc] DESC
info: Microsoft.EntityFrameworkCore.Database.Command[20101]
      Executed DbCommand (19ms) [Parameters=[@p='?' (DbType = Int32), @p1='?' (DbType = Int32)], CommandType='Text', CommandTimeout='30']
      SELECT [t0].[Id], [t0].[AiSuggestedRoute], [t0].[ApplicantFirstName], [t0].[ApplicantId], [t0].[ApplicantLastName], [t0].[Application], [t0].[AssigneeId], [t0].[ClosingDate], [t0].[CreatedAtUtc], [t0].[Description], [t0].[DomainId], [t0].[EcrNumber], [t0].[EnglishAccepted], [t0].[JiraLink], [t0].[LastSyncDate], [t0].[Level], [t0].[ModuleId], [t0].[PartNumber], [t0].[Priority], [t0].[ReactivityDuration], [t0].[ReferenceKZ], [t0].[ReferenceSTLA], [t0].[ResolvedAtUtc], [t0].[SiteId], [t0].[SlaDeadlineUtc], [t0].[SourceSystemId], [t0].[Status], [t0].[SubModule], [t0].[Summary], [t0].[Title], [d].[Id], [d].[CreatedAtUtc], [d].[Description], [d].[Name], [s].[Id], [s].[ApiEndpoint], [s].[CreatedAtUtc], [s].[LastImportDate], [s].[Name]
      FROM (
          SELECT [t].[Id], [t].[AiSuggestedRoute], [t].[ApplicantFirstName], [t].[ApplicantId], [t].[ApplicantLastName], [t].[Application], [t].[AssigneeId], [t].[ClosingDate], [t].[CreatedAtUtc], [t].[Description], [t].[DomainId], [t].[EcrNumber], [t].[EnglishAccepted], [t].[JiraLink], [t].[LastSyncDate], [t].[Level], [t].[ModuleId], [t].[PartNumber], [t].[Priority], [t].[ReactivityDuration], [t].[ReferenceKZ], [t].[ReferenceSTLA], [t].[ResolvedAtUtc], [t].[SiteId], [t].[SlaDeadlineUtc], [t].[SourceSystemId], [t].[Status], [t].[SubModule], [t].[Summary], [t].[Title]
          FROM [Tickets] AS [t]
          ORDER BY [t].[CreatedAtUtc] DESC
          OFFSET @p ROWS FETCH NEXT @p1 ROWS ONLY
      ) AS [t0]
      LEFT JOIN [Domains] AS [d] ON [t0].[DomainId] = [d].[Id]
      INNER JOIN [SourceSystems] AS [s] ON [t0].[SourceSystemId] = [s].[Id]
      ORDER BY [t0].[CreatedAtUtc] DESC
info: Microsoft.EntityFrameworkCore.Database.Command[20101]
      Executed DbCommand (25ms) [Parameters=[@CurrentUserId='?' (DbType = Guid)], CommandType='Text', CommandTimeout='30']
      SELECT COUNT(*)
      FROM [Notifications] AS [n]
      WHERE [n].[UserId] = @CurrentUserId AND [n].[Read] = CAST(0 AS bit)
info: Microsoft.EntityFrameworkCore.Database.Command[20101]
      Executed DbCommand (29ms) [Parameters=[@userId='?' (DbType = Guid)], CommandType='Text', CommandTimeout='30']
      SELECT [t].[Id], [t].[AiSuggestedRoute], [t].[ApplicantFirstName], [t].[ApplicantId], [t].[ApplicantLastName], [t].[Application], [t].[AssigneeId], [t].[ClosingDate], [t].[CreatedAtUtc], [t].[Description], [t].[DomainId], [t].[EcrNumber], [t].[EnglishAccepted], [t].[JiraLink], [t].[LastSyncDate], [t].[Level], [t].[ModuleId], [t].[PartNumber], [t].[Priority], [t].[ReactivityDuration], [t].[ReferenceKZ], [t].[ReferenceSTLA], [t].[ResolvedAtUtc], [t].[SiteId], [t].[SlaDeadlineUtc], [t].[SourceSystemId], [t].[Status], [t].[SubModule], [t].[Summary], [t].[Title], [d].[Id], [d].[CreatedAtUtc], [d].[Description], [d].[Name], [s].[Id], [s].[ApiEndpoint], [s].[CreatedAtUtc], [s].[LastImportDate], [s].[Name]
      FROM [Tickets] AS [t]
      LEFT JOIN [Domains] AS [d] ON [t].[DomainId] = [d].[Id]
      INNER JOIN [SourceSystems] AS [s] ON [t].[SourceSystemId] = [s].[Id]
      WHERE [t].[AssigneeId] = @userId
      ORDER BY [t].[CreatedAtUtc] DESC
info: Microsoft.EntityFrameworkCore.Database.Command[20101]
      Executed DbCommand (26ms) [Parameters=[@userId='?' (DbType = Guid)], CommandType='Text', CommandTimeout='30']
      SELECT [t].[Status]
      FROM [Tickets] AS [t]
      WHERE [t].[AssigneeId] = @userId
info: Microsoft.EntityFrameworkCore.Database.Command[20101]
      Executed DbCommand (30ms) [Parameters=[], CommandType='Text', CommandTimeout='30']
      SELECT [t].[Id], [t].[AiSuggestedRoute], [t].[ApplicantFirstName], [t].[ApplicantId], [t].[ApplicantLastName], [t].[Application], [t].[AssigneeId], [t].[ClosingDate], [t].[CreatedAtUtc], [t].[Description], [t].[DomainId], [t].[EcrNumber], [t].[EnglishAccepted], [t].[JiraLink], [t].[LastSyncDate], [t].[Level], [t].[ModuleId], [t].[PartNumber], [t].[Priority], [t].[ReactivityDuration], [t].[ReferenceKZ], [t].[ReferenceSTLA], [t].[ResolvedAtUtc], [t].[SiteId], [t].[SlaDeadlineUtc], [t].[SourceSystemId], [t].[Status], [t].[SubModule], [t].[Summary], [t].[Title], [d].[Id], [d].[CreatedAtUtc], [d].[Description], [d].[Name], [s].[Id], [s].[ApiEndpoint], [s].[CreatedAtUtc], [s].[LastImportDate], [s].[Name]
      FROM [Tickets] AS [t]
      LEFT JOIN [Domains] AS [d] ON [t].[DomainId] = [d].[Id]
      INNER JOIN [SourceSystems] AS [s] ON [t].[SourceSystemId] = [s].[Id]
      WHERE [t].[Status] = 0 AND [t].[AssigneeId] IS NULL
      ORDER BY [t].[CreatedAtUtc] DESC
info: Microsoft.EntityFrameworkCore.Database.Command[20101]
      Executed DbCommand (13ms) [Parameters=[@CurrentUserId='?' (DbType = Guid)], CommandType='Text', CommandTimeout='30']
      SELECT COUNT(*)
      FROM [Notifications] AS [n]
      WHERE [n].[UserId] = @CurrentUserId AND [n].[Read] = CAST(0 AS bit)
info: Microsoft.EntityFrameworkCore.Database.Command[20101]
      Executed DbCommand (21ms) [Parameters=[@p='?' (DbType = Int32), @CurrentUserId='?' (DbType = Guid)], CommandType='Text', CommandTimeout='30']
      SELECT [n0].[Id], [n0].[CreatedAtUtc], [n0].[Message], [n0].[Read], [n0].[TicketId], [n0].[Type], [n0].[UserId], [t].[Id], [t].[AiSuggestedRoute], [t].[ApplicantFirstName], [t].[ApplicantId], [t].[ApplicantLastName], [t].[Application], [t].[AssigneeId], [t].[ClosingDate], [t].[CreatedAtUtc], [t].[Description], [t].[DomainId], [t].[EcrNumber], [t].[EnglishAccepted], [t].[JiraLink], [t].[LastSyncDate], [t].[Level], [t].[ModuleId], [t].[PartNumber], [t].[Priority], [t].[ReactivityDuration], [t].[ReferenceKZ], [t].[ReferenceSTLA], [t].[ResolvedAtUtc], [t].[SiteId], [t].[SlaDeadlineUtc], [t].[SourceSystemId], [t].[Status], [t].[SubModule], [t].[Summary], [t].[Title]
      FROM (
          SELECT TOP(@p) [n].[Id], [n].[CreatedAtUtc], [n].[Message], [n].[Read], [n].[TicketId], [n].[Type], [n].[UserId]
          FROM [Notifications] AS [n]
          WHERE [n].[UserId] = @CurrentUserId
          ORDER BY [n].[CreatedAtUtc] DESC
      ) AS [n0]
      LEFT JOIN [Tickets] AS [t] ON [n0].[TicketId] = [t].[Id]
      ORDER BY [n0].[CreatedAtUtc] DESC
info: Microsoft.EntityFrameworkCore.Database.Command[20101]
      Executed DbCommand (8ms) [Parameters=[@CurrentUserId='?' (DbType = Guid)], CommandType='Text', CommandTimeout='30']
      SELECT COUNT(*)
      FROM [Notifications] AS [n]
      WHERE [n].[UserId] = @CurrentUserId AND [n].[Read] = CAST(0 AS bit)
info: Microsoft.EntityFrameworkCore.Database.Command[20101]
      Executed DbCommand (4ms) [Parameters=[], CommandType='Text', CommandTimeout='30']
      SELECT COUNT(*)
      FROM [Tickets] AS [t]
info: Microsoft.EntityFrameworkCore.Database.Command[20101]
      Executed DbCommand (18ms) [Parameters=[], CommandType='Text', CommandTimeout='30']
      SELECT [t].[Id], [t].[AiSuggestedRoute], [t].[ApplicantFirstName], [t].[ApplicantId], [t].[ApplicantLastName], [t].[Application], [t].[AssigneeId], [t].[ClosingDate], [t].[CreatedAtUtc], [t].[Description], [t].[DomainId], [t].[EcrNumber], [t].[EnglishAccepted], [t].[JiraLink], [t].[LastSyncDate], [t].[Level], [t].[ModuleId], [t].[PartNumber], [t].[Priority], [t].[ReactivityDuration], [t].[ReferenceKZ], [t].[ReferenceSTLA], [t].[ResolvedAtUtc], [t].[SiteId], [t].[SlaDeadlineUtc], [t].[SourceSystemId], [t].[Status], [t].[SubModule], [t].[Summary], [t].[Title], [d].[Id], [d].[CreatedAtUtc], [d].[Description], [d].[Name], [s].[Id], [s].[ApiEndpoint], [s].[CreatedAtUtc], [s].[LastImportDate], [s].[Name]
      FROM [Tickets] AS [t]
      LEFT JOIN [Domains] AS [d] ON [t].[DomainId] = [d].[Id]
      INNER JOIN [SourceSystems] AS [s] ON [t].[SourceSystemId] = [s].[Id]
      WHERE [t].[Status] = 0 AND [t].[AssigneeId] IS NULL
      ORDER BY [t].[CreatedAtUtc] DESC
info: Microsoft.EntityFrameworkCore.Database.Command[20101]
      Executed DbCommand (9ms) [Parameters=[@userId='?' (DbType = Guid), @todayUtc='?' (DbType = DateTime2)], CommandType='Text', CommandTimeout='30']
      SELECT COUNT(*)
      FROM [Tickets] AS [t]
      WHERE [t].[AssigneeId] = @userId AND [t].[ResolvedAtUtc] IS NOT NULL AND CONVERT(date, [t].[ResolvedAtUtc]) = @todayUtc
info: Microsoft.EntityFrameworkCore.Database.Command[20101]
      Executed DbCommand (16ms) [Parameters=[@userId='?' (DbType = Guid)], CommandType='Text', CommandTimeout='30']
      SELECT [t].[Id], [t].[AiSuggestedRoute], [t].[ApplicantFirstName], [t].[ApplicantId], [t].[ApplicantLastName], [t].[Application], [t].[AssigneeId], [t].[ClosingDate], [t].[CreatedAtUtc], [t].[Description], [t].[DomainId], [t].[EcrNumber], [t].[EnglishAccepted], [t].[JiraLink], [t].[LastSyncDate], [t].[Level], [t].[ModuleId], [t].[PartNumber], [t].[Priority], [t].[ReactivityDuration], [t].[ReferenceKZ], [t].[ReferenceSTLA], [t].[ResolvedAtUtc], [t].[SiteId], [t].[SlaDeadlineUtc], [t].[SourceSystemId], [t].[Status], [t].[SubModule], [t].[Summary], [t].[Title], [d].[Id], [d].[CreatedAtUtc], [d].[Description], [d].[Name], [s].[Id], [s].[ApiEndpoint], [s].[CreatedAtUtc], [s].[LastImportDate], [s].[Name]
      FROM [Tickets] AS [t]
      LEFT JOIN [Domains] AS [d] ON [t].[DomainId] = [d].[Id]
      INNER JOIN [SourceSystems] AS [s] ON [t].[SourceSystemId] = [s].[Id]
      WHERE [t].[AssigneeId] = @userId AND [t].[Status] NOT IN (4, 5)
      ORDER BY [t].[CreatedAtUtc] DESC
info: Microsoft.EntityFrameworkCore.Database.Command[20101]
      Executed DbCommand (5ms) [Parameters=[@userId='?' (DbType = Guid)], CommandType='Text', CommandTimeout='30']
      SELECT CAST(DATEDIFF(minute, [t].[CreatedAtUtc], [t].[ResolvedAtUtc]) AS float) / 60.0E0
      FROM [Tickets] AS [t]
      WHERE [t].[AssigneeId] = @userId AND [t].[ResolvedAtUtc] IS NOT NULL
info: Microsoft.EntityFrameworkCore.Database.Command[20101]
      Executed DbCommand (15ms) [Parameters=[@p='?' (DbType = Int32), @p1='?' (DbType = Int32)], CommandType='Text', CommandTimeout='30']
      SELECT [t0].[Id], [t0].[AiSuggestedRoute], [t0].[ApplicantFirstName], [t0].[ApplicantId], [t0].[ApplicantLastName], [t0].[Application], [t0].[AssigneeId], [t0].[ClosingDate], [t0].[CreatedAtUtc], [t0].[Description], [t0].[DomainId], [t0].[EcrNumber], [t0].[EnglishAccepted], [t0].[JiraLink], [t0].[LastSyncDate], [t0].[Level], [t0].[ModuleId], [t0].[PartNumber], [t0].[Priority], [t0].[ReactivityDuration], [t0].[ReferenceKZ], [t0].[ReferenceSTLA], [t0].[ResolvedAtUtc], [t0].[SiteId], [t0].[SlaDeadlineUtc], [t0].[SourceSystemId], [t0].[Status], [t0].[SubModule], [t0].[Summary], [t0].[Title], [d].[Id], [d].[CreatedAtUtc], [d].[Description], [d].[Name], [s].[Id], [s].[ApiEndpoint], [s].[CreatedAtUtc], [s].[LastImportDate], [s].[Name]
      FROM (
          SELECT [t].[Id], [t].[AiSuggestedRoute], [t].[ApplicantFirstName], [t].[ApplicantId], [t].[ApplicantLastName], [t].[Application], [t].[AssigneeId], [t].[ClosingDate], [t].[CreatedAtUtc], [t].[Description], [t].[DomainId], [t].[EcrNumber], [t].[EnglishAccepted], [t].[JiraLink], [t].[LastSyncDate], [t].[Level], [t].[ModuleId], [t].[PartNumber], [t].[Priority], [t].[ReactivityDuration], [t].[ReferenceKZ], [t].[ReferenceSTLA], [t].[ResolvedAtUtc], [t].[SiteId], [t].[SlaDeadlineUtc], [t].[SourceSystemId], [t].[Status], [t].[SubModule], [t].[Summary], [t].[Title]
          FROM [Tickets] AS [t]
          ORDER BY [t].[CreatedAtUtc] DESC
          OFFSET @p ROWS FETCH NEXT @p1 ROWS ONLY
      ) AS [t0]
      LEFT JOIN [Domains] AS [d] ON [t0].[DomainId] = [d].[Id]
      INNER JOIN [SourceSystems] AS [s] ON [t0].[SourceSystemId] = [s].[Id]
      ORDER BY [t0].[CreatedAtUtc] DESC
info: Microsoft.EntityFrameworkCore.Database.Command[20101]
      Executed DbCommand (3ms) [Parameters=[@CurrentUserId='?' (DbType = Guid)], CommandType='Text', CommandTimeout='30']
      SELECT COUNT(*)
      FROM [Notifications] AS [n]
      WHERE [n].[UserId] = @CurrentUserId AND [n].[Read] = CAST(0 AS bit)
info: Microsoft.EntityFrameworkCore.Database.Command[20101]
      Executed DbCommand (2ms) [Parameters=[], CommandType='Text', CommandTimeout='30']
      SELECT [t].[Id], [t].[AiSuggestedRoute], [t].[ApplicantFirstName], [t].[ApplicantId], [t].[ApplicantLastName], [t].[Application], [t].[AssigneeId], [t].[ClosingDate], [t].[CreatedAtUtc], [t].[Description], [t].[DomainId], [t].[EcrNumber], [t].[EnglishAccepted], [t].[JiraLink], [t].[LastSyncDate], [t].[Level], [t].[ModuleId], [t].[PartNumber], [t].[Priority], [t].[ReactivityDuration], [t].[ReferenceKZ], [t].[ReferenceSTLA], [t].[ResolvedAtUtc], [t].[SiteId], [t].[SlaDeadlineUtc], [t].[SourceSystemId], [t].[Status], [t].[SubModule], [t].[Summary], [t].[Title], [d].[Id], [d].[CreatedAtUtc], [d].[Description], [d].[Name], [s].[Id], [s].[ApiEndpoint], [s].[CreatedAtUtc], [s].[LastImportDate], [s].[Name]
      FROM [Tickets] AS [t]
      LEFT JOIN [Domains] AS [d] ON [t].[DomainId] = [d].[Id]
      INNER JOIN [SourceSystems] AS [s] ON [t].[SourceSystemId] = [s].[Id]
      WHERE [t].[Status] = 0 AND [t].[AssigneeId] IS NULL
      ORDER BY [t].[CreatedAtUtc] DESC
info: Microsoft.EntityFrameworkCore.Database.Command[20101]
      Executed DbCommand (14ms) [Parameters=[@userId='?' (DbType = Guid)], CommandType='Text', CommandTimeout='30']
      SELECT [t].[Status]
      FROM [Tickets] AS [t]
      WHERE [t].[AssigneeId] = @userId
info: Microsoft.EntityFrameworkCore.Database.Command[20101]
      Executed DbCommand (14ms) [Parameters=[@userId='?' (DbType = Guid)], CommandType='Text', CommandTimeout='30']
      SELECT [t].[Id], [t].[AiSuggestedRoute], [t].[ApplicantFirstName], [t].[ApplicantId], [t].[ApplicantLastName], [t].[Application], [t].[AssigneeId], [t].[ClosingDate], [t].[CreatedAtUtc], [t].[Description], [t].[DomainId], [t].[EcrNumber], [t].[EnglishAccepted], [t].[JiraLink], [t].[LastSyncDate], [t].[Level], [t].[ModuleId], [t].[PartNumber], [t].[Priority], [t].[ReactivityDuration], [t].[ReferenceKZ], [t].[ReferenceSTLA], [t].[ResolvedAtUtc], [t].[SiteId], [t].[SlaDeadlineUtc], [t].[SourceSystemId], [t].[Status], [t].[SubModule], [t].[Summary], [t].[Title], [d].[Id], [d].[CreatedAtUtc], [d].[Description], [d].[Name], [s].[Id], [s].[ApiEndpoint], [s].[CreatedAtUtc], [s].[LastImportDate], [s].[Name]
      FROM [Tickets] AS [t]
      LEFT JOIN [Domains] AS [d] ON [t].[DomainId] = [d].[Id]
      INNER JOIN [SourceSystems] AS [s] ON [t].[SourceSystemId] = [s].[Id]
      WHERE [t].[AssigneeId] = @userId
      ORDER BY [t].[CreatedAtUtc] DESC
info: Microsoft.EntityFrameworkCore.Database.Command[20101]
      Executed DbCommand (81ms) [Parameters=[@warningCutoff='?' (DbType = DateTime2)], CommandType='Text', CommandTimeout='30']
      SELECT [t].[Id], [t].[AiSuggestedRoute], [t].[ApplicantFirstName], [t].[ApplicantId], [t].[ApplicantLastName], [t].[Application], [t].[AssigneeId], [t].[ClosingDate], [t].[CreatedAtUtc], [t].[Description], [t].[DomainId], [t].[EcrNumber], [t].[EnglishAccepted], [t].[JiraLink], [t].[LastSyncDate], [t].[Level], [t].[ModuleId], [t].[PartNumber], [t].[Priority], [t].[ReactivityDuration], [t].[ReferenceKZ], [t].[ReferenceSTLA], [t].[ResolvedAtUtc], [t].[SiteId], [t].[SlaDeadlineUtc], [t].[SourceSystemId], [t].[Status], [t].[SubModule], [t].[Summary], [t].[Title]
      FROM [Tickets] AS [t]
      WHERE [t].[AssigneeId] IS NOT NULL AND [t].[Status] IN (1, 2) AND [t].[SlaDeadlineUtc] <= @warningCutoff
info: Microsoft.EntityFrameworkCore.Database.Command[20101]
      Executed DbCommand (13ms) [Parameters=[@_8__locals1_ticket_Id='?' (DbType = Guid), @_8__locals1_ticket_AssigneeId='?' (DbType = Guid), @type='?' (Size = 255)], CommandType='Text', CommandTimeout='30']
      SELECT CASE
          WHEN EXISTS (
              SELECT 1
              FROM [Notifications] AS [n]
              WHERE [n].[TicketId] = @_8__locals1_ticket_Id AND [n].[UserId] = @_8__locals1_ticket_AssigneeId AND [n].[Type] = @type) THEN CAST(1 AS bit)
          ELSE CAST(0 AS bit)
      END
info: Microsoft.EntityFrameworkCore.Database.Command[20101]
      Executed DbCommand (0ms) [Parameters=[@_8__locals1_ticket_Id='?' (DbType = Guid), @_8__locals1_ticket_AssigneeId='?' (DbType = Guid), @type='?' (Size = 255)], CommandType='Text', CommandTimeout='30']
      SELECT CASE
          WHEN EXISTS (
              SELECT 1
              FROM [Notifications] AS [n]
              WHERE [n].[TicketId] = @_8__locals1_ticket_Id AND [n].[UserId] = @_8__locals1_ticket_AssigneeId AND [n].[Type] = @type) THEN CAST(1 AS bit)
          ELSE CAST(0 AS bit)
      END
info: Microsoft.EntityFrameworkCore.Database.Command[20101]
      Executed DbCommand (0ms) [Parameters=[@_8__locals1_ticket_Id='?' (DbType = Guid), @_8__locals1_ticket_AssigneeId='?' (DbType = Guid), @type='?' (Size = 255)], CommandType='Text', CommandTimeout='30']
      SELECT CASE
          WHEN EXISTS (
              SELECT 1
              FROM [Notifications] AS [n]
              WHERE [n].[TicketId] = @_8__locals1_ticket_Id AND [n].[UserId] = @_8__locals1_ticket_AssigneeId AND [n].[Type] = @type) THEN CAST(1 AS bit)
          ELSE CAST(0 AS bit)
      END
info: Microsoft.EntityFrameworkCore.Database.Command[20101]
      Executed DbCommand (0ms) [Parameters=[@_8__locals1_ticket_Id='?' (DbType = Guid), @_8__locals1_ticket_AssigneeId='?' (DbType = Guid), @type='?' (Size = 255)], CommandType='Text', CommandTimeout='30']
      SELECT CASE
          WHEN EXISTS (
              SELECT 1
              FROM [Notifications] AS [n]
              WHERE [n].[TicketId] = @_8__locals1_ticket_Id AND [n].[UserId] = @_8__locals1_ticket_AssigneeId AND [n].[Type] = @type) THEN CAST(1 AS bit)
          ELSE CAST(0 AS bit)
      END
info: Microsoft.EntityFrameworkCore.Database.Command[20101]
      Executed DbCommand (0ms) [Parameters=[@_8__locals1_ticket_Id='?' (DbType = Guid), @_8__locals1_ticket_AssigneeId='?' (DbType = Guid), @type='?' (Size = 255)], CommandType='Text', CommandTimeout='30']
      SELECT CASE
          WHEN EXISTS (
              SELECT 1
              FROM [Notifications] AS [n]
              WHERE [n].[TicketId] = @_8__locals1_ticket_Id AND [n].[UserId] = @_8__locals1_ticket_AssigneeId AND [n].[Type] = @type) THEN CAST(1 AS bit)
          ELSE CAST(0 AS bit)
      END
info: Microsoft.EntityFrameworkCore.Database.Command[20101]
      Executed DbCommand (0ms) [Parameters=[@_8__locals1_ticket_Id='?' (DbType = Guid), @_8__locals1_ticket_AssigneeId='?' (DbType = Guid), @type='?' (Size = 255)], CommandType='Text', CommandTimeout='30']
      SELECT CASE
          WHEN EXISTS (
              SELECT 1
              FROM [Notifications] AS [n]
              WHERE [n].[TicketId] = @_8__locals1_ticket_Id AND [n].[UserId] = @_8__locals1_ticket_AssigneeId AND [n].[Type] = @type) THEN CAST(1 AS bit)
          ELSE CAST(0 AS bit)
      END
info: Microsoft.EntityFrameworkCore.Database.Command[20101]
      Executed DbCommand (0ms) [Parameters=[@_8__locals1_ticket_Id='?' (DbType = Guid), @_8__locals1_ticket_AssigneeId='?' (DbType = Guid), @type='?' (Size = 255)], CommandType='Text', CommandTimeout='30']
      SELECT CASE
          WHEN EXISTS (
              SELECT 1
              FROM [Notifications] AS [n]
              WHERE [n].[TicketId] = @_8__locals1_ticket_Id AND [n].[UserId] = @_8__locals1_ticket_AssigneeId AND [n].[Type] = @type) THEN CAST(1 AS bit)
          ELSE CAST(0 AS bit)
      END
info: Microsoft.EntityFrameworkCore.Database.Command[20101]
      Executed DbCommand (0ms) [Parameters=[@_8__locals1_ticket_Id='?' (DbType = Guid), @_8__locals1_ticket_AssigneeId='?' (DbType = Guid), @type='?' (Size = 255)], CommandType='Text', CommandTimeout='30']
      SELECT CASE
          WHEN EXISTS (
              SELECT 1
              FROM [Notifications] AS [n]
              WHERE [n].[TicketId] = @_8__locals1_ticket_Id AND [n].[UserId] = @_8__locals1_ticket_AssigneeId AND [n].[Type] = @type) THEN CAST(1 AS bit)
          ELSE CAST(0 AS bit)
      END
info: Microsoft.EntityFrameworkCore.Database.Command[20101]
      Executed DbCommand (0ms) [Parameters=[@_8__locals1_ticket_Id='?' (DbType = Guid), @_8__locals1_ticket_AssigneeId='?' (DbType = Guid), @type='?' (Size = 255)], CommandType='Text', CommandTimeout='30']
      SELECT CASE
          WHEN EXISTS (
              SELECT 1
              FROM [Notifications] AS [n]
              WHERE [n].[TicketId] = @_8__locals1_ticket_Id AND [n].[UserId] = @_8__locals1_ticket_AssigneeId AND [n].[Type] = @type) THEN CAST(1 AS bit)
          ELSE CAST(0 AS bit)
      END
info: Microsoft.EntityFrameworkCore.Database.Command[20101]
      Executed DbCommand (0ms) [Parameters=[@_8__locals1_ticket_Id='?' (DbType = Guid), @_8__locals1_ticket_AssigneeId='?' (DbType = Guid), @type='?' (Size = 255)], CommandType='Text', CommandTimeout='30']
      SELECT CASE
          WHEN EXISTS (
              SELECT 1
              FROM [Notifications] AS [n]
              WHERE [n].[TicketId] = @_8__locals1_ticket_Id AND [n].[UserId] = @_8__locals1_ticket_AssigneeId AND [n].[Type] = @type) THEN CAST(1 AS bit)
          ELSE CAST(0 AS bit)
      END
info: Microsoft.EntityFrameworkCore.Database.Command[20101]
      Executed DbCommand (0ms) [Parameters=[@_8__locals1_ticket_Id='?' (DbType = Guid), @_8__locals1_ticket_AssigneeId='?' (DbType = Guid), @type='?' (Size = 255)], CommandType='Text', CommandTimeout='30']
      SELECT CASE
          WHEN EXISTS (
              SELECT 1
              FROM [Notifications] AS [n]
              WHERE [n].[TicketId] = @_8__locals1_ticket_Id AND [n].[UserId] = @_8__locals1_ticket_AssigneeId AND [n].[Type] = @type) THEN CAST(1 AS bit)
          ELSE CAST(0 AS bit)
      END
info: Microsoft.EntityFrameworkCore.Database.Command[20101]
      Executed DbCommand (0ms) [Parameters=[@_8__locals1_ticket_Id='?' (DbType = Guid), @_8__locals1_ticket_AssigneeId='?' (DbType = Guid), @type='?' (Size = 255)], CommandType='Text', CommandTimeout='30']
      SELECT CASE
          WHEN EXISTS (
              SELECT 1
              FROM [Notifications] AS [n]
              WHERE [n].[TicketId] = @_8__locals1_ticket_Id AND [n].[UserId] = @_8__locals1_ticket_AssigneeId AND [n].[Type] = @type) THEN CAST(1 AS bit)
          ELSE CAST(0 AS bit)
      END
info: Microsoft.EntityFrameworkCore.Database.Command[20101]
      Executed DbCommand (0ms) [Parameters=[@_8__locals1_ticket_Id='?' (DbType = Guid), @_8__locals1_ticket_AssigneeId='?' (DbType = Guid), @type='?' (Size = 255)], CommandType='Text', CommandTimeout='30']
      SELECT CASE
          WHEN EXISTS (
              SELECT 1
              FROM [Notifications] AS [n]
              WHERE [n].[TicketId] = @_8__locals1_ticket_Id AND [n].[UserId] = @_8__locals1_ticket_AssigneeId AND [n].[Type] = @type) THEN CAST(1 AS bit)
          ELSE CAST(0 AS bit)
      END
info: Microsoft.EntityFrameworkCore.Database.Command[20101]
      Executed DbCommand (0ms) [Parameters=[@_8__locals1_ticket_Id='?' (DbType = Guid), @_8__locals1_ticket_AssigneeId='?' (DbType = Guid), @type='?' (Size = 255)], CommandType='Text', CommandTimeout='30']
      SELECT CASE
          WHEN EXISTS (
              SELECT 1
              FROM [Notifications] AS [n]
              WHERE [n].[TicketId] = @_8__locals1_ticket_Id AND [n].[UserId] = @_8__locals1_ticket_AssigneeId AND [n].[Type] = @type) THEN CAST(1 AS bit)
          ELSE CAST(0 AS bit)
      END
info: Microsoft.EntityFrameworkCore.Database.Command[20101]
      Executed DbCommand (0ms) [Parameters=[@_8__locals1_ticket_Id='?' (DbType = Guid), @_8__locals1_ticket_AssigneeId='?' (DbType = Guid), @type='?' (Size = 255)], CommandType='Text', CommandTimeout='30']
      SELECT CASE
          WHEN EXISTS (
              SELECT 1
              FROM [Notifications] AS [n]
              WHERE [n].[TicketId] = @_8__locals1_ticket_Id AND [n].[UserId] = @_8__locals1_ticket_AssigneeId AND [n].[Type] = @type) THEN CAST(1 AS bit)
          ELSE CAST(0 AS bit)
      END
info: Microsoft.EntityFrameworkCore.Database.Command[20101]
      Executed DbCommand (0ms) [Parameters=[@_8__locals1_ticket_Id='?' (DbType = Guid), @_8__locals1_ticket_AssigneeId='?' (DbType = Guid), @type='?' (Size = 255)], CommandType='Text', CommandTimeout='30']
      SELECT CASE
          WHEN EXISTS (
              SELECT 1
              FROM [Notifications] AS [n]
              WHERE [n].[TicketId] = @_8__locals1_ticket_Id AND [n].[UserId] = @_8__locals1_ticket_AssigneeId AND [n].[Type] = @type) THEN CAST(1 AS bit)
          ELSE CAST(0 AS bit)
      END
info: Microsoft.EntityFrameworkCore.Database.Command[20101]
      Executed DbCommand (0ms) [Parameters=[@_8__locals1_ticket_Id='?' (DbType = Guid), @_8__locals1_ticket_AssigneeId='?' (DbType = Guid), @type='?' (Size = 255)], CommandType='Text', CommandTimeout='30']
      SELECT CASE
          WHEN EXISTS (
              SELECT 1
              FROM [Notifications] AS [n]
              WHERE [n].[TicketId] = @_8__locals1_ticket_Id AND [n].[UserId] = @_8__locals1_ticket_AssigneeId AND [n].[Type] = @type) THEN CAST(1 AS bit)
          ELSE CAST(0 AS bit)
      END
info: Microsoft.EntityFrameworkCore.Database.Command[20101]
      Executed DbCommand (0ms) [Parameters=[@_8__locals1_ticket_Id='?' (DbType = Guid), @_8__locals1_ticket_AssigneeId='?' (DbType = Guid), @type='?' (Size = 255)], CommandType='Text', CommandTimeout='30']
      SELECT CASE
          WHEN EXISTS (
              SELECT 1
              FROM [Notifications] AS [n]
              WHERE [n].[TicketId] = @_8__locals1_ticket_Id AND [n].[UserId] = @_8__locals1_ticket_AssigneeId AND [n].[Type] = @type) THEN CAST(1 AS bit)
          ELSE CAST(0 AS bit)
      END
info: Microsoft.EntityFrameworkCore.Database.Command[20101]
      Executed DbCommand (0ms) [Parameters=[@_8__locals1_ticket_Id='?' (DbType = Guid), @_8__locals1_ticket_AssigneeId='?' (DbType = Guid), @type='?' (Size = 255)], CommandType='Text', CommandTimeout='30']
      SELECT CASE
          WHEN EXISTS (
              SELECT 1
              FROM [Notifications] AS [n]
              WHERE [n].[TicketId] = @_8__locals1_ticket_Id AND [n].[UserId] = @_8__locals1_ticket_AssigneeId AND [n].[Type] = @type) THEN CAST(1 AS bit)
          ELSE CAST(0 AS bit)
      END
info: Microsoft.EntityFrameworkCore.Database.Command[20101]
      Executed DbCommand (0ms) [Parameters=[@_8__locals1_ticket_Id='?' (DbType = Guid), @_8__locals1_ticket_AssigneeId='?' (DbType = Guid), @type='?' (Size = 255)], CommandType='Text', CommandTimeout='30']
      SELECT CASE
          WHEN EXISTS (
              SELECT 1
              FROM [Notifications] AS [n]
              WHERE [n].[TicketId] = @_8__locals1_ticket_Id AND [n].[UserId] = @_8__locals1_ticket_AssigneeId AND [n].[Type] = @type) THEN CAST(1 AS bit)
          ELSE CAST(0 AS bit)
      END
info: Microsoft.EntityFrameworkCore.Database.Command[20101]
      Executed DbCommand (0ms) [Parameters=[@_8__locals1_ticket_Id='?' (DbType = Guid), @_8__locals1_ticket_AssigneeId='?' (DbType = Guid), @type='?' (Size = 255)], CommandType='Text', CommandTimeout='30']
      SELECT CASE
          WHEN EXISTS (
              SELECT 1
              FROM [Notifications] AS [n]
              WHERE [n].[TicketId] = @_8__locals1_ticket_Id AND [n].[UserId] = @_8__locals1_ticket_AssigneeId AND [n].[Type] = @type) THEN CAST(1 AS bit)
          ELSE CAST(0 AS bit)
      END
info: Microsoft.EntityFrameworkCore.Database.Command[20101]
      Executed DbCommand (0ms) [Parameters=[@_8__locals1_ticket_Id='?' (DbType = Guid), @_8__locals1_ticket_AssigneeId='?' (DbType = Guid), @type='?' (Size = 255)], CommandType='Text', CommandTimeout='30']
      SELECT CASE
          WHEN EXISTS (
              SELECT 1
              FROM [Notifications] AS [n]
              WHERE [n].[TicketId] = @_8__locals1_ticket_Id AND [n].[UserId] = @_8__locals1_ticket_AssigneeId AND [n].[Type] = @type) THEN CAST(1 AS bit)
          ELSE CAST(0 AS bit)
      END
info: Microsoft.EntityFrameworkCore.Database.Command[20101]
      Executed DbCommand (0ms) [Parameters=[@_8__locals1_ticket_Id='?' (DbType = Guid), @_8__locals1_ticket_AssigneeId='?' (DbType = Guid), @type='?' (Size = 255)], CommandType='Text', CommandTimeout='30']
      SELECT CASE
          WHEN EXISTS (
              SELECT 1
              FROM [Notifications] AS [n]
              WHERE [n].[TicketId] = @_8__locals1_ticket_Id AND [n].[UserId] = @_8__locals1_ticket_AssigneeId AND [n].[Type] = @type) THEN CAST(1 AS bit)
          ELSE CAST(0 AS bit)
      END
info: Microsoft.EntityFrameworkCore.Database.Command[20101]
      Executed DbCommand (251ms) [Parameters=[@warningCutoff='?' (DbType = DateTime2)], CommandType='Text', CommandTimeout='30']
      SELECT [t].[Id], [t].[AiSuggestedRoute], [t].[ApplicantFirstName], [t].[ApplicantId], [t].[ApplicantLastName], [t].[Application], [t].[AssigneeId], [t].[ClosingDate], [t].[CreatedAtUtc], [t].[Description], [t].[DomainId], [t].[EcrNumber], [t].[EnglishAccepted], [t].[JiraLink], [t].[LastSyncDate], [t].[Level], [t].[ModuleId], [t].[PartNumber], [t].[Priority], [t].[ReactivityDuration], [t].[ReferenceKZ], [t].[ReferenceSTLA], [t].[ResolvedAtUtc], [t].[SiteId], [t].[SlaDeadlineUtc], [t].[SourceSystemId], [t].[Status], [t].[SubModule], [t].[Summary], [t].[Title]
      FROM [Tickets] AS [t]
      WHERE [t].[AssigneeId] IS NOT NULL AND [t].[Status] IN (1, 2) AND [t].[SlaDeadlineUtc] <= @warningCutoff
info: Microsoft.EntityFrameworkCore.Database.Command[20101]
      Executed DbCommand (29ms) [Parameters=[@_8__locals1_ticket_Id='?' (DbType = Guid), @_8__locals1_ticket_AssigneeId='?' (DbType = Guid), @type='?' (Size = 255)], CommandType='Text', CommandTimeout='30']
      SELECT CASE
          WHEN EXISTS (
              SELECT 1
              FROM [Notifications] AS [n]
              WHERE [n].[TicketId] = @_8__locals1_ticket_Id AND [n].[UserId] = @_8__locals1_ticket_AssigneeId AND [n].[Type] = @type) THEN CAST(1 AS bit)
          ELSE CAST(0 AS bit)
      END
info: Microsoft.EntityFrameworkCore.Database.Command[20101]
      Executed DbCommand (6ms) [Parameters=[@_8__locals1_ticket_Id='?' (DbType = Guid), @_8__locals1_ticket_AssigneeId='?' (DbType = Guid), @type='?' (Size = 255)], CommandType='Text', CommandTimeout='30']
      SELECT CASE
          WHEN EXISTS (
              SELECT 1
              FROM [Notifications] AS [n]
              WHERE [n].[TicketId] = @_8__locals1_ticket_Id AND [n].[UserId] = @_8__locals1_ticket_AssigneeId AND [n].[Type] = @type) THEN CAST(1 AS bit)
          ELSE CAST(0 AS bit)
      END
info: Microsoft.EntityFrameworkCore.Database.Command[20101]
      Executed DbCommand (1ms) [Parameters=[@_8__locals1_ticket_Id='?' (DbType = Guid), @_8__locals1_ticket_AssigneeId='?' (DbType = Guid), @type='?' (Size = 255)], CommandType='Text', CommandTimeout='30']
      SELECT CASE
          WHEN EXISTS (
              SELECT 1
              FROM [Notifications] AS [n]
              WHERE [n].[TicketId] = @_8__locals1_ticket_Id AND [n].[UserId] = @_8__locals1_ticket_AssigneeId AND [n].[Type] = @type) THEN CAST(1 AS bit)
          ELSE CAST(0 AS bit)
      END
info: Microsoft.EntityFrameworkCore.Database.Command[20101]
      Executed DbCommand (1ms) [Parameters=[@_8__locals1_ticket_Id='?' (DbType = Guid), @_8__locals1_ticket_AssigneeId='?' (DbType = Guid), @type='?' (Size = 255)], CommandType='Text', CommandTimeout='30']
      SELECT CASE
          WHEN EXISTS (
              SELECT 1
              FROM [Notifications] AS [n]
              WHERE [n].[TicketId] = @_8__locals1_ticket_Id AND [n].[UserId] = @_8__locals1_ticket_AssigneeId AND [n].[Type] = @type) THEN CAST(1 AS bit)
          ELSE CAST(0 AS bit)
      END
info: Microsoft.EntityFrameworkCore.Database.Command[20101]
      Executed DbCommand (1ms) [Parameters=[@_8__locals1_ticket_Id='?' (DbType = Guid), @_8__locals1_ticket_AssigneeId='?' (DbType = Guid), @type='?' (Size = 255)], CommandType='Text', CommandTimeout='30']
      SELECT CASE
          WHEN EXISTS (
              SELECT 1
              FROM [Notifications] AS [n]
              WHERE [n].[TicketId] = @_8__locals1_ticket_Id AND [n].[UserId] = @_8__locals1_ticket_AssigneeId AND [n].[Type] = @type) THEN CAST(1 AS bit)
          ELSE CAST(0 AS bit)
      END
info: Microsoft.EntityFrameworkCore.Database.Command[20101]
      Executed DbCommand (1ms) [Parameters=[@_8__locals1_ticket_Id='?' (DbType = Guid), @_8__locals1_ticket_AssigneeId='?' (DbType = Guid), @type='?' (Size = 255)], CommandType='Text', CommandTimeout='30']
      SELECT CASE
          WHEN EXISTS (
              SELECT 1
              FROM [Notifications] AS [n]
              WHERE [n].[TicketId] = @_8__locals1_ticket_Id AND [n].[UserId] = @_8__locals1_ticket_AssigneeId AND [n].[Type] = @type) THEN CAST(1 AS bit)
          ELSE CAST(0 AS bit)
      END
info: Microsoft.EntityFrameworkCore.Database.Command[20101]
      Executed DbCommand (1ms) [Parameters=[@_8__locals1_ticket_Id='?' (DbType = Guid), @_8__locals1_ticket_AssigneeId='?' (DbType = Guid), @type='?' (Size = 255)], CommandType='Text', CommandTimeout='30']
      SELECT CASE
          WHEN EXISTS (
              SELECT 1
              FROM [Notifications] AS [n]
              WHERE [n].[TicketId] = @_8__locals1_ticket_Id AND [n].[UserId] = @_8__locals1_ticket_AssigneeId AND [n].[Type] = @type) THEN CAST(1 AS bit)
          ELSE CAST(0 AS bit)
      END
info: Microsoft.EntityFrameworkCore.Database.Command[20101]
      Executed DbCommand (1ms) [Parameters=[@_8__locals1_ticket_Id='?' (DbType = Guid), @_8__locals1_ticket_AssigneeId='?' (DbType = Guid), @type='?' (Size = 255)], CommandType='Text', CommandTimeout='30']
      SELECT CASE
          WHEN EXISTS (
              SELECT 1
              FROM [Notifications] AS [n]
              WHERE [n].[TicketId] = @_8__locals1_ticket_Id AND [n].[UserId] = @_8__locals1_ticket_AssigneeId AND [n].[Type] = @type) THEN CAST(1 AS bit)
          ELSE CAST(0 AS bit)
      END
info: Microsoft.EntityFrameworkCore.Database.Command[20101]
      Executed DbCommand (0ms) [Parameters=[@_8__locals1_ticket_Id='?' (DbType = Guid), @_8__locals1_ticket_AssigneeId='?' (DbType = Guid), @type='?' (Size = 255)], CommandType='Text', CommandTimeout='30']
      SELECT CASE
          WHEN EXISTS (
              SELECT 1
              FROM [Notifications] AS [n]
              WHERE [n].[TicketId] = @_8__locals1_ticket_Id AND [n].[UserId] = @_8__locals1_ticket_AssigneeId AND [n].[Type] = @type) THEN CAST(1 AS bit)
          ELSE CAST(0 AS bit)
      END
info: Microsoft.EntityFrameworkCore.Database.Command[20101]
      Executed DbCommand (1ms) [Parameters=[@_8__locals1_ticket_Id='?' (DbType = Guid), @_8__locals1_ticket_AssigneeId='?' (DbType = Guid), @type='?' (Size = 255)], CommandType='Text', CommandTimeout='30']
      SELECT CASE
          WHEN EXISTS (
              SELECT 1
              FROM [Notifications] AS [n]
              WHERE [n].[TicketId] = @_8__locals1_ticket_Id AND [n].[UserId] = @_8__locals1_ticket_AssigneeId AND [n].[Type] = @type) THEN CAST(1 AS bit)
          ELSE CAST(0 AS bit)
      END
info: Microsoft.EntityFrameworkCore.Database.Command[20101]
      Executed DbCommand (1ms) [Parameters=[@_8__locals1_ticket_Id='?' (DbType = Guid), @_8__locals1_ticket_AssigneeId='?' (DbType = Guid), @type='?' (Size = 255)], CommandType='Text', CommandTimeout='30']
      SELECT CASE
          WHEN EXISTS (
              SELECT 1
              FROM [Notifications] AS [n]
              WHERE [n].[TicketId] = @_8__locals1_ticket_Id AND [n].[UserId] = @_8__locals1_ticket_AssigneeId AND [n].[Type] = @type) THEN CAST(1 AS bit)
          ELSE CAST(0 AS bit)
      END
info: Microsoft.EntityFrameworkCore.Database.Command[20101]
      Executed DbCommand (1ms) [Parameters=[@_8__locals1_ticket_Id='?' (DbType = Guid), @_8__locals1_ticket_AssigneeId='?' (DbType = Guid), @type='?' (Size = 255)], CommandType='Text', CommandTimeout='30']
      SELECT CASE
          WHEN EXISTS (
              SELECT 1
              FROM [Notifications] AS [n]
              WHERE [n].[TicketId] = @_8__locals1_ticket_Id AND [n].[UserId] = @_8__locals1_ticket_AssigneeId AND [n].[Type] = @type) THEN CAST(1 AS bit)
          ELSE CAST(0 AS bit)
      END
info: Microsoft.EntityFrameworkCore.Database.Command[20101]
      Executed DbCommand (3ms) [Parameters=[@_8__locals1_ticket_Id='?' (DbType = Guid), @_8__locals1_ticket_AssigneeId='?' (DbType = Guid), @type='?' (Size = 255)], CommandType='Text', CommandTimeout='30']
      SELECT CASE
          WHEN EXISTS (
              SELECT 1
              FROM [Notifications] AS [n]
              WHERE [n].[TicketId] = @_8__locals1_ticket_Id AND [n].[UserId] = @_8__locals1_ticket_AssigneeId AND [n].[Type] = @type) THEN CAST(1 AS bit)
          ELSE CAST(0 AS bit)
      END
info: Microsoft.EntityFrameworkCore.Database.Command[20101]
      Executed DbCommand (1ms) [Parameters=[@_8__locals1_ticket_Id='?' (DbType = Guid), @_8__locals1_ticket_AssigneeId='?' (DbType = Guid), @type='?' (Size = 255)], CommandType='Text', CommandTimeout='30']
      SELECT CASE
          WHEN EXISTS (
              SELECT 1
              FROM [Notifications] AS [n]
              WHERE [n].[TicketId] = @_8__locals1_ticket_Id AND [n].[UserId] = @_8__locals1_ticket_AssigneeId AND [n].[Type] = @type) THEN CAST(1 AS bit)
          ELSE CAST(0 AS bit)
      END
info: Microsoft.EntityFrameworkCore.Database.Command[20101]
      Executed DbCommand (1ms) [Parameters=[@_8__locals1_ticket_Id='?' (DbType = Guid), @_8__locals1_ticket_AssigneeId='?' (DbType = Guid), @type='?' (Size = 255)], CommandType='Text', CommandTimeout='30']
      SELECT CASE
          WHEN EXISTS (
              SELECT 1
              FROM [Notifications] AS [n]
              WHERE [n].[TicketId] = @_8__locals1_ticket_Id AND [n].[UserId] = @_8__locals1_ticket_AssigneeId AND [n].[Type] = @type) THEN CAST(1 AS bit)
          ELSE CAST(0 AS bit)
      END
info: Microsoft.EntityFrameworkCore.Database.Command[20101]
      Executed DbCommand (1ms) [Parameters=[@_8__locals1_ticket_Id='?' (DbType = Guid), @_8__locals1_ticket_AssigneeId='?' (DbType = Guid), @type='?' (Size = 255)], CommandType='Text', CommandTimeout='30']
      SELECT CASE
          WHEN EXISTS (
              SELECT 1
              FROM [Notifications] AS [n]
              WHERE [n].[TicketId] = @_8__locals1_ticket_Id AND [n].[UserId] = @_8__locals1_ticket_AssigneeId AND [n].[Type] = @type) THEN CAST(1 AS bit)
          ELSE CAST(0 AS bit)
      END
info: Microsoft.EntityFrameworkCore.Database.Command[20101]
      Executed DbCommand (1ms) [Parameters=[@_8__locals1_ticket_Id='?' (DbType = Guid), @_8__locals1_ticket_AssigneeId='?' (DbType = Guid), @type='?' (Size = 255)], CommandType='Text', CommandTimeout='30']
      SELECT CASE
          WHEN EXISTS (
              SELECT 1
              FROM [Notifications] AS [n]
              WHERE [n].[TicketId] = @_8__locals1_ticket_Id AND [n].[UserId] = @_8__locals1_ticket_AssigneeId AND [n].[Type] = @type) THEN CAST(1 AS bit)
          ELSE CAST(0 AS bit)
      END
info: Microsoft.EntityFrameworkCore.Database.Command[20101]
      Executed DbCommand (0ms) [Parameters=[@_8__locals1_ticket_Id='?' (DbType = Guid), @_8__locals1_ticket_AssigneeId='?' (DbType = Guid), @type='?' (Size = 255)], CommandType='Text', CommandTimeout='30']
      SELECT CASE
          WHEN EXISTS (
              SELECT 1
              FROM [Notifications] AS [n]
              WHERE [n].[TicketId] = @_8__locals1_ticket_Id AND [n].[UserId] = @_8__locals1_ticket_AssigneeId AND [n].[Type] = @type) THEN CAST(1 AS bit)
          ELSE CAST(0 AS bit)
      END
info: Microsoft.EntityFrameworkCore.Database.Command[20101]
      Executed DbCommand (0ms) [Parameters=[@_8__locals1_ticket_Id='?' (DbType = Guid), @_8__locals1_ticket_AssigneeId='?' (DbType = Guid), @type='?' (Size = 255)], CommandType='Text', CommandTimeout='30']
      SELECT CASE
          WHEN EXISTS (
              SELECT 1
              FROM [Notifications] AS [n]
              WHERE [n].[TicketId] = @_8__locals1_ticket_Id AND [n].[UserId] = @_8__locals1_ticket_AssigneeId AND [n].[Type] = @type) THEN CAST(1 AS bit)
          ELSE CAST(0 AS bit)
      END
info: Microsoft.EntityFrameworkCore.Database.Command[20101]
      Executed DbCommand (0ms) [Parameters=[@_8__locals1_ticket_Id='?' (DbType = Guid), @_8__locals1_ticket_AssigneeId='?' (DbType = Guid), @type='?' (Size = 255)], CommandType='Text', CommandTimeout='30']
      SELECT CASE
          WHEN EXISTS (
              SELECT 1
              FROM [Notifications] AS [n]
              WHERE [n].[TicketId] = @_8__locals1_ticket_Id AND [n].[UserId] = @_8__locals1_ticket_AssigneeId AND [n].[Type] = @type) THEN CAST(1 AS bit)
          ELSE CAST(0 AS bit)
      END
info: Microsoft.EntityFrameworkCore.Database.Command[20101]
      Executed DbCommand (0ms) [Parameters=[@_8__locals1_ticket_Id='?' (DbType = Guid), @_8__locals1_ticket_AssigneeId='?' (DbType = Guid), @type='?' (Size = 255)], CommandType='Text', CommandTimeout='30']
      SELECT CASE
          WHEN EXISTS (
              SELECT 1
              FROM [Notifications] AS [n]
              WHERE [n].[TicketId] = @_8__locals1_ticket_Id AND [n].[UserId] = @_8__locals1_ticket_AssigneeId AND [n].[Type] = @type) THEN CAST(1 AS bit)
          ELSE CAST(0 AS bit)
      END
info: Microsoft.EntityFrameworkCore.Database.Command[20101]
      Executed DbCommand (3ms) [Parameters=[@_8__locals1_ticket_Id='?' (DbType = Guid), @_8__locals1_ticket_AssigneeId='?' (DbType = Guid), @type='?' (Size = 255)], CommandType='Text', CommandTimeout='30']
      SELECT CASE
          WHEN EXISTS (
              SELECT 1
              FROM [Notifications] AS [n]
              WHERE [n].[TicketId] = @_8__locals1_ticket_Id AND [n].[UserId] = @_8__locals1_ticket_AssigneeId AND [n].[Type] = @type) THEN CAST(1 AS bit)
          ELSE CAST(0 AS bit)
      END
info: Microsoft.EntityFrameworkCore.Database.Command[20101]
      Executed DbCommand (2ms) [Parameters=[@_8__locals1_ticket_Id='?' (DbType = Guid), @_8__locals1_ticket_AssigneeId='?' (DbType = Guid), @type='?' (Size = 255)], CommandType='Text', CommandTimeout='30']
      SELECT CASE
          WHEN EXISTS (
              SELECT 1
              FROM [Notifications] AS [n]
              WHERE [n].[TicketId] = @_8__locals1_ticket_Id AND [n].[UserId] = @_8__locals1_ticket_AssigneeId AND [n].[Type] = @type) THEN CAST(1 AS bit)
          ELSE CAST(0 AS bit)
      END
info: Microsoft.EntityFrameworkCore.Database.Command[20101]
      Executed DbCommand (52ms) [Parameters=[@userId='?' (DbType = Guid)], CommandType='Text', CommandTimeout='30']
      SELECT [t].[Status]
      FROM [Tickets] AS [t]
      WHERE [t].[AssigneeId] = @userId
info: Microsoft.EntityFrameworkCore.Database.Command[20101]
      Executed DbCommand (68ms) [Parameters=[@CurrentUserId='?' (DbType = Guid)], CommandType='Text', CommandTimeout='30']
      SELECT COUNT(*)
      FROM [Notifications] AS [n]
      WHERE [n].[UserId] = @CurrentUserId AND [n].[Read] = CAST(0 AS bit)
info: Microsoft.EntityFrameworkCore.Database.Command[20101]
      Executed DbCommand (89ms) [Parameters=[], CommandType='Text', CommandTimeout='30']
      SELECT [t].[Id], [t].[AiSuggestedRoute], [t].[ApplicantFirstName], [t].[ApplicantId], [t].[ApplicantLastName], [t].[Application], [t].[AssigneeId], [t].[ClosingDate], [t].[CreatedAtUtc], [t].[Description], [t].[DomainId], [t].[EcrNumber], [t].[EnglishAccepted], [t].[JiraLink], [t].[LastSyncDate], [t].[Level], [t].[ModuleId], [t].[PartNumber], [t].[Priority], [t].[ReactivityDuration], [t].[ReferenceKZ], [t].[ReferenceSTLA], [t].[ResolvedAtUtc], [t].[SiteId], [t].[SlaDeadlineUtc], [t].[SourceSystemId], [t].[Status], [t].[SubModule], [t].[Summary], [t].[Title], [d].[Id], [d].[CreatedAtUtc], [d].[Description], [d].[Name], [s].[Id], [s].[ApiEndpoint], [s].[CreatedAtUtc], [s].[LastImportDate], [s].[Name]
      FROM [Tickets] AS [t]
      LEFT JOIN [Domains] AS [d] ON [t].[DomainId] = [d].[Id]
      INNER JOIN [SourceSystems] AS [s] ON [t].[SourceSystemId] = [s].[Id]
      WHERE [t].[Status] = 0 AND [t].[AssigneeId] IS NULL
      ORDER BY [t].[CreatedAtUtc] DESC
info: Microsoft.EntityFrameworkCore.Database.Command[20101]
      Executed DbCommand (108ms) [Parameters=[@userId='?' (DbType = Guid)], CommandType='Text', CommandTimeout='30']
      SELECT [t].[Id], [t].[AiSuggestedRoute], [t].[ApplicantFirstName], [t].[ApplicantId], [t].[ApplicantLastName], [t].[Application], [t].[AssigneeId], [t].[ClosingDate], [t].[CreatedAtUtc], [t].[Description], [t].[DomainId], [t].[EcrNumber], [t].[EnglishAccepted], [t].[JiraLink], [t].[LastSyncDate], [t].[Level], [t].[ModuleId], [t].[PartNumber], [t].[Priority], [t].[ReactivityDuration], [t].[ReferenceKZ], [t].[ReferenceSTLA], [t].[ResolvedAtUtc], [t].[SiteId], [t].[SlaDeadlineUtc], [t].[SourceSystemId], [t].[Status], [t].[SubModule], [t].[Summary], [t].[Title], [d].[Id], [d].[CreatedAtUtc], [d].[Description], [d].[Name], [s].[Id], [s].[ApiEndpoint], [s].[CreatedAtUtc], [s].[LastImportDate], [s].[Name]
      FROM [Tickets] AS [t]
      LEFT JOIN [Domains] AS [d] ON [t].[DomainId] = [d].[Id]
      INNER JOIN [SourceSystems] AS [s] ON [t].[SourceSystemId] = [s].[Id]
      WHERE [t].[AssigneeId] = @userId
      ORDER BY [t].[CreatedAtUtc] DESC
info: Microsoft.EntityFrameworkCore.Database.Command[20101]
      Executed DbCommand (10ms) [Parameters=[@CurrentUserId='?' (DbType = Guid)], CommandType='Text', CommandTimeout='30']
      SELECT COUNT(*)
      FROM [Notifications] AS [n]
      WHERE [n].[UserId] = @CurrentUserId AND [n].[Read] = CAST(0 AS bit)
info: Microsoft.EntityFrameworkCore.Database.Command[20101]
      Executed DbCommand (429ms) [Parameters=[@userId='?' (DbType = Guid)], CommandType='Text', CommandTimeout='30']
      SELECT [t].[Status]
      FROM [Tickets] AS [t]
      WHERE [t].[AssigneeId] = @userId
info: Microsoft.EntityFrameworkCore.Database.Command[20101]
      Executed DbCommand (437ms) [Parameters=[], CommandType='Text', CommandTimeout='30']
      SELECT [t].[Id], [t].[AiSuggestedRoute], [t].[ApplicantFirstName], [t].[ApplicantId], [t].[ApplicantLastName], [t].[Application], [t].[AssigneeId], [t].[ClosingDate], [t].[CreatedAtUtc], [t].[Description], [t].[DomainId], [t].[EcrNumber], [t].[EnglishAccepted], [t].[JiraLink], [t].[LastSyncDate], [t].[Level], [t].[ModuleId], [t].[PartNumber], [t].[Priority], [t].[ReactivityDuration], [t].[ReferenceKZ], [t].[ReferenceSTLA], [t].[ResolvedAtUtc], [t].[SiteId], [t].[SlaDeadlineUtc], [t].[SourceSystemId], [t].[Status], [t].[SubModule], [t].[Summary], [t].[Title], [d].[Id], [d].[CreatedAtUtc], [d].[Description], [d].[Name], [s].[Id], [s].[ApiEndpoint], [s].[CreatedAtUtc], [s].[LastImportDate], [s].[Name]
      FROM [Tickets] AS [t]
      LEFT JOIN [Domains] AS [d] ON [t].[DomainId] = [d].[Id]
      INNER JOIN [SourceSystems] AS [s] ON [t].[SourceSystemId] = [s].[Id]
      WHERE [t].[Status] = 0 AND [t].[AssigneeId] IS NULL
      ORDER BY [t].[CreatedAtUtc] DESC
info: Microsoft.EntityFrameworkCore.Database.Command[20101]
      Executed DbCommand (447ms) [Parameters=[@userId='?' (DbType = Guid)], CommandType='Text', CommandTimeout='30']
      SELECT [t].[Id], [t].[AiSuggestedRoute], [t].[ApplicantFirstName], [t].[ApplicantId], [t].[ApplicantLastName], [t].[Application], [t].[AssigneeId], [t].[ClosingDate], [t].[CreatedAtUtc], [t].[Description], [t].[DomainId], [t].[EcrNumber], [t].[EnglishAccepted], [t].[JiraLink], [t].[LastSyncDate], [t].[Level], [t].[ModuleId], [t].[PartNumber], [t].[Priority], [t].[ReactivityDuration], [t].[ReferenceKZ], [t].[ReferenceSTLA], [t].[ResolvedAtUtc], [t].[SiteId], [t].[SlaDeadlineUtc], [t].[SourceSystemId], [t].[Status], [t].[SubModule], [t].[Summary], [t].[Title], [d].[Id], [d].[CreatedAtUtc], [d].[Description], [d].[Name], [s].[Id], [s].[ApiEndpoint], [s].[CreatedAtUtc], [s].[LastImportDate], [s].[Name]
      FROM [Tickets] AS [t]
      LEFT JOIN [Domains] AS [d] ON [t].[DomainId] = [d].[Id]
      INNER JOIN [SourceSystems] AS [s] ON [t].[SourceSystemId] = [s].[Id]
      WHERE [t].[AssigneeId] = @userId
      ORDER BY [t].[CreatedAtUtc] DESC
info: Microsoft.EntityFrameworkCore.Database.Command[20101]
      Executed DbCommand (4ms) [Parameters=[@CurrentUserId='?' (DbType = Guid)], CommandType='Text', CommandTimeout='30']
      SELECT COUNT(*)
      FROM [Notifications] AS [n]
      WHERE [n].[UserId] = @CurrentUserId AND [n].[Read] = CAST(0 AS bit)
info: Microsoft.EntityFrameworkCore.Database.Command[20101]
      Executed DbCommand (6ms) [Parameters=[@userId='?' (DbType = Guid)], CommandType='Text', CommandTimeout='30']
      SELECT [t].[Status]
      FROM [Tickets] AS [t]
      WHERE [t].[AssigneeId] = @userId
info: Microsoft.EntityFrameworkCore.Database.Command[20101]
      Executed DbCommand (15ms) [Parameters=[@userId='?' (DbType = Guid)], CommandType='Text', CommandTimeout='30']
      SELECT [t].[Id], [t].[AiSuggestedRoute], [t].[ApplicantFirstName], [t].[ApplicantId], [t].[ApplicantLastName], [t].[Application], [t].[AssigneeId], [t].[ClosingDate], [t].[CreatedAtUtc], [t].[Description], [t].[DomainId], [t].[EcrNumber], [t].[EnglishAccepted], [t].[JiraLink], [t].[LastSyncDate], [t].[Level], [t].[ModuleId], [t].[PartNumber], [t].[Priority], [t].[ReactivityDuration], [t].[ReferenceKZ], [t].[ReferenceSTLA], [t].[ResolvedAtUtc], [t].[SiteId], [t].[SlaDeadlineUtc], [t].[SourceSystemId], [t].[Status], [t].[SubModule], [t].[Summary], [t].[Title], [d].[Id], [d].[CreatedAtUtc], [d].[Description], [d].[Name], [s].[Id], [s].[ApiEndpoint], [s].[CreatedAtUtc], [s].[LastImportDate], [s].[Name]
      FROM [Tickets] AS [t]
      LEFT JOIN [Domains] AS [d] ON [t].[DomainId] = [d].[Id]
      INNER JOIN [SourceSystems] AS [s] ON [t].[SourceSystemId] = [s].[Id]
      WHERE [t].[AssigneeId] = @userId
      ORDER BY [t].[CreatedAtUtc] DESC
info: Microsoft.EntityFrameworkCore.Database.Command[20101]
      Executed DbCommand (15ms) [Parameters=[], CommandType='Text', CommandTimeout='30']
      SELECT [t].[Id], [t].[AiSuggestedRoute], [t].[ApplicantFirstName], [t].[ApplicantId], [t].[ApplicantLastName], [t].[Application], [t].[AssigneeId], [t].[ClosingDate], [t].[CreatedAtUtc], [t].[Description], [t].[DomainId], [t].[EcrNumber], [t].[EnglishAccepted], [t].[JiraLink], [t].[LastSyncDate], [t].[Level], [t].[ModuleId], [t].[PartNumber], [t].[Priority], [t].[ReactivityDuration], [t].[ReferenceKZ], [t].[ReferenceSTLA], [t].[ResolvedAtUtc], [t].[SiteId], [t].[SlaDeadlineUtc], [t].[SourceSystemId], [t].[Status], [t].[SubModule], [t].[Summary], [t].[Title], [d].[Id], [d].[CreatedAtUtc], [d].[Description], [d].[Name], [s].[Id], [s].[ApiEndpoint], [s].[CreatedAtUtc], [s].[LastImportDate], [s].[Name]
      FROM [Tickets] AS [t]
      LEFT JOIN [Domains] AS [d] ON [t].[DomainId] = [d].[Id]
      INNER JOIN [SourceSystems] AS [s] ON [t].[SourceSystemId] = [s].[Id]
      WHERE [t].[Status] = 0 AND [t].[AssigneeId] IS NULL
      ORDER BY [t].[CreatedAtUtc] DESC
info: Microsoft.EntityFrameworkCore.Database.Command[20101]
      Executed DbCommand (40ms) [Parameters=[@CurrentUserId='?' (DbType = Guid)], CommandType='Text', CommandTimeout='30']
      SELECT COUNT(*)
      FROM [Notifications] AS [n]
      WHERE [n].[UserId] = @CurrentUserId AND [n].[Read] = CAST(0 AS bit)
info: Microsoft.EntityFrameworkCore.Database.Command[20101]
      Executed DbCommand (16ms) [Parameters=[@userId='?' (DbType = Guid)], CommandType='Text', CommandTimeout='30']
      SELECT [t].[Status]
      FROM [Tickets] AS [t]
      WHERE [t].[AssigneeId] = @userId
info: Microsoft.EntityFrameworkCore.Database.Command[20101]
      Executed DbCommand (29ms) [Parameters=[], CommandType='Text', CommandTimeout='30']
      SELECT [t].[Id], [t].[AiSuggestedRoute], [t].[ApplicantFirstName], [t].[ApplicantId], [t].[ApplicantLastName], [t].[Application], [t].[AssigneeId], [t].[ClosingDate], [t].[CreatedAtUtc], [t].[Description], [t].[DomainId], [t].[EcrNumber], [t].[EnglishAccepted], [t].[JiraLink], [t].[LastSyncDate], [t].[Level], [t].[ModuleId], [t].[PartNumber], [t].[Priority], [t].[ReactivityDuration], [t].[ReferenceKZ], [t].[ReferenceSTLA], [t].[ResolvedAtUtc], [t].[SiteId], [t].[SlaDeadlineUtc], [t].[SourceSystemId], [t].[Status], [t].[SubModule], [t].[Summary], [t].[Title], [d].[Id], [d].[CreatedAtUtc], [d].[Description], [d].[Name], [s].[Id], [s].[ApiEndpoint], [s].[CreatedAtUtc], [s].[LastImportDate], [s].[Name]
      FROM [Tickets] AS [t]
      LEFT JOIN [Domains] AS [d] ON [t].[DomainId] = [d].[Id]
      INNER JOIN [SourceSystems] AS [s] ON [t].[SourceSystemId] = [s].[Id]
      WHERE [t].[Status] = 0 AND [t].[AssigneeId] IS NULL
      ORDER BY [t].[CreatedAtUtc] DESC
info: Microsoft.EntityFrameworkCore.Database.Command[20101]
      Executed DbCommand (12ms) [Parameters=[@userId='?' (DbType = Guid)], CommandType='Text', CommandTimeout='30']
      SELECT [t].[Id], [t].[AiSuggestedRoute], [t].[ApplicantFirstName], [t].[ApplicantId], [t].[ApplicantLastName], [t].[Application], [t].[AssigneeId], [t].[ClosingDate], [t].[CreatedAtUtc], [t].[Description], [t].[DomainId], [t].[EcrNumber], [t].[EnglishAccepted], [t].[JiraLink], [t].[LastSyncDate], [t].[Level], [t].[ModuleId], [t].[PartNumber], [t].[Priority], [t].[ReactivityDuration], [t].[ReferenceKZ], [t].[ReferenceSTLA], [t].[ResolvedAtUtc], [t].[SiteId], [t].[SlaDeadlineUtc], [t].[SourceSystemId], [t].[Status], [t].[SubModule], [t].[Summary], [t].[Title], [d].[Id], [d].[CreatedAtUtc], [d].[Description], [d].[Name], [s].[Id], [s].[ApiEndpoint], [s].[CreatedAtUtc], [s].[LastImportDate], [s].[Name]
      FROM [Tickets] AS [t]
      LEFT JOIN [Domains] AS [d] ON [t].[DomainId] = [d].[Id]
      INNER JOIN [SourceSystems] AS [s] ON [t].[SourceSystemId] = [s].[Id]
      WHERE [t].[AssigneeId] = @userId
      ORDER BY [t].[CreatedAtUtc] DESC
info: Microsoft.EntityFrameworkCore.Database.Command[20101]
      Executed DbCommand (71ms) [Parameters=[@warningCutoff='?' (DbType = DateTime2)], CommandType='Text', CommandTimeout='30']
      SELECT [t].[Id], [t].[AiSuggestedRoute], [t].[ApplicantFirstName], [t].[ApplicantId], [t].[ApplicantLastName], [t].[Application], [t].[AssigneeId], [t].[ClosingDate], [t].[CreatedAtUtc], [t].[Description], [t].[DomainId], [t].[EcrNumber], [t].[EnglishAccepted], [t].[JiraLink], [t].[LastSyncDate], [t].[Level], [t].[ModuleId], [t].[PartNumber], [t].[Priority], [t].[ReactivityDuration], [t].[ReferenceKZ], [t].[ReferenceSTLA], [t].[ResolvedAtUtc], [t].[SiteId], [t].[SlaDeadlineUtc], [t].[SourceSystemId], [t].[Status], [t].[SubModule], [t].[Summary], [t].[Title]
      FROM [Tickets] AS [t]
      WHERE [t].[AssigneeId] IS NOT NULL AND [t].[Status] IN (1, 2) AND [t].[SlaDeadlineUtc] <= @warningCutoff
info: Microsoft.EntityFrameworkCore.Database.Command[20101]
      Executed DbCommand (19ms) [Parameters=[@_8__locals1_ticket_Id='?' (DbType = Guid), @_8__locals1_ticket_AssigneeId='?' (DbType = Guid), @type='?' (Size = 255)], CommandType='Text', CommandTimeout='30']
      SELECT CASE
          WHEN EXISTS (
              SELECT 1
              FROM [Notifications] AS [n]
              WHERE [n].[TicketId] = @_8__locals1_ticket_Id AND [n].[UserId] = @_8__locals1_ticket_AssigneeId AND [n].[Type] = @type) THEN CAST(1 AS bit)
          ELSE CAST(0 AS bit)
      END
info: Microsoft.EntityFrameworkCore.Database.Command[20101]
      Executed DbCommand (1ms) [Parameters=[@_8__locals1_ticket_Id='?' (DbType = Guid), @_8__locals1_ticket_AssigneeId='?' (DbType = Guid), @type='?' (Size = 255)], CommandType='Text', CommandTimeout='30']
      SELECT CASE
          WHEN EXISTS (
              SELECT 1
              FROM [Notifications] AS [n]
              WHERE [n].[TicketId] = @_8__locals1_ticket_Id AND [n].[UserId] = @_8__locals1_ticket_AssigneeId AND [n].[Type] = @type) THEN CAST(1 AS bit)
          ELSE CAST(0 AS bit)
      END
info: Microsoft.EntityFrameworkCore.Database.Command[20101]
      Executed DbCommand (0ms) [Parameters=[@_8__locals1_ticket_Id='?' (DbType = Guid), @_8__locals1_ticket_AssigneeId='?' (DbType = Guid), @type='?' (Size = 255)], CommandType='Text', CommandTimeout='30']
      SELECT CASE
          WHEN EXISTS (
              SELECT 1
              FROM [Notifications] AS [n]
              WHERE [n].[TicketId] = @_8__locals1_ticket_Id AND [n].[UserId] = @_8__locals1_ticket_AssigneeId AND [n].[Type] = @type) THEN CAST(1 AS bit)
          ELSE CAST(0 AS bit)
      END
info: Microsoft.EntityFrameworkCore.Database.Command[20101]
      Executed DbCommand (0ms) [Parameters=[@_8__locals1_ticket_Id='?' (DbType = Guid), @_8__locals1_ticket_AssigneeId='?' (DbType = Guid), @type='?' (Size = 255)], CommandType='Text', CommandTimeout='30']
      SELECT CASE
          WHEN EXISTS (
              SELECT 1
              FROM [Notifications] AS [n]
              WHERE [n].[TicketId] = @_8__locals1_ticket_Id AND [n].[UserId] = @_8__locals1_ticket_AssigneeId AND [n].[Type] = @type) THEN CAST(1 AS bit)
          ELSE CAST(0 AS bit)
      END
info: Microsoft.EntityFrameworkCore.Database.Command[20101]
      Executed DbCommand (0ms) [Parameters=[@_8__locals1_ticket_Id='?' (DbType = Guid), @_8__locals1_ticket_AssigneeId='?' (DbType = Guid), @type='?' (Size = 255)], CommandType='Text', CommandTimeout='30']
      SELECT CASE
          WHEN EXISTS (
              SELECT 1
              FROM [Notifications] AS [n]
              WHERE [n].[TicketId] = @_8__locals1_ticket_Id AND [n].[UserId] = @_8__locals1_ticket_AssigneeId AND [n].[Type] = @type) THEN CAST(1 AS bit)
          ELSE CAST(0 AS bit)
      END
info: Microsoft.EntityFrameworkCore.Database.Command[20101]
      Executed DbCommand (0ms) [Parameters=[@_8__locals1_ticket_Id='?' (DbType = Guid), @_8__locals1_ticket_AssigneeId='?' (DbType = Guid), @type='?' (Size = 255)], CommandType='Text', CommandTimeout='30']
      SELECT CASE
          WHEN EXISTS (
              SELECT 1
              FROM [Notifications] AS [n]
              WHERE [n].[TicketId] = @_8__locals1_ticket_Id AND [n].[UserId] = @_8__locals1_ticket_AssigneeId AND [n].[Type] = @type) THEN CAST(1 AS bit)
          ELSE CAST(0 AS bit)
      END
info: Microsoft.EntityFrameworkCore.Database.Command[20101]
      Executed DbCommand (0ms) [Parameters=[@_8__locals1_ticket_Id='?' (DbType = Guid), @_8__locals1_ticket_AssigneeId='?' (DbType = Guid), @type='?' (Size = 255)], CommandType='Text', CommandTimeout='30']
      SELECT CASE
          WHEN EXISTS (
              SELECT 1
              FROM [Notifications] AS [n]
              WHERE [n].[TicketId] = @_8__locals1_ticket_Id AND [n].[UserId] = @_8__locals1_ticket_AssigneeId AND [n].[Type] = @type) THEN CAST(1 AS bit)
          ELSE CAST(0 AS bit)
      END
info: Microsoft.EntityFrameworkCore.Database.Command[20101]
      Executed DbCommand (0ms) [Parameters=[@_8__locals1_ticket_Id='?' (DbType = Guid), @_8__locals1_ticket_AssigneeId='?' (DbType = Guid), @type='?' (Size = 255)], CommandType='Text', CommandTimeout='30']
      SELECT CASE
          WHEN EXISTS (
              SELECT 1
              FROM [Notifications] AS [n]
              WHERE [n].[TicketId] = @_8__locals1_ticket_Id AND [n].[UserId] = @_8__locals1_ticket_AssigneeId AND [n].[Type] = @type) THEN CAST(1 AS bit)
          ELSE CAST(0 AS bit)
      END
info: Microsoft.EntityFrameworkCore.Database.Command[20101]
      Executed DbCommand (0ms) [Parameters=[@_8__locals1_ticket_Id='?' (DbType = Guid), @_8__locals1_ticket_AssigneeId='?' (DbType = Guid), @type='?' (Size = 255)], CommandType='Text', CommandTimeout='30']
      SELECT CASE
          WHEN EXISTS (
              SELECT 1
              FROM [Notifications] AS [n]
              WHERE [n].[TicketId] = @_8__locals1_ticket_Id AND [n].[UserId] = @_8__locals1_ticket_AssigneeId AND [n].[Type] = @type) THEN CAST(1 AS bit)
          ELSE CAST(0 AS bit)
      END
info: Microsoft.EntityFrameworkCore.Database.Command[20101]
      Executed DbCommand (0ms) [Parameters=[@_8__locals1_ticket_Id='?' (DbType = Guid), @_8__locals1_ticket_AssigneeId='?' (DbType = Guid), @type='?' (Size = 255)], CommandType='Text', CommandTimeout='30']
      SELECT CASE
          WHEN EXISTS (
              SELECT 1
              FROM [Notifications] AS [n]
              WHERE [n].[TicketId] = @_8__locals1_ticket_Id AND [n].[UserId] = @_8__locals1_ticket_AssigneeId AND [n].[Type] = @type) THEN CAST(1 AS bit)
          ELSE CAST(0 AS bit)
      END
info: Microsoft.EntityFrameworkCore.Database.Command[20101]
      Executed DbCommand (0ms) [Parameters=[@_8__locals1_ticket_Id='?' (DbType = Guid), @_8__locals1_ticket_AssigneeId='?' (DbType = Guid), @type='?' (Size = 255)], CommandType='Text', CommandTimeout='30']
      SELECT CASE
          WHEN EXISTS (
              SELECT 1
              FROM [Notifications] AS [n]
              WHERE [n].[TicketId] = @_8__locals1_ticket_Id AND [n].[UserId] = @_8__locals1_ticket_AssigneeId AND [n].[Type] = @type) THEN CAST(1 AS bit)
          ELSE CAST(0 AS bit)
      END
info: Microsoft.EntityFrameworkCore.Database.Command[20101]
      Executed DbCommand (0ms) [Parameters=[@_8__locals1_ticket_Id='?' (DbType = Guid), @_8__locals1_ticket_AssigneeId='?' (DbType = Guid), @type='?' (Size = 255)], CommandType='Text', CommandTimeout='30']
      SELECT CASE
          WHEN EXISTS (
              SELECT 1
              FROM [Notifications] AS [n]
              WHERE [n].[TicketId] = @_8__locals1_ticket_Id AND [n].[UserId] = @_8__locals1_ticket_AssigneeId AND [n].[Type] = @type) THEN CAST(1 AS bit)
          ELSE CAST(0 AS bit)
      END
info: Microsoft.EntityFrameworkCore.Database.Command[20101]
      Executed DbCommand (0ms) [Parameters=[@_8__locals1_ticket_Id='?' (DbType = Guid), @_8__locals1_ticket_AssigneeId='?' (DbType = Guid), @type='?' (Size = 255)], CommandType='Text', CommandTimeout='30']
      SELECT CASE
          WHEN EXISTS (
              SELECT 1
              FROM [Notifications] AS [n]
              WHERE [n].[TicketId] = @_8__locals1_ticket_Id AND [n].[UserId] = @_8__locals1_ticket_AssigneeId AND [n].[Type] = @type) THEN CAST(1 AS bit)
          ELSE CAST(0 AS bit)
      END
info: Microsoft.EntityFrameworkCore.Database.Command[20101]
      Executed DbCommand (0ms) [Parameters=[@_8__locals1_ticket_Id='?' (DbType = Guid), @_8__locals1_ticket_AssigneeId='?' (DbType = Guid), @type='?' (Size = 255)], CommandType='Text', CommandTimeout='30']
      SELECT CASE
          WHEN EXISTS (
              SELECT 1
              FROM [Notifications] AS [n]
              WHERE [n].[TicketId] = @_8__locals1_ticket_Id AND [n].[UserId] = @_8__locals1_ticket_AssigneeId AND [n].[Type] = @type) THEN CAST(1 AS bit)
          ELSE CAST(0 AS bit)
      END
info: Microsoft.EntityFrameworkCore.Database.Command[20101]
      Executed DbCommand (0ms) [Parameters=[@_8__locals1_ticket_Id='?' (DbType = Guid), @_8__locals1_ticket_AssigneeId='?' (DbType = Guid), @type='?' (Size = 255)], CommandType='Text', CommandTimeout='30']
      SELECT CASE
          WHEN EXISTS (
              SELECT 1
              FROM [Notifications] AS [n]
              WHERE [n].[TicketId] = @_8__locals1_ticket_Id AND [n].[UserId] = @_8__locals1_ticket_AssigneeId AND [n].[Type] = @type) THEN CAST(1 AS bit)
          ELSE CAST(0 AS bit)
      END
info: Microsoft.EntityFrameworkCore.Database.Command[20101]
      Executed DbCommand (0ms) [Parameters=[@_8__locals1_ticket_Id='?' (DbType = Guid), @_8__locals1_ticket_AssigneeId='?' (DbType = Guid), @type='?' (Size = 255)], CommandType='Text', CommandTimeout='30']
      SELECT CASE
          WHEN EXISTS (
              SELECT 1
              FROM [Notifications] AS [n]
              WHERE [n].[TicketId] = @_8__locals1_ticket_Id AND [n].[UserId] = @_8__locals1_ticket_AssigneeId AND [n].[Type] = @type) THEN CAST(1 AS bit)
          ELSE CAST(0 AS bit)
      END
info: Microsoft.EntityFrameworkCore.Database.Command[20101]
      Executed DbCommand (1ms) [Parameters=[@_8__locals1_ticket_Id='?' (DbType = Guid), @_8__locals1_ticket_AssigneeId='?' (DbType = Guid), @type='?' (Size = 255)], CommandType='Text', CommandTimeout='30']
      SELECT CASE
          WHEN EXISTS (
              SELECT 1
              FROM [Notifications] AS [n]
              WHERE [n].[TicketId] = @_8__locals1_ticket_Id AND [n].[UserId] = @_8__locals1_ticket_AssigneeId AND [n].[Type] = @type) THEN CAST(1 AS bit)
          ELSE CAST(0 AS bit)
      END
info: Microsoft.EntityFrameworkCore.Database.Command[20101]
      Executed DbCommand (0ms) [Parameters=[@_8__locals1_ticket_Id='?' (DbType = Guid), @_8__locals1_ticket_AssigneeId='?' (DbType = Guid), @type='?' (Size = 255)], CommandType='Text', CommandTimeout='30']
      SELECT CASE
          WHEN EXISTS (
              SELECT 1
              FROM [Notifications] AS [n]
              WHERE [n].[TicketId] = @_8__locals1_ticket_Id AND [n].[UserId] = @_8__locals1_ticket_AssigneeId AND [n].[Type] = @type) THEN CAST(1 AS bit)
          ELSE CAST(0 AS bit)
      END
info: Microsoft.EntityFrameworkCore.Database.Command[20101]
      Executed DbCommand (0ms) [Parameters=[@_8__locals1_ticket_Id='?' (DbType = Guid), @_8__locals1_ticket_AssigneeId='?' (DbType = Guid), @type='?' (Size = 255)], CommandType='Text', CommandTimeout='30']
      SELECT CASE
          WHEN EXISTS (
              SELECT 1
              FROM [Notifications] AS [n]
              WHERE [n].[TicketId] = @_8__locals1_ticket_Id AND [n].[UserId] = @_8__locals1_ticket_AssigneeId AND [n].[Type] = @type) THEN CAST(1 AS bit)
          ELSE CAST(0 AS bit)
      END
info: Microsoft.EntityFrameworkCore.Database.Command[20101]
      Executed DbCommand (0ms) [Parameters=[@_8__locals1_ticket_Id='?' (DbType = Guid), @_8__locals1_ticket_AssigneeId='?' (DbType = Guid), @type='?' (Size = 255)], CommandType='Text', CommandTimeout='30']
      SELECT CASE
          WHEN EXISTS (
              SELECT 1
              FROM [Notifications] AS [n]
              WHERE [n].[TicketId] = @_8__locals1_ticket_Id AND [n].[UserId] = @_8__locals1_ticket_AssigneeId AND [n].[Type] = @type) THEN CAST(1 AS bit)
          ELSE CAST(0 AS bit)
      END
info: Microsoft.EntityFrameworkCore.Database.Command[20101]
      Executed DbCommand (0ms) [Parameters=[@_8__locals1_ticket_Id='?' (DbType = Guid), @_8__locals1_ticket_AssigneeId='?' (DbType = Guid), @type='?' (Size = 255)], CommandType='Text', CommandTimeout='30']
      SELECT CASE
          WHEN EXISTS (
              SELECT 1
              FROM [Notifications] AS [n]
              WHERE [n].[TicketId] = @_8__locals1_ticket_Id AND [n].[UserId] = @_8__locals1_ticket_AssigneeId AND [n].[Type] = @type) THEN CAST(1 AS bit)
          ELSE CAST(0 AS bit)
      END
info: Microsoft.EntityFrameworkCore.Database.Command[20101]
      Executed DbCommand (0ms) [Parameters=[@_8__locals1_ticket_Id='?' (DbType = Guid), @_8__locals1_ticket_AssigneeId='?' (DbType = Guid), @type='?' (Size = 255)], CommandType='Text', CommandTimeout='30']
      SELECT CASE
          WHEN EXISTS (
              SELECT 1
              FROM [Notifications] AS [n]
              WHERE [n].[TicketId] = @_8__locals1_ticket_Id AND [n].[UserId] = @_8__locals1_ticket_AssigneeId AND [n].[Type] = @type) THEN CAST(1 AS bit)
          ELSE CAST(0 AS bit)
      END
info: Microsoft.EntityFrameworkCore.Database.Command[20101]
      Executed DbCommand (0ms) [Parameters=[@_8__locals1_ticket_Id='?' (DbType = Guid), @_8__locals1_ticket_AssigneeId='?' (DbType = Guid), @type='?' (Size = 255)], CommandType='Text', CommandTimeout='30']
      SELECT CASE
          WHEN EXISTS (
              SELECT 1
              FROM [Notifications] AS [n]
              WHERE [n].[TicketId] = @_8__locals1_ticket_Id AND [n].[UserId] = @_8__locals1_ticket_AssigneeId AND [n].[Type] = @type) THEN CAST(1 AS bit)
          ELSE CAST(0 AS bit)
      END
info: Microsoft.EntityFrameworkCore.Database.Command[20101]
      Executed DbCommand (159ms) [Parameters=[@warningCutoff='?' (DbType = DateTime2)], CommandType='Text', CommandTimeout='30']
      SELECT [t].[Id], [t].[AiSuggestedRoute], [t].[ApplicantFirstName], [t].[ApplicantId], [t].[ApplicantLastName], [t].[Application], [t].[AssigneeId], [t].[ClosingDate], [t].[CreatedAtUtc], [t].[Description], [t].[DomainId], [t].[EcrNumber], [t].[EnglishAccepted], [t].[JiraLink], [t].[LastSyncDate], [t].[Level], [t].[ModuleId], [t].[PartNumber], [t].[Priority], [t].[ReactivityDuration], [t].[ReferenceKZ], [t].[ReferenceSTLA], [t].[ResolvedAtUtc], [t].[SiteId], [t].[SlaDeadlineUtc], [t].[SourceSystemId], [t].[Status], [t].[SubModule], [t].[Summary], [t].[Title]
      FROM [Tickets] AS [t]
      WHERE [t].[AssigneeId] IS NOT NULL AND [t].[Status] IN (1, 2) AND [t].[SlaDeadlineUtc] <= @warningCutoff
info: Microsoft.EntityFrameworkCore.Database.Command[20101]
      Executed DbCommand (15ms) [Parameters=[@_8__locals1_ticket_Id='?' (DbType = Guid), @_8__locals1_ticket_AssigneeId='?' (DbType = Guid), @type='?' (Size = 255)], CommandType='Text', CommandTimeout='30']
      SELECT CASE
          WHEN EXISTS (
              SELECT 1
              FROM [Notifications] AS [n]
              WHERE [n].[TicketId] = @_8__locals1_ticket_Id AND [n].[UserId] = @_8__locals1_ticket_AssigneeId AND [n].[Type] = @type) THEN CAST(1 AS bit)
          ELSE CAST(0 AS bit)
      END
info: Microsoft.EntityFrameworkCore.Database.Command[20101]
      Executed DbCommand (1ms) [Parameters=[@_8__locals1_ticket_Id='?' (DbType = Guid), @_8__locals1_ticket_AssigneeId='?' (DbType = Guid), @type='?' (Size = 255)], CommandType='Text', CommandTimeout='30']
      SELECT CASE
          WHEN EXISTS (
              SELECT 1
              FROM [Notifications] AS [n]
              WHERE [n].[TicketId] = @_8__locals1_ticket_Id AND [n].[UserId] = @_8__locals1_ticket_AssigneeId AND [n].[Type] = @type) THEN CAST(1 AS bit)
          ELSE CAST(0 AS bit)
      END
info: Microsoft.EntityFrameworkCore.Database.Command[20101]
      Executed DbCommand (0ms) [Parameters=[@_8__locals1_ticket_Id='?' (DbType = Guid), @_8__locals1_ticket_AssigneeId='?' (DbType = Guid), @type='?' (Size = 255)], CommandType='Text', CommandTimeout='30']
      SELECT CASE
          WHEN EXISTS (
              SELECT 1
              FROM [Notifications] AS [n]
              WHERE [n].[TicketId] = @_8__locals1_ticket_Id AND [n].[UserId] = @_8__locals1_ticket_AssigneeId AND [n].[Type] = @type) THEN CAST(1 AS bit)
          ELSE CAST(0 AS bit)
      END
info: Microsoft.EntityFrameworkCore.Database.Command[20101]
      Executed DbCommand (0ms) [Parameters=[@_8__locals1_ticket_Id='?' (DbType = Guid), @_8__locals1_ticket_AssigneeId='?' (DbType = Guid), @type='?' (Size = 255)], CommandType='Text', CommandTimeout='30']
      SELECT CASE
          WHEN EXISTS (
              SELECT 1
              FROM [Notifications] AS [n]
              WHERE [n].[TicketId] = @_8__locals1_ticket_Id AND [n].[UserId] = @_8__locals1_ticket_AssigneeId AND [n].[Type] = @type) THEN CAST(1 AS bit)
          ELSE CAST(0 AS bit)
      END
info: Microsoft.EntityFrameworkCore.Database.Command[20101]
      Executed DbCommand (0ms) [Parameters=[@_8__locals1_ticket_Id='?' (DbType = Guid), @_8__locals1_ticket_AssigneeId='?' (DbType = Guid), @type='?' (Size = 255)], CommandType='Text', CommandTimeout='30']
      SELECT CASE
          WHEN EXISTS (
              SELECT 1
              FROM [Notifications] AS [n]
              WHERE [n].[TicketId] = @_8__locals1_ticket_Id AND [n].[UserId] = @_8__locals1_ticket_AssigneeId AND [n].[Type] = @type) THEN CAST(1 AS bit)
          ELSE CAST(0 AS bit)
      END
info: Microsoft.EntityFrameworkCore.Database.Command[20101]
      Executed DbCommand (0ms) [Parameters=[@_8__locals1_ticket_Id='?' (DbType = Guid), @_8__locals1_ticket_AssigneeId='?' (DbType = Guid), @type='?' (Size = 255)], CommandType='Text', CommandTimeout='30']
      SELECT CASE
          WHEN EXISTS (
              SELECT 1
              FROM [Notifications] AS [n]
              WHERE [n].[TicketId] = @_8__locals1_ticket_Id AND [n].[UserId] = @_8__locals1_ticket_AssigneeId AND [n].[Type] = @type) THEN CAST(1 AS bit)
          ELSE CAST(0 AS bit)
      END
info: Microsoft.EntityFrameworkCore.Database.Command[20101]
      Executed DbCommand (0ms) [Parameters=[@_8__locals1_ticket_Id='?' (DbType = Guid), @_8__locals1_ticket_AssigneeId='?' (DbType = Guid), @type='?' (Size = 255)], CommandType='Text', CommandTimeout='30']
      SELECT CASE
          WHEN EXISTS (
              SELECT 1
              FROM [Notifications] AS [n]
              WHERE [n].[TicketId] = @_8__locals1_ticket_Id AND [n].[UserId] = @_8__locals1_ticket_AssigneeId AND [n].[Type] = @type) THEN CAST(1 AS bit)
          ELSE CAST(0 AS bit)
      END
info: Microsoft.EntityFrameworkCore.Database.Command[20101]
      Executed DbCommand (0ms) [Parameters=[@_8__locals1_ticket_Id='?' (DbType = Guid), @_8__locals1_ticket_AssigneeId='?' (DbType = Guid), @type='?' (Size = 255)], CommandType='Text', CommandTimeout='30']
      SELECT CASE
          WHEN EXISTS (
              SELECT 1
              FROM [Notifications] AS [n]
              WHERE [n].[TicketId] = @_8__locals1_ticket_Id AND [n].[UserId] = @_8__locals1_ticket_AssigneeId AND [n].[Type] = @type) THEN CAST(1 AS bit)
          ELSE CAST(0 AS bit)
      END
info: Microsoft.EntityFrameworkCore.Database.Command[20101]
      Executed DbCommand (0ms) [Parameters=[@_8__locals1_ticket_Id='?' (DbType = Guid), @_8__locals1_ticket_AssigneeId='?' (DbType = Guid), @type='?' (Size = 255)], CommandType='Text', CommandTimeout='30']
      SELECT CASE
          WHEN EXISTS (
              SELECT 1
              FROM [Notifications] AS [n]
              WHERE [n].[TicketId] = @_8__locals1_ticket_Id AND [n].[UserId] = @_8__locals1_ticket_AssigneeId AND [n].[Type] = @type) THEN CAST(1 AS bit)
          ELSE CAST(0 AS bit)
      END
info: Microsoft.EntityFrameworkCore.Database.Command[20101]
      Executed DbCommand (0ms) [Parameters=[@_8__locals1_ticket_Id='?' (DbType = Guid), @_8__locals1_ticket_AssigneeId='?' (DbType = Guid), @type='?' (Size = 255)], CommandType='Text', CommandTimeout='30']
      SELECT CASE
          WHEN EXISTS (
              SELECT 1
              FROM [Notifications] AS [n]
              WHERE [n].[TicketId] = @_8__locals1_ticket_Id AND [n].[UserId] = @_8__locals1_ticket_AssigneeId AND [n].[Type] = @type) THEN CAST(1 AS bit)
          ELSE CAST(0 AS bit)
      END
info: Microsoft.EntityFrameworkCore.Database.Command[20101]
      Executed DbCommand (0ms) [Parameters=[@_8__locals1_ticket_Id='?' (DbType = Guid), @_8__locals1_ticket_AssigneeId='?' (DbType = Guid), @type='?' (Size = 255)], CommandType='Text', CommandTimeout='30']
      SELECT CASE
          WHEN EXISTS (
              SELECT 1
              FROM [Notifications] AS [n]
              WHERE [n].[TicketId] = @_8__locals1_ticket_Id AND [n].[UserId] = @_8__locals1_ticket_AssigneeId AND [n].[Type] = @type) THEN CAST(1 AS bit)
          ELSE CAST(0 AS bit)
      END
info: Microsoft.EntityFrameworkCore.Database.Command[20101]
      Executed DbCommand (1ms) [Parameters=[@_8__locals1_ticket_Id='?' (DbType = Guid), @_8__locals1_ticket_AssigneeId='?' (DbType = Guid), @type='?' (Size = 255)], CommandType='Text', CommandTimeout='30']
      SELECT CASE
          WHEN EXISTS (
              SELECT 1
              FROM [Notifications] AS [n]
              WHERE [n].[TicketId] = @_8__locals1_ticket_Id AND [n].[UserId] = @_8__locals1_ticket_AssigneeId AND [n].[Type] = @type) THEN CAST(1 AS bit)
          ELSE CAST(0 AS bit)
      END
info: Microsoft.EntityFrameworkCore.Database.Command[20101]
      Executed DbCommand (0ms) [Parameters=[@_8__locals1_ticket_Id='?' (DbType = Guid), @_8__locals1_ticket_AssigneeId='?' (DbType = Guid), @type='?' (Size = 255)], CommandType='Text', CommandTimeout='30']
      SELECT CASE
          WHEN EXISTS (
              SELECT 1
              FROM [Notifications] AS [n]
              WHERE [n].[TicketId] = @_8__locals1_ticket_Id AND [n].[UserId] = @_8__locals1_ticket_AssigneeId AND [n].[Type] = @type) THEN CAST(1 AS bit)
          ELSE CAST(0 AS bit)
      END
info: Microsoft.EntityFrameworkCore.Database.Command[20101]
      Executed DbCommand (1ms) [Parameters=[@_8__locals1_ticket_Id='?' (DbType = Guid), @_8__locals1_ticket_AssigneeId='?' (DbType = Guid), @type='?' (Size = 255)], CommandType='Text', CommandTimeout='30']
      SELECT CASE
          WHEN EXISTS (
              SELECT 1
              FROM [Notifications] AS [n]
              WHERE [n].[TicketId] = @_8__locals1_ticket_Id AND [n].[UserId] = @_8__locals1_ticket_AssigneeId AND [n].[Type] = @type) THEN CAST(1 AS bit)
          ELSE CAST(0 AS bit)
      END
info: Microsoft.EntityFrameworkCore.Database.Command[20101]
      Executed DbCommand (0ms) [Parameters=[@_8__locals1_ticket_Id='?' (DbType = Guid), @_8__locals1_ticket_AssigneeId='?' (DbType = Guid), @type='?' (Size = 255)], CommandType='Text', CommandTimeout='30']
      SELECT CASE
          WHEN EXISTS (
              SELECT 1
              FROM [Notifications] AS [n]
              WHERE [n].[TicketId] = @_8__locals1_ticket_Id AND [n].[UserId] = @_8__locals1_ticket_AssigneeId AND [n].[Type] = @type) THEN CAST(1 AS bit)
          ELSE CAST(0 AS bit)
      END
info: Microsoft.EntityFrameworkCore.Database.Command[20101]
      Executed DbCommand (0ms) [Parameters=[@_8__locals1_ticket_Id='?' (DbType = Guid), @_8__locals1_ticket_AssigneeId='?' (DbType = Guid), @type='?' (Size = 255)], CommandType='Text', CommandTimeout='30']
      SELECT CASE
          WHEN EXISTS (
              SELECT 1
              FROM [Notifications] AS [n]
              WHERE [n].[TicketId] = @_8__locals1_ticket_Id AND [n].[UserId] = @_8__locals1_ticket_AssigneeId AND [n].[Type] = @type) THEN CAST(1 AS bit)
          ELSE CAST(0 AS bit)
      END
info: Microsoft.EntityFrameworkCore.Database.Command[20101]
      Executed DbCommand (1ms) [Parameters=[@_8__locals1_ticket_Id='?' (DbType = Guid), @_8__locals1_ticket_AssigneeId='?' (DbType = Guid), @type='?' (Size = 255)], CommandType='Text', CommandTimeout='30']
      SELECT CASE
          WHEN EXISTS (
              SELECT 1
              FROM [Notifications] AS [n]
              WHERE [n].[TicketId] = @_8__locals1_ticket_Id AND [n].[UserId] = @_8__locals1_ticket_AssigneeId AND [n].[Type] = @type) THEN CAST(1 AS bit)
          ELSE CAST(0 AS bit)
      END
info: Microsoft.EntityFrameworkCore.Database.Command[20101]
      Executed DbCommand (0ms) [Parameters=[@_8__locals1_ticket_Id='?' (DbType = Guid), @_8__locals1_ticket_AssigneeId='?' (DbType = Guid), @type='?' (Size = 255)], CommandType='Text', CommandTimeout='30']
      SELECT CASE
          WHEN EXISTS (
              SELECT 1
              FROM [Notifications] AS [n]
              WHERE [n].[TicketId] = @_8__locals1_ticket_Id AND [n].[UserId] = @_8__locals1_ticket_AssigneeId AND [n].[Type] = @type) THEN CAST(1 AS bit)
          ELSE CAST(0 AS bit)
      END
info: Microsoft.EntityFrameworkCore.Database.Command[20101]
      Executed DbCommand (0ms) [Parameters=[@_8__locals1_ticket_Id='?' (DbType = Guid), @_8__locals1_ticket_AssigneeId='?' (DbType = Guid), @type='?' (Size = 255)], CommandType='Text', CommandTimeout='30']
      SELECT CASE
          WHEN EXISTS (
              SELECT 1
              FROM [Notifications] AS [n]
              WHERE [n].[TicketId] = @_8__locals1_ticket_Id AND [n].[UserId] = @_8__locals1_ticket_AssigneeId AND [n].[Type] = @type) THEN CAST(1 AS bit)
          ELSE CAST(0 AS bit)
      END
info: Microsoft.EntityFrameworkCore.Database.Command[20101]
      Executed DbCommand (0ms) [Parameters=[@_8__locals1_ticket_Id='?' (DbType = Guid), @_8__locals1_ticket_AssigneeId='?' (DbType = Guid), @type='?' (Size = 255)], CommandType='Text', CommandTimeout='30']
      SELECT CASE
          WHEN EXISTS (
              SELECT 1
              FROM [Notifications] AS [n]
              WHERE [n].[TicketId] = @_8__locals1_ticket_Id AND [n].[UserId] = @_8__locals1_ticket_AssigneeId AND [n].[Type] = @type) THEN CAST(1 AS bit)
          ELSE CAST(0 AS bit)
      END
info: Microsoft.EntityFrameworkCore.Database.Command[20101]
      Executed DbCommand (0ms) [Parameters=[@_8__locals1_ticket_Id='?' (DbType = Guid), @_8__locals1_ticket_AssigneeId='?' (DbType = Guid), @type='?' (Size = 255)], CommandType='Text', CommandTimeout='30']
      SELECT CASE
          WHEN EXISTS (
              SELECT 1
              FROM [Notifications] AS [n]
              WHERE [n].[TicketId] = @_8__locals1_ticket_Id AND [n].[UserId] = @_8__locals1_ticket_AssigneeId AND [n].[Type] = @type) THEN CAST(1 AS bit)
          ELSE CAST(0 AS bit)
      END
info: Microsoft.EntityFrameworkCore.Database.Command[20101]
      Executed DbCommand (1ms) [Parameters=[@_8__locals1_ticket_Id='?' (DbType = Guid), @_8__locals1_ticket_AssigneeId='?' (DbType = Guid), @type='?' (Size = 255)], CommandType='Text', CommandTimeout='30']
      SELECT CASE
          WHEN EXISTS (
              SELECT 1
              FROM [Notifications] AS [n]
              WHERE [n].[TicketId] = @_8__locals1_ticket_Id AND [n].[UserId] = @_8__locals1_ticket_AssigneeId AND [n].[Type] = @type) THEN CAST(1 AS bit)
          ELSE CAST(0 AS bit)
      END
info: Microsoft.EntityFrameworkCore.Database.Command[20101]
      Executed DbCommand (0ms) [Parameters=[@_8__locals1_ticket_Id='?' (DbType = Guid), @_8__locals1_ticket_AssigneeId='?' (DbType = Guid), @type='?' (Size = 255)], CommandType='Text', CommandTimeout='30']
      SELECT CASE
          WHEN EXISTS (
              SELECT 1
              FROM [Notifications] AS [n]
              WHERE [n].[TicketId] = @_8__locals1_ticket_Id AND [n].[UserId] = @_8__locals1_ticket_AssigneeId AND [n].[Type] = @type) THEN CAST(1 AS bit)
          ELSE CAST(0 AS bit)
      END
info: Microsoft.EntityFrameworkCore.Database.Command[20101]
      Executed DbCommand (23ms) [Parameters=[@warningCutoff='?' (DbType = DateTime2)], CommandType='Text', CommandTimeout='30']
      SELECT [t].[Id], [t].[AiSuggestedRoute], [t].[ApplicantFirstName], [t].[ApplicantId], [t].[ApplicantLastName], [t].[Application], [t].[AssigneeId], [t].[ClosingDate], [t].[CreatedAtUtc], [t].[Description], [t].[DomainId], [t].[EcrNumber], [t].[EnglishAccepted], [t].[JiraLink], [t].[LastSyncDate], [t].[Level], [t].[ModuleId], [t].[PartNumber], [t].[Priority], [t].[ReactivityDuration], [t].[ReferenceKZ], [t].[ReferenceSTLA], [t].[ResolvedAtUtc], [t].[SiteId], [t].[SlaDeadlineUtc], [t].[SourceSystemId], [t].[Status], [t].[SubModule], [t].[Summary], [t].[Title]
      FROM [Tickets] AS [t]
      WHERE [t].[AssigneeId] IS NOT NULL AND [t].[Status] IN (1, 2) AND [t].[SlaDeadlineUtc] <= @warningCutoff
info: Microsoft.EntityFrameworkCore.Database.Command[20101]
      Executed DbCommand (12ms) [Parameters=[@_8__locals1_ticket_Id='?' (DbType = Guid), @_8__locals1_ticket_AssigneeId='?' (DbType = Guid), @type='?' (Size = 255)], CommandType='Text', CommandTimeout='30']
      SELECT CASE
          WHEN EXISTS (
              SELECT 1
              FROM [Notifications] AS [n]
              WHERE [n].[TicketId] = @_8__locals1_ticket_Id AND [n].[UserId] = @_8__locals1_ticket_AssigneeId AND [n].[Type] = @type) THEN CAST(1 AS bit)
          ELSE CAST(0 AS bit)
      END
info: Microsoft.EntityFrameworkCore.Database.Command[20101]
      Executed DbCommand (1ms) [Parameters=[@_8__locals1_ticket_Id='?' (DbType = Guid), @_8__locals1_ticket_AssigneeId='?' (DbType = Guid), @type='?' (Size = 255)], CommandType='Text', CommandTimeout='30']
      SELECT CASE
          WHEN EXISTS (
              SELECT 1
              FROM [Notifications] AS [n]
              WHERE [n].[TicketId] = @_8__locals1_ticket_Id AND [n].[UserId] = @_8__locals1_ticket_AssigneeId AND [n].[Type] = @type) THEN CAST(1 AS bit)
          ELSE CAST(0 AS bit)
      END
info: Microsoft.EntityFrameworkCore.Database.Command[20101]
      Executed DbCommand (0ms) [Parameters=[@_8__locals1_ticket_Id='?' (DbType = Guid), @_8__locals1_ticket_AssigneeId='?' (DbType = Guid), @type='?' (Size = 255)], CommandType='Text', CommandTimeout='30']
      SELECT CASE
          WHEN EXISTS (
              SELECT 1
              FROM [Notifications] AS [n]
              WHERE [n].[TicketId] = @_8__locals1_ticket_Id AND [n].[UserId] = @_8__locals1_ticket_AssigneeId AND [n].[Type] = @type) THEN CAST(1 AS bit)
          ELSE CAST(0 AS bit)
      END
info: Microsoft.EntityFrameworkCore.Database.Command[20101]
      Executed DbCommand (0ms) [Parameters=[@_8__locals1_ticket_Id='?' (DbType = Guid), @_8__locals1_ticket_AssigneeId='?' (DbType = Guid), @type='?' (Size = 255)], CommandType='Text', CommandTimeout='30']
      SELECT CASE
          WHEN EXISTS (
              SELECT 1
              FROM [Notifications] AS [n]
              WHERE [n].[TicketId] = @_8__locals1_ticket_Id AND [n].[UserId] = @_8__locals1_ticket_AssigneeId AND [n].[Type] = @type) THEN CAST(1 AS bit)
          ELSE CAST(0 AS bit)
      END
info: Microsoft.EntityFrameworkCore.Database.Command[20101]
      Executed DbCommand (0ms) [Parameters=[@_8__locals1_ticket_Id='?' (DbType = Guid), @_8__locals1_ticket_AssigneeId='?' (DbType = Guid), @type='?' (Size = 255)], CommandType='Text', CommandTimeout='30']
      SELECT CASE
          WHEN EXISTS (
              SELECT 1
              FROM [Notifications] AS [n]
              WHERE [n].[TicketId] = @_8__locals1_ticket_Id AND [n].[UserId] = @_8__locals1_ticket_AssigneeId AND [n].[Type] = @type) THEN CAST(1 AS bit)
          ELSE CAST(0 AS bit)
      END
info: Microsoft.EntityFrameworkCore.Database.Command[20101]
      Executed DbCommand (0ms) [Parameters=[@_8__locals1_ticket_Id='?' (DbType = Guid), @_8__locals1_ticket_AssigneeId='?' (DbType = Guid), @type='?' (Size = 255)], CommandType='Text', CommandTimeout='30']
      SELECT CASE
          WHEN EXISTS (
              SELECT 1
              FROM [Notifications] AS [n]
              WHERE [n].[TicketId] = @_8__locals1_ticket_Id AND [n].[UserId] = @_8__locals1_ticket_AssigneeId AND [n].[Type] = @type) THEN CAST(1 AS bit)
          ELSE CAST(0 AS bit)
      END
info: Microsoft.EntityFrameworkCore.Database.Command[20101]
      Executed DbCommand (0ms) [Parameters=[@_8__locals1_ticket_Id='?' (DbType = Guid), @_8__locals1_ticket_AssigneeId='?' (DbType = Guid), @type='?' (Size = 255)], CommandType='Text', CommandTimeout='30']
      SELECT CASE
          WHEN EXISTS (
              SELECT 1
              FROM [Notifications] AS [n]
              WHERE [n].[TicketId] = @_8__locals1_ticket_Id AND [n].[UserId] = @_8__locals1_ticket_AssigneeId AND [n].[Type] = @type) THEN CAST(1 AS bit)
          ELSE CAST(0 AS bit)
      END
info: Microsoft.EntityFrameworkCore.Database.Command[20101]
      Executed DbCommand (0ms) [Parameters=[@_8__locals1_ticket_Id='?' (DbType = Guid), @_8__locals1_ticket_AssigneeId='?' (DbType = Guid), @type='?' (Size = 255)], CommandType='Text', CommandTimeout='30']
      SELECT CASE
          WHEN EXISTS (
              SELECT 1
              FROM [Notifications] AS [n]
              WHERE [n].[TicketId] = @_8__locals1_ticket_Id AND [n].[UserId] = @_8__locals1_ticket_AssigneeId AND [n].[Type] = @type) THEN CAST(1 AS bit)
          ELSE CAST(0 AS bit)
      END
info: Microsoft.EntityFrameworkCore.Database.Command[20101]
      Executed DbCommand (0ms) [Parameters=[@_8__locals1_ticket_Id='?' (DbType = Guid), @_8__locals1_ticket_AssigneeId='?' (DbType = Guid), @type='?' (Size = 255)], CommandType='Text', CommandTimeout='30']
      SELECT CASE
          WHEN EXISTS (
              SELECT 1
              FROM [Notifications] AS [n]
              WHERE [n].[TicketId] = @_8__locals1_ticket_Id AND [n].[UserId] = @_8__locals1_ticket_AssigneeId AND [n].[Type] = @type) THEN CAST(1 AS bit)
          ELSE CAST(0 AS bit)
      END
info: Microsoft.EntityFrameworkCore.Database.Command[20101]
      Executed DbCommand (0ms) [Parameters=[@_8__locals1_ticket_Id='?' (DbType = Guid), @_8__locals1_ticket_AssigneeId='?' (DbType = Guid), @type='?' (Size = 255)], CommandType='Text', CommandTimeout='30']
      SELECT CASE
          WHEN EXISTS (
              SELECT 1
              FROM [Notifications] AS [n]
              WHERE [n].[TicketId] = @_8__locals1_ticket_Id AND [n].[UserId] = @_8__locals1_ticket_AssigneeId AND [n].[Type] = @type) THEN CAST(1 AS bit)
          ELSE CAST(0 AS bit)
      END
info: Microsoft.EntityFrameworkCore.Database.Command[20101]
      Executed DbCommand (0ms) [Parameters=[@_8__locals1_ticket_Id='?' (DbType = Guid), @_8__locals1_ticket_AssigneeId='?' (DbType = Guid), @type='?' (Size = 255)], CommandType='Text', CommandTimeout='30']
      SELECT CASE
          WHEN EXISTS (
              SELECT 1
              FROM [Notifications] AS [n]
              WHERE [n].[TicketId] = @_8__locals1_ticket_Id AND [n].[UserId] = @_8__locals1_ticket_AssigneeId AND [n].[Type] = @type) THEN CAST(1 AS bit)
          ELSE CAST(0 AS bit)
      END
info: Microsoft.EntityFrameworkCore.Database.Command[20101]
      Executed DbCommand (0ms) [Parameters=[@_8__locals1_ticket_Id='?' (DbType = Guid), @_8__locals1_ticket_AssigneeId='?' (DbType = Guid), @type='?' (Size = 255)], CommandType='Text', CommandTimeout='30']
      SELECT CASE
          WHEN EXISTS (
              SELECT 1
              FROM [Notifications] AS [n]
              WHERE [n].[TicketId] = @_8__locals1_ticket_Id AND [n].[UserId] = @_8__locals1_ticket_AssigneeId AND [n].[Type] = @type) THEN CAST(1 AS bit)
          ELSE CAST(0 AS bit)
      END
info: Microsoft.EntityFrameworkCore.Database.Command[20101]
      Executed DbCommand (0ms) [Parameters=[@_8__locals1_ticket_Id='?' (DbType = Guid), @_8__locals1_ticket_AssigneeId='?' (DbType = Guid), @type='?' (Size = 255)], CommandType='Text', CommandTimeout='30']
      SELECT CASE
          WHEN EXISTS (
              SELECT 1
              FROM [Notifications] AS [n]
              WHERE [n].[TicketId] = @_8__locals1_ticket_Id AND [n].[UserId] = @_8__locals1_ticket_AssigneeId AND [n].[Type] = @type) THEN CAST(1 AS bit)
          ELSE CAST(0 AS bit)
      END
info: Microsoft.EntityFrameworkCore.Database.Command[20101]
      Executed DbCommand (0ms) [Parameters=[@_8__locals1_ticket_Id='?' (DbType = Guid), @_8__locals1_ticket_AssigneeId='?' (DbType = Guid), @type='?' (Size = 255)], CommandType='Text', CommandTimeout='30']
      SELECT CASE
          WHEN EXISTS (
              SELECT 1
              FROM [Notifications] AS [n]
              WHERE [n].[TicketId] = @_8__locals1_ticket_Id AND [n].[UserId] = @_8__locals1_ticket_AssigneeId AND [n].[Type] = @type) THEN CAST(1 AS bit)
          ELSE CAST(0 AS bit)
      END
info: Microsoft.EntityFrameworkCore.Database.Command[20101]
      Executed DbCommand (0ms) [Parameters=[@_8__locals1_ticket_Id='?' (DbType = Guid), @_8__locals1_ticket_AssigneeId='?' (DbType = Guid), @type='?' (Size = 255)], CommandType='Text', CommandTimeout='30']
      SELECT CASE
          WHEN EXISTS (
              SELECT 1
              FROM [Notifications] AS [n]
              WHERE [n].[TicketId] = @_8__locals1_ticket_Id AND [n].[UserId] = @_8__locals1_ticket_AssigneeId AND [n].[Type] = @type) THEN CAST(1 AS bit)
          ELSE CAST(0 AS bit)
      END
info: Microsoft.EntityFrameworkCore.Database.Command[20101]
      Executed DbCommand (0ms) [Parameters=[@_8__locals1_ticket_Id='?' (DbType = Guid), @_8__locals1_ticket_AssigneeId='?' (DbType = Guid), @type='?' (Size = 255)], CommandType='Text', CommandTimeout='30']
      SELECT CASE
          WHEN EXISTS (
              SELECT 1
              FROM [Notifications] AS [n]
              WHERE [n].[TicketId] = @_8__locals1_ticket_Id AND [n].[UserId] = @_8__locals1_ticket_AssigneeId AND [n].[Type] = @type) THEN CAST(1 AS bit)
          ELSE CAST(0 AS bit)
      END
info: Microsoft.EntityFrameworkCore.Database.Command[20101]
      Executed DbCommand (0ms) [Parameters=[@_8__locals1_ticket_Id='?' (DbType = Guid), @_8__locals1_ticket_AssigneeId='?' (DbType = Guid), @type='?' (Size = 255)], CommandType='Text', CommandTimeout='30']
      SELECT CASE
          WHEN EXISTS (
              SELECT 1
              FROM [Notifications] AS [n]
              WHERE [n].[TicketId] = @_8__locals1_ticket_Id AND [n].[UserId] = @_8__locals1_ticket_AssigneeId AND [n].[Type] = @type) THEN CAST(1 AS bit)
          ELSE CAST(0 AS bit)
      END
info: Microsoft.EntityFrameworkCore.Database.Command[20101]
      Executed DbCommand (0ms) [Parameters=[@_8__locals1_ticket_Id='?' (DbType = Guid), @_8__locals1_ticket_AssigneeId='?' (DbType = Guid), @type='?' (Size = 255)], CommandType='Text', CommandTimeout='30']
      SELECT CASE
          WHEN EXISTS (
              SELECT 1
              FROM [Notifications] AS [n]
              WHERE [n].[TicketId] = @_8__locals1_ticket_Id AND [n].[UserId] = @_8__locals1_ticket_AssigneeId AND [n].[Type] = @type) THEN CAST(1 AS bit)
          ELSE CAST(0 AS bit)
      END
info: Microsoft.EntityFrameworkCore.Database.Command[20101]
      Executed DbCommand (0ms) [Parameters=[@_8__locals1_ticket_Id='?' (DbType = Guid), @_8__locals1_ticket_AssigneeId='?' (DbType = Guid), @type='?' (Size = 255)], CommandType='Text', CommandTimeout='30']
      SELECT CASE
          WHEN EXISTS (
              SELECT 1
              FROM [Notifications] AS [n]
              WHERE [n].[TicketId] = @_8__locals1_ticket_Id AND [n].[UserId] = @_8__locals1_ticket_AssigneeId AND [n].[Type] = @type) THEN CAST(1 AS bit)
          ELSE CAST(0 AS bit)
      END
info: Microsoft.EntityFrameworkCore.Database.Command[20101]
      Executed DbCommand (0ms) [Parameters=[@_8__locals1_ticket_Id='?' (DbType = Guid), @_8__locals1_ticket_AssigneeId='?' (DbType = Guid), @type='?' (Size = 255)], CommandType='Text', CommandTimeout='30']
      SELECT CASE
          WHEN EXISTS (
              SELECT 1
              FROM [Notifications] AS [n]
              WHERE [n].[TicketId] = @_8__locals1_ticket_Id AND [n].[UserId] = @_8__locals1_ticket_AssigneeId AND [n].[Type] = @type) THEN CAST(1 AS bit)
          ELSE CAST(0 AS bit)
      END
info: Microsoft.EntityFrameworkCore.Database.Command[20101]
      Executed DbCommand (0ms) [Parameters=[@_8__locals1_ticket_Id='?' (DbType = Guid), @_8__locals1_ticket_AssigneeId='?' (DbType = Guid), @type='?' (Size = 255)], CommandType='Text', CommandTimeout='30']
      SELECT CASE
          WHEN EXISTS (
              SELECT 1
              FROM [Notifications] AS [n]
              WHERE [n].[TicketId] = @_8__locals1_ticket_Id AND [n].[UserId] = @_8__locals1_ticket_AssigneeId AND [n].[Type] = @type) THEN CAST(1 AS bit)
          ELSE CAST(0 AS bit)
      END
info: Microsoft.EntityFrameworkCore.Database.Command[20101]
      Executed DbCommand (0ms) [Parameters=[@_8__locals1_ticket_Id='?' (DbType = Guid), @_8__locals1_ticket_AssigneeId='?' (DbType = Guid), @type='?' (Size = 255)], CommandType='Text', CommandTimeout='30']
      SELECT CASE
          WHEN EXISTS (
              SELECT 1
              FROM [Notifications] AS [n]
              WHERE [n].[TicketId] = @_8__locals1_ticket_Id AND [n].[UserId] = @_8__locals1_ticket_AssigneeId AND [n].[Type] = @type) THEN CAST(1 AS bit)
          ELSE CAST(0 AS bit)
      END
info: Microsoft.EntityFrameworkCore.Database.Command[20101]
      Executed DbCommand (0ms) [Parameters=[@_8__locals1_ticket_Id='?' (DbType = Guid), @_8__locals1_ticket_AssigneeId='?' (DbType = Guid), @type='?' (Size = 255)], CommandType='Text', CommandTimeout='30']
      SELECT CASE
          WHEN EXISTS (
              SELECT 1
              FROM [Notifications] AS [n]
              WHERE [n].[TicketId] = @_8__locals1_ticket_Id AND [n].[UserId] = @_8__locals1_ticket_AssigneeId AND [n].[Type] = @type) THEN CAST(1 AS bit)
          ELSE CAST(0 AS bit)
      END
